source_dataset,preprocessed_image_path,classification,binary_class,source_subjectID,split
cmmd,Preprocessed_Dataset/cmmd/cmmd_0.jpg,Benign,non-cancer,D1-0001,train
cmmd,Preprocessed_Dataset/cmmd/cmmd_1.jpg,Benign,non-cancer,D1-0002,train
cmmd,Preprocessed_Dataset/cmmd/cmmd_2.jpg,Benign,non-cancer,D1-0003,val
cmmd,Preprocessed_Dataset/cmmd/cmmd_3.jpg,Benign,non-cancer,D1-0004,test
cmmd,Preprocessed_Dataset/cmmd/cmmd_4.jpg,Benign,non-cancer,D1-0005,train
cmmd,Preprocessed_Dataset/cmmd/cmmd_5.jpg,Benign,non-cancer,D1-0006,train
cmmd,Preprocessed_Dataset/cmmd/cmmd_6.jpg,Benign,non-cancer,D1-0007,test
cmmd,Preprocessed_Dataset/cmmd/cmmd_7.jpg,Benign,non-cancer,D1-0008,train
cmmd,Preprocessed_Dataset/cmmd/cmmd_8.jpg,Benign,non-cancer,D1-0009,train
cmmd,Preprocessed_Dataset/cmmd/cmmd_9.jpg,Benign,non-cancer,D1-0010,train
cmmd,Preprocessed_Dataset/cmmd/cmmd_10.jpg,Benign,non-cancer,D1-0011,test
cmmd,Preprocessed_Dataset/cmmd/cmmd_11.jpg,Benign,non-cancer,D1-0012,val
cmmd,Preprocessed_Dataset/cmmd/cmmd_12.jpg,Benign,non-cancer,D1-0013,train
cmmd,Preprocessed_Dataset/cmmd/cmmd_13.jpg,Benign,non-cancer,D1-0014,val
cmmd,Preprocessed_Dataset/cmmd/cmmd_14.jpg,Benign,non-cancer,D1-0015,val
cmmd,Preprocessed_Dataset/cmmd/cmmd_15.jpg,Benign,non-cancer,D1-0016,test
cmmd,Preprocessed_Dataset/cmmd/cmmd_16.jpg,Benign,non-cancer,D1-0017,val
cmmd,Preprocessed_Dataset/cmmd/cmmd_17.jpg,Benign,non-cancer,D1-0018,train
cmmd,Preprocessed_Dataset/cmmd/cmmd_18.jpg,Benign,non-cancer,D1-0019,train
cmmd,Preprocessed_Dataset/cmmd/cmmd_19.jpg,Benign,non-cancer,D1-0020,train
cmmd,Preprocessed_Dataset/cmmd/cmmd_20.jpg,Benign,non-cancer,D1-0021,train
cmmd,Preprocessed_Dataset/cmmd/cmmd_21.jpg,Benign,non-cancer,D1-0022,train
cmmd,Preprocessed_Dataset/cmmd/cmmd_22.jpg,Benign,non-cancer,D1-0023,train
cmmd,Preprocessed_Dataset/cmmd/cmmd_23.jpg,Benign,non-cancer,D1-0024,train
cmmd,Preprocessed_Dataset/cmmd/cmmd_24.jpg,Benign,non-cancer,D1-0025,val
cmmd,Preprocessed_Dataset/cmmd/cmmd_25.jpg,Benign,non-cancer,D1-0026,test
cmmd,Preprocessed_Dataset/cmmd/cmmd_26.jpg,Benign,non-cancer,D1-0027,train
cmmd,Preprocessed_Dataset/cmmd/cmmd_27.jpg,Benign,non-cancer,D1-0028,train
cmmd,Preprocessed_Dataset/cmmd/cmmd_28.jpg,Benign,non-cancer,D1-0029,test
cmmd,Preprocessed_Dataset/cmmd/cmmd_29.jpg,Benign,non-cancer,D1-0030,train
cmmd,Preprocessed_Dataset/cmmd/cmmd_30.jpg,Benign,non-cancer,D1-0031,train
cmmd,Preprocessed_Dataset/cmmd/cmmd_31.jpg,Benign,non-cancer,D1-0032,train
cmmd,Preprocessed_Dataset/cmmd/cmmd_32.jpg,Benign,non-cancer,D1-0033,train
cmmd,Preprocessed_Dataset/cmmd/cmmd_33.jpg,Benign,non-cancer,D1-0034,val
cmmd,Preprocessed_Dataset/cmmd/cmmd_34.jpg,Benign,non-cancer,D1-0035,train
cmmd,Preprocessed_Dataset/cmmd/cmmd_35.jpg,Benign,non-cancer,D1-0036,train
cmmd,Preprocessed_Dataset/cmmd/cmmd_36.jpg,Benign,non-cancer,D1-0037,train
cmmd,Preprocessed_Dataset/cmmd/cmmd_37.jpg,Benign,non-cancer,D1-0038,train
cmmd,Preprocessed_Dataset/cmmd/cmmd_38.jpg,Benign,non-cancer,D1-0039,test
cmmd,Preprocessed_Dataset/cmmd/cmmd_39.jpg,Benign,non-cancer,D1-0040,train
cmmd,Preprocessed_Dataset/cmmd/cmmd_40.jpg,Benign,non-cancer,D1-0041,train
cmmd,Preprocessed_Dataset/cmmd/cmmd_41.jpg,Benign,non-cancer,D1-0042,test
cmmd,Preprocessed_Dataset/cmmd/cmmd_42.jpg,Benign,non-cancer,D1-0043,train
cmmd,Preprocessed_Dataset/cmmd/cmmd_43.jpg,Malignant,cancer,D1-0045,train
cmmd,Preprocessed_Dataset/cmmd/cmmd_44.jpg,Malignant,cancer,D1-0046,test
cmmd,Preprocessed_Dataset/cmmd/cmmd_45.jpg,Malignant,cancer,D1-0047,train
cmmd,Preprocessed_Dataset/cmmd/cmmd_46.jpg,Malignant,cancer,D1-0051,train
cmmd,Preprocessed_Dataset/cmmd/cmmd_47.jpg,Malignant,cancer,D1-0053,val
cmmd,Preprocessed_Dataset/cmmd/cmmd_48.jpg,Malignant,cancer,D1-0055,train
cmmd,Preprocessed_Dataset/cmmd/cmmd_49.jpg,Malignant,cancer,D1-0056,train
cmmd,Preprocessed_Dataset/cmmd/cmmd_50.jpg,Malignant,cancer,D1-0058,train
cmmd,Preprocessed_Dataset/cmmd/cmmd_51.jpg,Malignant,cancer,D1-0059,test
cmmd,Preprocessed_Dataset/cmmd/cmmd_52.jpg,Malignant,cancer,D1-0061,train
cmmd,Preprocessed_Dataset/cmmd/cmmd_53.jpg,Malignant,cancer,D1-0063,train
cmmd,Preprocessed_Dataset/cmmd/cmmd_54.jpg,Malignant,cancer,D1-0064,train
cmmd,Preprocessed_Dataset/cmmd/cmmd_55.jpg,Malignant,cancer,D1-0067,train
cmmd,Preprocessed_Dataset/cmmd/cmmd_56.jpg,Malignant,cancer,D1-0068,val
cmmd,Preprocessed_Dataset/cmmd/cmmd_57.jpg,Malignant,cancer,D1-0070,val
cmmd,Preprocessed_Dataset/cmmd/cmmd_58.jpg,Malignant,cancer,D1-0071,train
cmmd,Preprocessed_Dataset/cmmd/cmmd_59.jpg,Malignant,cancer,D1-0075,val
cmmd,Preprocessed_Dataset/cmmd/cmmd_60.jpg,Malignant,cancer,D1-0078,val
cmmd,Preprocessed_Dataset/cmmd/cmmd_61.jpg,Malignant,cancer,D1-0084,train
cmmd,Preprocessed_Dataset/cmmd/cmmd_62.jpg,Malignant,cancer,D1-0085,test
cmmd,Preprocessed_Dataset/cmmd/cmmd_63.jpg,Benign,non-cancer,D1-0087,test
cmmd,Preprocessed_Dataset/cmmd/cmmd_64.jpg,Malignant,cancer,D1-0089,test
cmmd,Preprocessed_Dataset/cmmd/cmmd_65.jpg,Malignant,cancer,D1-0091,val
cmmd,Preprocessed_Dataset/cmmd/cmmd_66.jpg,Malignant,cancer,D1-0101,train
cmmd,Preprocessed_Dataset/cmmd/cmmd_67.jpg,Malignant,cancer,D1-0102,train
cmmd,Preprocessed_Dataset/cmmd/cmmd_68.jpg,Malignant,cancer,D1-0103,train
cmmd,Preprocessed_Dataset/cmmd/cmmd_69.jpg,Malignant,cancer,D1-0105,train
cmmd,Preprocessed_Dataset/cmmd/cmmd_70.jpg,Malignant,cancer,D1-0106,test
cmmd,Preprocessed_Dataset/cmmd/cmmd_71.jpg,Malignant,cancer,D1-0107,train
cmmd,Preprocessed_Dataset/cmmd/cmmd_72.jpg,Malignant,cancer,D1-0110,train
cmmd,Preprocessed_Dataset/cmmd/cmmd_73.jpg,Malignant,cancer,D1-0111,train
cmmd,Preprocessed_Dataset/cmmd/cmmd_74.jpg,Malignant,cancer,D1-0112,train
cmmd,Preprocessed_Dataset/cmmd/cmmd_75.jpg,Malignant,cancer,D1-0113,train
cmmd,Preprocessed_Dataset/cmmd/cmmd_76.jpg,Malignant,cancer,D1-0116,train
cmmd,Preprocessed_Dataset/cmmd/cmmd_77.jpg,Malignant,cancer,D1-0120,train
cmmd,Preprocessed_Dataset/cmmd/cmmd_78.jpg,Benign,non-cancer,D1-0121,train
cmmd,Preprocessed_Dataset/cmmd/cmmd_79.jpg,Malignant,cancer,D1-0122,test
cmmd,Preprocessed_Dataset/cmmd/cmmd_80.jpg,Malignant,cancer,D1-0124,test
cmmd,Preprocessed_Dataset/cmmd/cmmd_81.jpg,Malignant,cancer,D1-0127,train
cmmd,Preprocessed_Dataset/cmmd/cmmd_82.jpg,Malignant,cancer,D1-0129,val
cmmd,Preprocessed_Dataset/cmmd/cmmd_83.jpg,Malignant,cancer,D1-0130,test
cmmd,Preprocessed_Dataset/cmmd/cmmd_84.jpg,Malignant,cancer,D1-0131,train
cmmd,Preprocessed_Dataset/cmmd/cmmd_85.jpg,Malignant,cancer,D1-0132,val
cmmd,Preprocessed_Dataset/cmmd/cmmd_86.jpg,Malignant,cancer,D1-0133,train
cmmd,Preprocessed_Dataset/cmmd/cmmd_87.jpg,Malignant,cancer,D1-0134,train
cmmd,Preprocessed_Dataset/cmmd/cmmd_88.jpg,Malignant,cancer,D1-0135,train
cmmd,Preprocessed_Dataset/cmmd/cmmd_89.jpg,Malignant,cancer,D1-0140,train
cmmd,Preprocessed_Dataset/cmmd/cmmd_90.jpg,Malignant,cancer,D1-0142,train
cmmd,Preprocessed_Dataset/cmmd/cmmd_91.jpg,Malignant,cancer,D1-0143,test
cmmd,Preprocessed_Dataset/cmmd/cmmd_92.jpg,Malignant,cancer,D1-0147,train
cmmd,Preprocessed_Dataset/cmmd/cmmd_93.jpg,Malignant,cancer,D1-0148,train
cmmd,Preprocessed_Dataset/cmmd/cmmd_94.jpg,Malignant,cancer,D1-0149,train
cmmd,Preprocessed_Dataset/cmmd/cmmd_95.jpg,Malignant,cancer,D1-0152,test
cmmd,Preprocessed_Dataset/cmmd/cmmd_96.jpg,Malignant,cancer,D1-0154,train
cmmd,Preprocessed_Dataset/cmmd/cmmd_97.jpg,Malignant,cancer,D1-0157,val
cmmd,Preprocessed_Dataset/cmmd/cmmd_98.jpg,Malignant,cancer,D1-0161,val
cmmd,Preprocessed_Dataset/cmmd/cmmd_99.jpg,Malignant,cancer,D1-0162,train
cmmd,Preprocessed_Dataset/cmmd/cmmd_100.jpg,Malignant,cancer,D1-0163,train
cmmd,Preprocessed_Dataset/cmmd/cmmd_101.jpg,Malignant,cancer,D1-0168,train
cmmd,Preprocessed_Dataset/cmmd/cmmd_102.jpg,Malignant,cancer,D1-0169,test
cmmd,Preprocessed_Dataset/cmmd/cmmd_103.jpg,Malignant,cancer,D1-0171,train
cmmd,Preprocessed_Dataset/cmmd/cmmd_104.jpg,Malignant,cancer,D1-0173,train
cmmd,Preprocessed_Dataset/cmmd/cmmd_105.jpg,Malignant,cancer,D1-0176,train
cmmd,Preprocessed_Dataset/cmmd/cmmd_106.jpg,Malignant,cancer,D1-0178,train
cmmd,Preprocessed_Dataset/cmmd/cmmd_107.jpg,Malignant,cancer,D1-0180,train
cmmd,Preprocessed_Dataset/cmmd/cmmd_108.jpg,Malignant,cancer,D1-0181,train
cmmd,Preprocessed_Dataset/cmmd/cmmd_109.jpg,Malignant,cancer,D1-0182,test
cmmd,Preprocessed_Dataset/cmmd/cmmd_110.jpg,Malignant,cancer,D1-0183,train
cmmd,Preprocessed_Dataset/cmmd/cmmd_111.jpg,Malignant,cancer,D1-0184,train
cmmd,Preprocessed_Dataset/cmmd/cmmd_112.jpg,Malignant,cancer,D1-0188,train
cmmd,Preprocessed_Dataset/cmmd/cmmd_113.jpg,Malignant,cancer,D1-0189,train
cmmd,Preprocessed_Dataset/cmmd/cmmd_114.jpg,Malignant,cancer,D1-0191,train
cmmd,Preprocessed_Dataset/cmmd/cmmd_115.jpg,Malignant,cancer,D1-0192,train
cmmd,Preprocessed_Dataset/cmmd/cmmd_116.jpg,Malignant,cancer,D1-0194,train
cmmd,Preprocessed_Dataset/cmmd/cmmd_117.jpg,Malignant,cancer,D1-0196,train
cmmd,Preprocessed_Dataset/cmmd/cmmd_118.jpg,Malignant,cancer,D1-0199,train
cmmd,Preprocessed_Dataset/cmmd/cmmd_119.jpg,Malignant,cancer,D1-0200,train
cmmd,Preprocessed_Dataset/cmmd/cmmd_120.jpg,Malignant,cancer,D1-0201,train
cmmd,Preprocessed_Dataset/cmmd/cmmd_121.jpg,Malignant,cancer,D1-0202,train
cmmd,Preprocessed_Dataset/cmmd/cmmd_122.jpg,Benign,non-cancer,D1-0203,train
cmmd,Preprocessed_Dataset/cmmd/cmmd_123.jpg,Malignant,cancer,D1-0204,train
cmmd,Preprocessed_Dataset/cmmd/cmmd_124.jpg,Malignant,cancer,D1-0207,train
cmmd,Preprocessed_Dataset/cmmd/cmmd_125.jpg,Malignant,cancer,D1-0208,train
cmmd,Preprocessed_Dataset/cmmd/cmmd_126.jpg,Malignant,cancer,D1-0211,train
cmmd,Preprocessed_Dataset/cmmd/cmmd_127.jpg,Benign,non-cancer,D1-0213,val
cmmd,Preprocessed_Dataset/cmmd/cmmd_128.jpg,Malignant,cancer,D1-0215,train
cmmd,Preprocessed_Dataset/cmmd/cmmd_129.jpg,Malignant,cancer,D1-0217,train
cmmd,Preprocessed_Dataset/cmmd/cmmd_130.jpg,Malignant,cancer,D1-0220,train
cmmd,Preprocessed_Dataset/cmmd/cmmd_131.jpg,Benign,non-cancer,D1-0221,train
cmmd,Preprocessed_Dataset/cmmd/cmmd_132.jpg,Malignant,cancer,D1-0223,train
cmmd,Preprocessed_Dataset/cmmd/cmmd_133.jpg,Malignant,cancer,D1-0225,train
cmmd,Preprocessed_Dataset/cmmd/cmmd_134.jpg,Malignant,cancer,D1-0226,train
cmmd,Preprocessed_Dataset/cmmd/cmmd_135.jpg,Malignant,cancer,D1-0227,val
cmmd,Preprocessed_Dataset/cmmd/cmmd_136.jpg,Malignant,cancer,D1-0229,train
cmmd,Preprocessed_Dataset/cmmd/cmmd_137.jpg,Malignant,cancer,D1-0230,train
cmmd,Preprocessed_Dataset/cmmd/cmmd_138.jpg,Malignant,cancer,D1-0231,train
cmmd,Preprocessed_Dataset/cmmd/cmmd_139.jpg,Malignant,cancer,D1-0232,test
cmmd,Preprocessed_Dataset/cmmd/cmmd_140.jpg,Malignant,cancer,D1-0236,train
cmmd,Preprocessed_Dataset/cmmd/cmmd_141.jpg,Malignant,cancer,D1-0240,train
cmmd,Preprocessed_Dataset/cmmd/cmmd_142.jpg,Malignant,cancer,D1-0241,train
cmmd,Preprocessed_Dataset/cmmd/cmmd_143.jpg,Benign,non-cancer,D1-0242,train
cmmd,Preprocessed_Dataset/cmmd/cmmd_144.jpg,Benign,non-cancer,D1-0243,train
cmmd,Preprocessed_Dataset/cmmd/cmmd_145.jpg,Benign,non-cancer,D1-0244,train
cmmd,Preprocessed_Dataset/cmmd/cmmd_146.jpg,Benign,non-cancer,D1-0245,train
cmmd,Preprocessed_Dataset/cmmd/cmmd_147.jpg,Benign,non-cancer,D1-0246,train
cmmd,Preprocessed_Dataset/cmmd/cmmd_148.jpg,Benign,non-cancer,D1-0247,train
cmmd,Preprocessed_Dataset/cmmd/cmmd_149.jpg,Benign,non-cancer,D1-0248,test
cmmd,Preprocessed_Dataset/cmmd/cmmd_150.jpg,Benign,non-cancer,D1-0249,train
cmmd,Preprocessed_Dataset/cmmd/cmmd_151.jpg,Benign,non-cancer,D1-0250,test
cmmd,Preprocessed_Dataset/cmmd/cmmd_152.jpg,Benign,non-cancer,D1-0251,train
cmmd,Preprocessed_Dataset/cmmd/cmmd_153.jpg,Benign,non-cancer,D1-0252,val
cmmd,Preprocessed_Dataset/cmmd/cmmd_154.jpg,Benign,non-cancer,D1-0253,train
cmmd,Preprocessed_Dataset/cmmd/cmmd_155.jpg,Benign,non-cancer,D1-0254,test
cmmd,Preprocessed_Dataset/cmmd/cmmd_156.jpg,Benign,non-cancer,D1-0255,train
cmmd,Preprocessed_Dataset/cmmd/cmmd_157.jpg,Benign,non-cancer,D1-0256,train
cmmd,Preprocessed_Dataset/cmmd/cmmd_158.jpg,Benign,non-cancer,D1-0257,train
cmmd,Preprocessed_Dataset/cmmd/cmmd_159.jpg,Benign,non-cancer,D1-0258,val
cmmd,Preprocessed_Dataset/cmmd/cmmd_160.jpg,Benign,non-cancer,D1-0259,train
cmmd,Preprocessed_Dataset/cmmd/cmmd_161.jpg,Benign,non-cancer,D1-0260,train
cmmd,Preprocessed_Dataset/cmmd/cmmd_162.jpg,Benign,non-cancer,D1-0261,train
cmmd,Preprocessed_Dataset/cmmd/cmmd_163.jpg,Benign,non-cancer,D1-0262,test
cmmd,Preprocessed_Dataset/cmmd/cmmd_164.jpg,Benign,non-cancer,D1-0263,train
cmmd,Preprocessed_Dataset/cmmd/cmmd_165.jpg,Benign,non-cancer,D1-0264,train
cmmd,Preprocessed_Dataset/cmmd/cmmd_166.jpg,Benign,non-cancer,D1-0265,train
cmmd,Preprocessed_Dataset/cmmd/cmmd_167.jpg,Benign,non-cancer,D1-0266,val
cmmd,Preprocessed_Dataset/cmmd/cmmd_168.jpg,Benign,non-cancer,D1-0267,train
cmmd,Preprocessed_Dataset/cmmd/cmmd_169.jpg,Benign,non-cancer,D1-0268,train
cmmd,Preprocessed_Dataset/cmmd/cmmd_170.jpg,Benign,non-cancer,D1-0269,train
cmmd,Preprocessed_Dataset/cmmd/cmmd_171.jpg,Benign,non-cancer,D1-0270,train
cmmd,Preprocessed_Dataset/cmmd/cmmd_172.jpg,Benign,non-cancer,D1-0271,train
cmmd,Preprocessed_Dataset/cmmd/cmmd_173.jpg,Benign,non-cancer,D1-0272,train
cmmd,Preprocessed_Dataset/cmmd/cmmd_174.jpg,Benign,non-cancer,D1-0273,val
cmmd,Preprocessed_Dataset/cmmd/cmmd_175.jpg,Benign,non-cancer,D1-0274,test
cmmd,Preprocessed_Dataset/cmmd/cmmd_176.jpg,Benign,non-cancer,D1-0275,test
cmmd,Preprocessed_Dataset/cmmd/cmmd_177.jpg,Benign,non-cancer,D1-0276,train
cmmd,Preprocessed_Dataset/cmmd/cmmd_178.jpg,Benign,non-cancer,D1-0277,train
cmmd,Preprocessed_Dataset/cmmd/cmmd_179.jpg,Benign,non-cancer,D1-0278,train
cmmd,Preprocessed_Dataset/cmmd/cmmd_180.jpg,Benign,non-cancer,D1-0279,test
cmmd,Preprocessed_Dataset/cmmd/cmmd_181.jpg,Benign,non-cancer,D1-0280,train
cmmd,Preprocessed_Dataset/cmmd/cmmd_182.jpg,Benign,non-cancer,D1-0281,train
cmmd,Preprocessed_Dataset/cmmd/cmmd_183.jpg,Benign,non-cancer,D1-0282,val
cmmd,Preprocessed_Dataset/cmmd/cmmd_184.jpg,Benign,non-cancer,D1-0283,train
cmmd,Preprocessed_Dataset/cmmd/cmmd_185.jpg,Benign,non-cancer,D1-0284,train
cmmd,Preprocessed_Dataset/cmmd/cmmd_186.jpg,Benign,non-cancer,D1-0285,train
cmmd,Preprocessed_Dataset/cmmd/cmmd_187.jpg,Benign,non-cancer,D1-0286,train
cmmd,Preprocessed_Dataset/cmmd/cmmd_188.jpg,Benign,non-cancer,D1-0287,train
cmmd,Preprocessed_Dataset/cmmd/cmmd_189.jpg,Benign,non-cancer,D1-0288,train
cmmd,Preprocessed_Dataset/cmmd/cmmd_190.jpg,Benign,non-cancer,D1-0289,val
cmmd,Preprocessed_Dataset/cmmd/cmmd_191.jpg,Benign,non-cancer,D1-0290,train
cmmd,Preprocessed_Dataset/cmmd/cmmd_192.jpg,Benign,non-cancer,D1-0291,val
cmmd,Preprocessed_Dataset/cmmd/cmmd_193.jpg,Benign,non-cancer,D1-0292,train
cmmd,Preprocessed_Dataset/cmmd/cmmd_194.jpg,Benign,non-cancer,D1-0293,train
cmmd,Preprocessed_Dataset/cmmd/cmmd_195.jpg,Benign,non-cancer,D1-0294,val
cmmd,Preprocessed_Dataset/cmmd/cmmd_196.jpg,Benign,non-cancer,D1-0295,val
cmmd,Preprocessed_Dataset/cmmd/cmmd_197.jpg,Benign,non-cancer,D1-0296,test
cmmd,Preprocessed_Dataset/cmmd/cmmd_198.jpg,Benign,non-cancer,D1-0297,train
cmmd,Preprocessed_Dataset/cmmd/cmmd_199.jpg,Benign,non-cancer,D1-0298,train
cmmd,Preprocessed_Dataset/cmmd/cmmd_200.jpg,Benign,non-cancer,D1-0299,train
cmmd,Preprocessed_Dataset/cmmd/cmmd_201.jpg,Benign,non-cancer,D1-0300,train
cmmd,Preprocessed_Dataset/cmmd/cmmd_202.jpg,Benign,non-cancer,D1-0301,test
cmmd,Preprocessed_Dataset/cmmd/cmmd_203.jpg,Malignant,cancer,D1-0303,test
cmmd,Preprocessed_Dataset/cmmd/cmmd_204.jpg,Malignant,cancer,D1-0304,train
cmmd,Preprocessed_Dataset/cmmd/cmmd_205.jpg,Malignant,cancer,D1-0306,train
cmmd,Preprocessed_Dataset/cmmd/cmmd_206.jpg,Malignant,cancer,D1-0309,val
cmmd,Preprocessed_Dataset/cmmd/cmmd_207.jpg,Malignant,cancer,D1-0310,train
cmmd,Preprocessed_Dataset/cmmd/cmmd_208.jpg,Malignant,cancer,D1-0313,train
cmmd,Preprocessed_Dataset/cmmd/cmmd_209.jpg,Malignant,cancer,D1-0321,train
cmmd,Preprocessed_Dataset/cmmd/cmmd_210.jpg,Malignant,cancer,D1-0322,test
cmmd,Preprocessed_Dataset/cmmd/cmmd_211.jpg,Malignant,cancer,D1-0324,test
cmmd,Preprocessed_Dataset/cmmd/cmmd_212.jpg,Malignant,cancer,D1-0326,train
cmmd,Preprocessed_Dataset/cmmd/cmmd_213.jpg,Malignant,cancer,D1-0328,val
cmmd,Preprocessed_Dataset/cmmd/cmmd_214.jpg,Malignant,cancer,D1-0331,train
cmmd,Preprocessed_Dataset/cmmd/cmmd_215.jpg,Malignant,cancer,D1-0332,train
cmmd,Preprocessed_Dataset/cmmd/cmmd_216.jpg,Malignant,cancer,D1-0335,train
cmmd,Preprocessed_Dataset/cmmd/cmmd_217.jpg,Malignant,cancer,D1-0338,train
cmmd,Preprocessed_Dataset/cmmd/cmmd_218.jpg,Malignant,cancer,D1-0340,train
cmmd,Preprocessed_Dataset/cmmd/cmmd_219.jpg,Malignant,cancer,D1-0342,train
cmmd,Preprocessed_Dataset/cmmd/cmmd_220.jpg,Malignant,cancer,D1-0344,val
cmmd,Preprocessed_Dataset/cmmd/cmmd_221.jpg,Malignant,cancer,D1-0350,train
cmmd,Preprocessed_Dataset/cmmd/cmmd_222.jpg,Malignant,cancer,D1-0351,train
cmmd,Preprocessed_Dataset/cmmd/cmmd_223.jpg,Malignant,cancer,D1-0355,train
cmmd,Preprocessed_Dataset/cmmd/cmmd_224.jpg,Malignant,cancer,D1-0356,test
cmmd,Preprocessed_Dataset/cmmd/cmmd_225.jpg,Malignant,cancer,D1-0358,val
cmmd,Preprocessed_Dataset/cmmd/cmmd_226.jpg,Malignant,cancer,D1-0362,train
cmmd,Preprocessed_Dataset/cmmd/cmmd_227.jpg,Malignant,cancer,D1-0363,val
cmmd,Preprocessed_Dataset/cmmd/cmmd_228.jpg,Malignant,cancer,D1-0364,train
cmmd,Preprocessed_Dataset/cmmd/cmmd_229.jpg,Malignant,cancer,D1-0365,val
cmmd,Preprocessed_Dataset/cmmd/cmmd_230.jpg,Malignant,cancer,D1-0366,val
cmmd,Preprocessed_Dataset/cmmd/cmmd_231.jpg,Malignant,cancer,D1-0367,train
cmmd,Preprocessed_Dataset/cmmd/cmmd_232.jpg,Malignant,cancer,D1-0368,test
cmmd,Preprocessed_Dataset/cmmd/cmmd_233.jpg,Malignant,cancer,D1-0369,train
cmmd,Preprocessed_Dataset/cmmd/cmmd_234.jpg,Malignant,cancer,D1-0372,val
cmmd,Preprocessed_Dataset/cmmd/cmmd_235.jpg,Malignant,cancer,D1-0373,val
cmmd,Preprocessed_Dataset/cmmd/cmmd_236.jpg,Malignant,cancer,D1-0374,train
cmmd,Preprocessed_Dataset/cmmd/cmmd_237.jpg,Malignant,cancer,D1-0376,train
cmmd,Preprocessed_Dataset/cmmd/cmmd_238.jpg,Malignant,cancer,D1-0378,val
cmmd,Preprocessed_Dataset/cmmd/cmmd_239.jpg,Malignant,cancer,D1-0380,train
cmmd,Preprocessed_Dataset/cmmd/cmmd_240.jpg,Malignant,cancer,D1-0381,train
cmmd,Preprocessed_Dataset/cmmd/cmmd_241.jpg,Malignant,cancer,D1-0387,train
cmmd,Preprocessed_Dataset/cmmd/cmmd_242.jpg,Malignant,cancer,D1-0388,val
cmmd,Preprocessed_Dataset/cmmd/cmmd_243.jpg,Malignant,cancer,D1-0389,train
cmmd,Preprocessed_Dataset/cmmd/cmmd_244.jpg,Malignant,cancer,D1-0390,train
cmmd,Preprocessed_Dataset/cmmd/cmmd_245.jpg,Malignant,cancer,D1-0391,train
cmmd,Preprocessed_Dataset/cmmd/cmmd_246.jpg,Malignant,cancer,D1-0392,train
cmmd,Preprocessed_Dataset/cmmd/cmmd_247.jpg,Malignant,cancer,D1-0393,train
cmmd,Preprocessed_Dataset/cmmd/cmmd_248.jpg,Malignant,cancer,D1-0394,train
cmmd,Preprocessed_Dataset/cmmd/cmmd_249.jpg,Malignant,cancer,D1-0396,train
cmmd,Preprocessed_Dataset/cmmd/cmmd_250.jpg,Malignant,cancer,D1-0397,val
cmmd,Preprocessed_Dataset/cmmd/cmmd_251.jpg,Malignant,cancer,D1-0398,test
cmmd,Preprocessed_Dataset/cmmd/cmmd_252.jpg,Malignant,cancer,D1-0400,train
cmmd,Preprocessed_Dataset/cmmd/cmmd_253.jpg,Malignant,cancer,D1-0410,train
cmmd,Preprocessed_Dataset/cmmd/cmmd_254.jpg,Malignant,cancer,D1-0411,test
cmmd,Preprocessed_Dataset/cmmd/cmmd_255.jpg,Malignant,cancer,D1-0413,train
cmmd,Preprocessed_Dataset/cmmd/cmmd_256.jpg,Malignant,cancer,D1-0414,train
cmmd,Preprocessed_Dataset/cmmd/cmmd_257.jpg,Malignant,cancer,D1-0420,test
cmmd,Preprocessed_Dataset/cmmd/cmmd_258.jpg,Malignant,cancer,D1-0422,val
cmmd,Preprocessed_Dataset/cmmd/cmmd_259.jpg,Malignant,cancer,D1-0423,val
cmmd,Preprocessed_Dataset/cmmd/cmmd_260.jpg,Malignant,cancer,D1-0427,val
cmmd,Preprocessed_Dataset/cmmd/cmmd_261.jpg,Malignant,cancer,D1-0428,train
cmmd,Preprocessed_Dataset/cmmd/cmmd_262.jpg,Malignant,cancer,D1-0430,val
cmmd,Preprocessed_Dataset/cmmd/cmmd_263.jpg,Malignant,cancer,D1-0433,train
cmmd,Preprocessed_Dataset/cmmd/cmmd_264.jpg,Malignant,cancer,D1-0435,train
cmmd,Preprocessed_Dataset/cmmd/cmmd_265.jpg,Malignant,cancer,D1-0436,test
cmmd,Preprocessed_Dataset/cmmd/cmmd_266.jpg,Malignant,cancer,D1-0439,train
cmmd,Preprocessed_Dataset/cmmd/cmmd_267.jpg,Malignant,cancer,D1-0449,train
cmmd,Preprocessed_Dataset/cmmd/cmmd_268.jpg,Malignant,cancer,D1-0450,val
cmmd,Preprocessed_Dataset/cmmd/cmmd_269.jpg,Malignant,cancer,D1-0451,val
cmmd,Preprocessed_Dataset/cmmd/cmmd_270.jpg,Malignant,cancer,D1-0452,train
cmmd,Preprocessed_Dataset/cmmd/cmmd_271.jpg,Malignant,cancer,D1-0453,train
cmmd,Preprocessed_Dataset/cmmd/cmmd_272.jpg,Malignant,cancer,D1-0455,train
cmmd,Preprocessed_Dataset/cmmd/cmmd_273.jpg,Malignant,cancer,D1-0457,train
cmmd,Preprocessed_Dataset/cmmd/cmmd_274.jpg,Malignant,cancer,D1-0461,test
cmmd,Preprocessed_Dataset/cmmd/cmmd_275.jpg,Malignant,cancer,D1-0462,train
cmmd,Preprocessed_Dataset/cmmd/cmmd_276.jpg,Malignant,cancer,D1-0463,train
cmmd,Preprocessed_Dataset/cmmd/cmmd_277.jpg,Malignant,cancer,D1-0464,train
cmmd,Preprocessed_Dataset/cmmd/cmmd_278.jpg,Malignant,cancer,D1-0467,train
cmmd,Preprocessed_Dataset/cmmd/cmmd_279.jpg,Malignant,cancer,D1-0472,train
cmmd,Preprocessed_Dataset/cmmd/cmmd_280.jpg,Malignant,cancer,D1-0500,train
cmmd,Preprocessed_Dataset/cmmd/cmmd_281.jpg,Malignant,cancer,D1-0501,train
cmmd,Preprocessed_Dataset/cmmd/cmmd_282.jpg,Malignant,cancer,D1-0503,train
cmmd,Preprocessed_Dataset/cmmd/cmmd_283.jpg,Malignant,cancer,D1-0508,test
cmmd,Preprocessed_Dataset/cmmd/cmmd_284.jpg,Malignant,cancer,D1-0510,train
cmmd,Preprocessed_Dataset/cmmd/cmmd_285.jpg,Malignant,cancer,D1-0511,train
cmmd,Preprocessed_Dataset/cmmd/cmmd_286.jpg,Malignant,cancer,D1-0513,train
cmmd,Preprocessed_Dataset/cmmd/cmmd_287.jpg,Malignant,cancer,D1-0514,train
cmmd,Preprocessed_Dataset/cmmd/cmmd_288.jpg,Malignant,cancer,D1-0515,val
cmmd,Preprocessed_Dataset/cmmd/cmmd_289.jpg,Malignant,cancer,D1-0516,train
cmmd,Preprocessed_Dataset/cmmd/cmmd_290.jpg,Malignant,cancer,D1-0517,train
cmmd,Preprocessed_Dataset/cmmd/cmmd_291.jpg,Malignant,cancer,D1-0519,train
cmmd,Preprocessed_Dataset/cmmd/cmmd_292.jpg,Malignant,cancer,D1-0522,train
cmmd,Preprocessed_Dataset/cmmd/cmmd_293.jpg,Malignant,cancer,D1-0525,train
cmmd,Preprocessed_Dataset/cmmd/cmmd_294.jpg,Malignant,cancer,D1-0530,test
cmmd,Preprocessed_Dataset/cmmd/cmmd_295.jpg,Malignant,cancer,D1-0531,test
cmmd,Preprocessed_Dataset/cmmd/cmmd_296.jpg,Malignant,cancer,D1-0540,train
cmmd,Preprocessed_Dataset/cmmd/cmmd_297.jpg,Malignant,cancer,D1-0541,val
cmmd,Preprocessed_Dataset/cmmd/cmmd_298.jpg,Malignant,cancer,D1-0543,test
cmmd,Preprocessed_Dataset/cmmd/cmmd_299.jpg,Malignant,cancer,D1-0546,train
cmmd,Preprocessed_Dataset/cmmd/cmmd_300.jpg,Malignant,cancer,D1-0552,train
cmmd,Preprocessed_Dataset/cmmd/cmmd_301.jpg,Malignant,cancer,D1-0556,train
cmmd,Preprocessed_Dataset/cmmd/cmmd_302.jpg,Malignant,cancer,D1-0563,train
cmmd,Preprocessed_Dataset/cmmd/cmmd_303.jpg,Malignant,cancer,D1-0564,val
cmmd,Preprocessed_Dataset/cmmd/cmmd_304.jpg,Malignant,cancer,D1-0566,train
cmmd,Preprocessed_Dataset/cmmd/cmmd_305.jpg,Malignant,cancer,D1-0568,test
cmmd,Preprocessed_Dataset/cmmd/cmmd_306.jpg,Malignant,cancer,D1-0569,train
cmmd,Preprocessed_Dataset/cmmd/cmmd_307.jpg,Malignant,cancer,D1-0575,train
cmmd,Preprocessed_Dataset/cmmd/cmmd_308.jpg,Malignant,cancer,D1-0577,val
cmmd,Preprocessed_Dataset/cmmd/cmmd_309.jpg,Malignant,cancer,D1-0578,val
cmmd,Preprocessed_Dataset/cmmd/cmmd_310.jpg,Malignant,cancer,D1-0579,test
cmmd,Preprocessed_Dataset/cmmd/cmmd_311.jpg,Malignant,cancer,D1-0584,train
cmmd,Preprocessed_Dataset/cmmd/cmmd_312.jpg,Malignant,cancer,D1-0586,train
cmmd,Preprocessed_Dataset/cmmd/cmmd_313.jpg,Malignant,cancer,D1-0587,test
cmmd,Preprocessed_Dataset/cmmd/cmmd_314.jpg,Malignant,cancer,D1-0590,test
cmmd,Preprocessed_Dataset/cmmd/cmmd_315.jpg,Malignant,cancer,D1-0594,val
cmmd,Preprocessed_Dataset/cmmd/cmmd_316.jpg,Malignant,cancer,D1-0597,train
cmmd,Preprocessed_Dataset/cmmd/cmmd_317.jpg,Malignant,cancer,D1-0599,train
cmmd,Preprocessed_Dataset/cmmd/cmmd_318.jpg,Malignant,cancer,D1-0600,train
cmmd,Preprocessed_Dataset/cmmd/cmmd_319.jpg,Malignant,cancer,D1-0603,train
cmmd,Preprocessed_Dataset/cmmd/cmmd_320.jpg,Malignant,cancer,D1-0606,train
cmmd,Preprocessed_Dataset/cmmd/cmmd_321.jpg,Malignant,cancer,D1-0607,train
cmmd,Preprocessed_Dataset/cmmd/cmmd_322.jpg,Malignant,cancer,D1-0609,train
cmmd,Preprocessed_Dataset/cmmd/cmmd_323.jpg,Malignant,cancer,D1-0612,train
cmmd,Preprocessed_Dataset/cmmd/cmmd_324.jpg,Malignant,cancer,D1-0616,test
cmmd,Preprocessed_Dataset/cmmd/cmmd_325.jpg,Malignant,cancer,D1-0620,train
cmmd,Preprocessed_Dataset/cmmd/cmmd_326.jpg,Malignant,cancer,D1-0624,train
cmmd,Preprocessed_Dataset/cmmd/cmmd_327.jpg,Malignant,cancer,D1-0631,val
cmmd,Preprocessed_Dataset/cmmd/cmmd_328.jpg,Malignant,cancer,D1-0633,train
cmmd,Preprocessed_Dataset/cmmd/cmmd_329.jpg,Malignant,cancer,D1-0636,train
cmmd,Preprocessed_Dataset/cmmd/cmmd_330.jpg,Malignant,cancer,D1-0637,train
cmmd,Preprocessed_Dataset/cmmd/cmmd_331.jpg,Malignant,cancer,D1-0639,train
cmmd,Preprocessed_Dataset/cmmd/cmmd_332.jpg,Malignant,cancer,D1-0641,train
cmmd,Preprocessed_Dataset/cmmd/cmmd_333.jpg,Malignant,cancer,D1-0642,val
cmmd,Preprocessed_Dataset/cmmd/cmmd_334.jpg,Malignant,cancer,D1-0647,train
cmmd,Preprocessed_Dataset/cmmd/cmmd_335.jpg,Malignant,cancer,D1-0649,train
cmmd,Preprocessed_Dataset/cmmd/cmmd_336.jpg,Malignant,cancer,D1-0653,train
cmmd,Preprocessed_Dataset/cmmd/cmmd_337.jpg,Malignant,cancer,D1-0656,val
cmmd,Preprocessed_Dataset/cmmd/cmmd_338.jpg,Malignant,cancer,D1-0658,test
cmmd,Preprocessed_Dataset/cmmd/cmmd_339.jpg,Malignant,cancer,D1-0662,train
cmmd,Preprocessed_Dataset/cmmd/cmmd_340.jpg,Malignant,cancer,D1-0663,train
cmmd,Preprocessed_Dataset/cmmd/cmmd_341.jpg,Malignant,cancer,D1-0664,train
cmmd,Preprocessed_Dataset/cmmd/cmmd_342.jpg,Malignant,cancer,D1-0666,train
cmmd,Preprocessed_Dataset/cmmd/cmmd_343.jpg,Malignant,cancer,D1-0667,train
cmmd,Preprocessed_Dataset/cmmd/cmmd_344.jpg,Malignant,cancer,D1-0672,train
cmmd,Preprocessed_Dataset/cmmd/cmmd_345.jpg,Malignant,cancer,D1-0677,train
cmmd,Preprocessed_Dataset/cmmd/cmmd_346.jpg,Malignant,cancer,D1-0678,train
cmmd,Preprocessed_Dataset/cmmd/cmmd_347.jpg,Malignant,cancer,D1-0679,train
cmmd,Preprocessed_Dataset/cmmd/cmmd_348.jpg,Benign,non-cancer,D1-0681,train
cmmd,Preprocessed_Dataset/cmmd/cmmd_349.jpg,Benign,non-cancer,D1-0682,train
cmmd,Preprocessed_Dataset/cmmd/cmmd_350.jpg,Benign,non-cancer,D1-0683,train
cmmd,Preprocessed_Dataset/cmmd/cmmd_351.jpg,Benign,non-cancer,D1-0684,train
cmmd,Preprocessed_Dataset/cmmd/cmmd_352.jpg,Benign,non-cancer,D1-0685,val
cmmd,Preprocessed_Dataset/cmmd/cmmd_353.jpg,Benign,non-cancer,D1-0686,train
cmmd,Preprocessed_Dataset/cmmd/cmmd_354.jpg,Benign,non-cancer,D1-0687,train
cmmd,Preprocessed_Dataset/cmmd/cmmd_355.jpg,Benign,non-cancer,D1-0688,train
cmmd,Preprocessed_Dataset/cmmd/cmmd_356.jpg,Benign,non-cancer,D1-0689,val
cmmd,Preprocessed_Dataset/cmmd/cmmd_357.jpg,Benign,non-cancer,D1-0690,train
cmmd,Preprocessed_Dataset/cmmd/cmmd_358.jpg,Benign,non-cancer,D1-0691,train
cmmd,Preprocessed_Dataset/cmmd/cmmd_359.jpg,Benign,non-cancer,D1-0692,train
cmmd,Preprocessed_Dataset/cmmd/cmmd_360.jpg,Benign,non-cancer,D1-0693,train
cmmd,Preprocessed_Dataset/cmmd/cmmd_361.jpg,Benign,non-cancer,D1-0694,train
cmmd,Preprocessed_Dataset/cmmd/cmmd_362.jpg,Benign,non-cancer,D1-0695,train
cmmd,Preprocessed_Dataset/cmmd/cmmd_363.jpg,Benign,non-cancer,D1-0696,train
cmmd,Preprocessed_Dataset/cmmd/cmmd_364.jpg,Benign,non-cancer,D1-0697,train
cmmd,Preprocessed_Dataset/cmmd/cmmd_365.jpg,Benign,non-cancer,D1-0698,train
cmmd,Preprocessed_Dataset/cmmd/cmmd_366.jpg,Benign,non-cancer,D1-0699,train
cmmd,Preprocessed_Dataset/cmmd/cmmd_367.jpg,Benign,non-cancer,D1-0700,train
cmmd,Preprocessed_Dataset/cmmd/cmmd_368.jpg,Benign,non-cancer,D1-0701,train
cmmd,Preprocessed_Dataset/cmmd/cmmd_369.jpg,Benign,non-cancer,D1-0702,train
cmmd,Preprocessed_Dataset/cmmd/cmmd_370.jpg,Benign,non-cancer,D1-0703,test
cmmd,Preprocessed_Dataset/cmmd/cmmd_371.jpg,Benign,non-cancer,D1-0704,train
cmmd,Preprocessed_Dataset/cmmd/cmmd_372.jpg,Benign,non-cancer,D1-0705,train
cmmd,Preprocessed_Dataset/cmmd/cmmd_373.jpg,Benign,non-cancer,D1-0706,train
cmmd,Preprocessed_Dataset/cmmd/cmmd_374.jpg,Benign,non-cancer,D1-0707,train
cmmd,Preprocessed_Dataset/cmmd/cmmd_375.jpg,Benign,non-cancer,D1-0708,train
cmmd,Preprocessed_Dataset/cmmd/cmmd_376.jpg,Benign,non-cancer,D1-0709,test
cmmd,Preprocessed_Dataset/cmmd/cmmd_377.jpg,Benign,non-cancer,D1-0710,train
cmmd,Preprocessed_Dataset/cmmd/cmmd_378.jpg,Benign,non-cancer,D1-0711,train
cmmd,Preprocessed_Dataset/cmmd/cmmd_379.jpg,Benign,non-cancer,D1-0712,train
cmmd,Preprocessed_Dataset/cmmd/cmmd_380.jpg,Benign,non-cancer,D1-0713,val
cmmd,Preprocessed_Dataset/cmmd/cmmd_381.jpg,Benign,non-cancer,D1-0714,test
cmmd,Preprocessed_Dataset/cmmd/cmmd_382.jpg,Benign,non-cancer,D1-0715,test
cmmd,Preprocessed_Dataset/cmmd/cmmd_383.jpg,Benign,non-cancer,D1-0716,train
cmmd,Preprocessed_Dataset/cmmd/cmmd_384.jpg,Benign,non-cancer,D1-0717,train
cmmd,Preprocessed_Dataset/cmmd/cmmd_385.jpg,Benign,non-cancer,D1-0718,train
cmmd,Preprocessed_Dataset/cmmd/cmmd_386.jpg,Benign,non-cancer,D1-0719,train
cmmd,Preprocessed_Dataset/cmmd/cmmd_387.jpg,Benign,non-cancer,D1-0720,test
cmmd,Preprocessed_Dataset/cmmd/cmmd_388.jpg,Benign,non-cancer,D1-0721,val
cmmd,Preprocessed_Dataset/cmmd/cmmd_389.jpg,Benign,non-cancer,D1-0722,train
cmmd,Preprocessed_Dataset/cmmd/cmmd_390.jpg,Benign,non-cancer,D1-0723,train
cmmd,Preprocessed_Dataset/cmmd/cmmd_391.jpg,Benign,non-cancer,D1-0724,test
cmmd,Preprocessed_Dataset/cmmd/cmmd_392.jpg,Benign,non-cancer,D1-0725,train
cmmd,Preprocessed_Dataset/cmmd/cmmd_393.jpg,Benign,non-cancer,D1-0726,test
cmmd,Preprocessed_Dataset/cmmd/cmmd_394.jpg,Benign,non-cancer,D1-0727,train
cmmd,Preprocessed_Dataset/cmmd/cmmd_395.jpg,Benign,non-cancer,D1-0728,train
cmmd,Preprocessed_Dataset/cmmd/cmmd_396.jpg,Benign,non-cancer,D1-0729,train
cmmd,Preprocessed_Dataset/cmmd/cmmd_397.jpg,Benign,non-cancer,D1-0730,test
cmmd,Preprocessed_Dataset/cmmd/cmmd_398.jpg,Benign,non-cancer,D1-0731,val
cmmd,Preprocessed_Dataset/cmmd/cmmd_399.jpg,Benign,non-cancer,D1-0732,train
cmmd,Preprocessed_Dataset/cmmd/cmmd_400.jpg,Benign,non-cancer,D1-0733,val
cmmd,Preprocessed_Dataset/cmmd/cmmd_401.jpg,Benign,non-cancer,D1-0734,train
cmmd,Preprocessed_Dataset/cmmd/cmmd_402.jpg,Benign,non-cancer,D1-0735,train
cmmd,Preprocessed_Dataset/cmmd/cmmd_403.jpg,Benign,non-cancer,D1-0736,train
cmmd,Preprocessed_Dataset/cmmd/cmmd_404.jpg,Benign,non-cancer,D1-0737,train
cmmd,Preprocessed_Dataset/cmmd/cmmd_405.jpg,Benign,non-cancer,D1-0738,train
cmmd,Preprocessed_Dataset/cmmd/cmmd_406.jpg,Benign,non-cancer,D1-0739,train
cmmd,Preprocessed_Dataset/cmmd/cmmd_407.jpg,Benign,non-cancer,D1-0740,train
cmmd,Preprocessed_Dataset/cmmd/cmmd_408.jpg,Benign,non-cancer,D1-0741,train
cmmd,Preprocessed_Dataset/cmmd/cmmd_409.jpg,Benign,non-cancer,D1-0742,test
cmmd,Preprocessed_Dataset/cmmd/cmmd_410.jpg,Benign,non-cancer,D1-0743,test
cmmd,Preprocessed_Dataset/cmmd/cmmd_411.jpg,Benign,non-cancer,D1-0744,test
cmmd,Preprocessed_Dataset/cmmd/cmmd_412.jpg,Benign,non-cancer,D1-0745,train
cmmd,Preprocessed_Dataset/cmmd/cmmd_413.jpg,Benign,non-cancer,D1-0746,train
cmmd,Preprocessed_Dataset/cmmd/cmmd_414.jpg,Benign,non-cancer,D1-0747,train
cmmd,Preprocessed_Dataset/cmmd/cmmd_415.jpg,Benign,non-cancer,D1-0748,test
cmmd,Preprocessed_Dataset/cmmd/cmmd_416.jpg,Benign,non-cancer,D1-0749,test
cmmd,Preprocessed_Dataset/cmmd/cmmd_417.jpg,Benign,non-cancer,D1-0750,train
cmmd,Preprocessed_Dataset/cmmd/cmmd_418.jpg,Benign,non-cancer,D1-0751,train
cmmd,Preprocessed_Dataset/cmmd/cmmd_419.jpg,Benign,non-cancer,D1-0752,train
cmmd,Preprocessed_Dataset/cmmd/cmmd_420.jpg,Benign,non-cancer,D1-0753,train
cmmd,Preprocessed_Dataset/cmmd/cmmd_421.jpg,Benign,non-cancer,D1-0754,train
cmmd,Preprocessed_Dataset/cmmd/cmmd_422.jpg,Benign,non-cancer,D1-0755,val
cmmd,Preprocessed_Dataset/cmmd/cmmd_423.jpg,Benign,non-cancer,D1-0756,train
cmmd,Preprocessed_Dataset/cmmd/cmmd_424.jpg,Benign,non-cancer,D1-0757,test
cmmd,Preprocessed_Dataset/cmmd/cmmd_425.jpg,Benign,non-cancer,D1-0758,train
cmmd,Preprocessed_Dataset/cmmd/cmmd_426.jpg,Benign,non-cancer,D1-0759,val
cmmd,Preprocessed_Dataset/cmmd/cmmd_427.jpg,Benign,non-cancer,D1-0760,test
cmmd,Preprocessed_Dataset/cmmd/cmmd_428.jpg,Benign,non-cancer,D1-0761,train
cmmd,Preprocessed_Dataset/cmmd/cmmd_429.jpg,Benign,non-cancer,D1-0762,train
cmmd,Preprocessed_Dataset/cmmd/cmmd_430.jpg,Benign,non-cancer,D1-0763,train
cmmd,Preprocessed_Dataset/cmmd/cmmd_431.jpg,Benign,non-cancer,D1-0764,train
cmmd,Preprocessed_Dataset/cmmd/cmmd_432.jpg,Benign,non-cancer,D1-0765,train
cmmd,Preprocessed_Dataset/cmmd/cmmd_433.jpg,Benign,non-cancer,D1-0766,train
cmmd,Preprocessed_Dataset/cmmd/cmmd_434.jpg,Benign,non-cancer,D1-0767,train
cmmd,Preprocessed_Dataset/cmmd/cmmd_435.jpg,Benign,non-cancer,D1-0768,train
cmmd,Preprocessed_Dataset/cmmd/cmmd_436.jpg,Benign,non-cancer,D1-0769,train
cmmd,Preprocessed_Dataset/cmmd/cmmd_437.jpg,Benign,non-cancer,D1-0770,test
cmmd,Preprocessed_Dataset/cmmd/cmmd_438.jpg,Benign,non-cancer,D1-0771,test
cmmd,Preprocessed_Dataset/cmmd/cmmd_439.jpg,Benign,non-cancer,D1-0772,test
cmmd,Preprocessed_Dataset/cmmd/cmmd_440.jpg,Benign,non-cancer,D1-0773,test
cmmd,Preprocessed_Dataset/cmmd/cmmd_441.jpg,Benign,non-cancer,D1-0774,train
cmmd,Preprocessed_Dataset/cmmd/cmmd_442.jpg,Benign,non-cancer,D1-0775,train
cmmd,Preprocessed_Dataset/cmmd/cmmd_443.jpg,Benign,non-cancer,D1-0776,train
cmmd,Preprocessed_Dataset/cmmd/cmmd_444.jpg,Benign,non-cancer,D1-0777,train
cmmd,Preprocessed_Dataset/cmmd/cmmd_445.jpg,Benign,non-cancer,D1-0778,train
cmmd,Preprocessed_Dataset/cmmd/cmmd_446.jpg,Benign,non-cancer,D1-0779,train
cmmd,Preprocessed_Dataset/cmmd/cmmd_447.jpg,Benign,non-cancer,D1-0780,train
cmmd,Preprocessed_Dataset/cmmd/cmmd_448.jpg,Benign,non-cancer,D1-0781,train
cmmd,Preprocessed_Dataset/cmmd/cmmd_449.jpg,Benign,non-cancer,D1-0782,val
cmmd,Preprocessed_Dataset/cmmd/cmmd_450.jpg,Benign,non-cancer,D1-0783,train
cmmd,Preprocessed_Dataset/cmmd/cmmd_451.jpg,Benign,non-cancer,D1-0784,train
cmmd,Preprocessed_Dataset/cmmd/cmmd_452.jpg,Benign,non-cancer,D1-0785,train
cmmd,Preprocessed_Dataset/cmmd/cmmd_453.jpg,Benign,non-cancer,D1-0786,train
cmmd,Preprocessed_Dataset/cmmd/cmmd_454.jpg,Benign,non-cancer,D1-0787,val
cmmd,Preprocessed_Dataset/cmmd/cmmd_455.jpg,Benign,non-cancer,D1-0788,test
cmmd,Preprocessed_Dataset/cmmd/cmmd_456.jpg,Benign,non-cancer,D1-0789,test
cmmd,Preprocessed_Dataset/cmmd/cmmd_457.jpg,Benign,non-cancer,D1-0790,train
cmmd,Preprocessed_Dataset/cmmd/cmmd_458.jpg,Benign,non-cancer,D1-0791,train
cmmd,Preprocessed_Dataset/cmmd/cmmd_459.jpg,Benign,non-cancer,D1-0792,train
cmmd,Preprocessed_Dataset/cmmd/cmmd_460.jpg,Benign,non-cancer,D1-0793,train
cmmd,Preprocessed_Dataset/cmmd/cmmd_461.jpg,Benign,non-cancer,D1-0794,train
cmmd,Preprocessed_Dataset/cmmd/cmmd_462.jpg,Benign,non-cancer,D1-0795,val
cmmd,Preprocessed_Dataset/cmmd/cmmd_463.jpg,Benign,non-cancer,D1-0796,train
cmmd,Preprocessed_Dataset/cmmd/cmmd_464.jpg,Benign,non-cancer,D1-0797,train
cmmd,Preprocessed_Dataset/cmmd/cmmd_465.jpg,Benign,non-cancer,D1-0798,train
cmmd,Preprocessed_Dataset/cmmd/cmmd_466.jpg,Benign,non-cancer,D1-0799,val
cmmd,Preprocessed_Dataset/cmmd/cmmd_467.jpg,Benign,non-cancer,D1-0800,train
cmmd,Preprocessed_Dataset/cmmd/cmmd_468.jpg,Benign,non-cancer,D1-0801,test
cmmd,Preprocessed_Dataset/cmmd/cmmd_469.jpg,Benign,non-cancer,D1-0802,train
cmmd,Preprocessed_Dataset/cmmd/cmmd_470.jpg,Benign,non-cancer,D1-0803,train
cmmd,Preprocessed_Dataset/cmmd/cmmd_471.jpg,Benign,non-cancer,D1-0804,train
cmmd,Preprocessed_Dataset/cmmd/cmmd_472.jpg,Benign,non-cancer,D1-0805,train
cmmd,Preprocessed_Dataset/cmmd/cmmd_473.jpg,Benign,non-cancer,D1-0806,train
cmmd,Preprocessed_Dataset/cmmd/cmmd_474.jpg,Benign,non-cancer,D1-0807,train
cmmd,Preprocessed_Dataset/cmmd/cmmd_475.jpg,Benign,non-cancer,D1-0808,val
cmmd,Preprocessed_Dataset/cmmd/cmmd_476.jpg,Benign,non-cancer,D1-0809,train
cmmd,Preprocessed_Dataset/cmmd/cmmd_477.jpg,Benign,non-cancer,D1-0810,train
cmmd,Preprocessed_Dataset/cmmd/cmmd_478.jpg,Benign,non-cancer,D1-0811,val
cmmd,Preprocessed_Dataset/cmmd/cmmd_479.jpg,Benign,non-cancer,D1-0812,train
cmmd,Preprocessed_Dataset/cmmd/cmmd_480.jpg,Benign,non-cancer,D1-0813,train
cmmd,Preprocessed_Dataset/cmmd/cmmd_481.jpg,Benign,non-cancer,D1-0814,train
cmmd,Preprocessed_Dataset/cmmd/cmmd_482.jpg,Benign,non-cancer,D1-0815,train
cmmd,Preprocessed_Dataset/cmmd/cmmd_483.jpg,Benign,non-cancer,D1-0816,test
cmmd,Preprocessed_Dataset/cmmd/cmmd_484.jpg,Benign,non-cancer,D1-0817,val
cmmd,Preprocessed_Dataset/cmmd/cmmd_485.jpg,Benign,non-cancer,D1-0818,train
cmmd,Preprocessed_Dataset/cmmd/cmmd_486.jpg,Benign,non-cancer,D1-0819,test
cmmd,Preprocessed_Dataset/cmmd/cmmd_487.jpg,Benign,non-cancer,D1-0820,train
cmmd,Preprocessed_Dataset/cmmd/cmmd_488.jpg,Benign,non-cancer,D1-0821,train
cmmd,Preprocessed_Dataset/cmmd/cmmd_489.jpg,Benign,non-cancer,D1-0822,val
cmmd,Preprocessed_Dataset/cmmd/cmmd_490.jpg,Benign,non-cancer,D1-0823,val
cmmd,Preprocessed_Dataset/cmmd/cmmd_491.jpg,Benign,non-cancer,D1-0824,train
cmmd,Preprocessed_Dataset/cmmd/cmmd_492.jpg,Benign,non-cancer,D1-0825,train
cmmd,Preprocessed_Dataset/cmmd/cmmd_493.jpg,Benign,non-cancer,D1-0826,train
cmmd,Preprocessed_Dataset/cmmd/cmmd_494.jpg,Benign,non-cancer,D1-0827,train
cmmd,Preprocessed_Dataset/cmmd/cmmd_495.jpg,Benign,non-cancer,D1-0828,train
cmmd,Preprocessed_Dataset/cmmd/cmmd_496.jpg,Benign,non-cancer,D1-0829,train
cmmd,Preprocessed_Dataset/cmmd/cmmd_497.jpg,Benign,non-cancer,D1-0830,train
cmmd,Preprocessed_Dataset/cmmd/cmmd_498.jpg,Benign,non-cancer,D1-0831,train
cmmd,Preprocessed_Dataset/cmmd/cmmd_499.jpg,Benign,non-cancer,D1-0832,train
cmmd,Preprocessed_Dataset/cmmd/cmmd_500.jpg,Benign,non-cancer,D1-0833,train
cmmd,Preprocessed_Dataset/cmmd/cmmd_501.jpg,Benign,non-cancer,D1-0834,train
cmmd,Preprocessed_Dataset/cmmd/cmmd_502.jpg,Benign,non-cancer,D1-0835,train
cmmd,Preprocessed_Dataset/cmmd/cmmd_503.jpg,Benign,non-cancer,D1-0836,val
cmmd,Preprocessed_Dataset/cmmd/cmmd_504.jpg,Benign,non-cancer,D1-0837,train
cmmd,Preprocessed_Dataset/cmmd/cmmd_505.jpg,Benign,non-cancer,D1-0838,val
cmmd,Preprocessed_Dataset/cmmd/cmmd_506.jpg,Benign,non-cancer,D1-0839,train
cmmd,Preprocessed_Dataset/cmmd/cmmd_507.jpg,Benign,non-cancer,D1-0840,test
cmmd,Preprocessed_Dataset/cmmd/cmmd_508.jpg,Benign,non-cancer,D1-0841,test
cmmd,Preprocessed_Dataset/cmmd/cmmd_509.jpg,Benign,non-cancer,D1-0842,val
cmmd,Preprocessed_Dataset/cmmd/cmmd_510.jpg,Benign,non-cancer,D1-0843,train
cmmd,Preprocessed_Dataset/cmmd/cmmd_511.jpg,Benign,non-cancer,D1-0844,val
cmmd,Preprocessed_Dataset/cmmd/cmmd_512.jpg,Benign,non-cancer,D1-0845,test
cmmd,Preprocessed_Dataset/cmmd/cmmd_513.jpg,Benign,non-cancer,D1-0846,val
cmmd,Preprocessed_Dataset/cmmd/cmmd_514.jpg,Benign,non-cancer,D1-0847,val
cmmd,Preprocessed_Dataset/cmmd/cmmd_515.jpg,Benign,non-cancer,D1-0848,train
cmmd,Preprocessed_Dataset/cmmd/cmmd_516.jpg,Benign,non-cancer,D1-0849,train
cmmd,Preprocessed_Dataset/cmmd/cmmd_517.jpg,Benign,non-cancer,D1-0850,train
cmmd,Preprocessed_Dataset/cmmd/cmmd_518.jpg,Benign,non-cancer,D1-0851,train
cmmd,Preprocessed_Dataset/cmmd/cmmd_519.jpg,Benign,non-cancer,D1-0852,train
cmmd,Preprocessed_Dataset/cmmd/cmmd_520.jpg,Benign,non-cancer,D1-0853,train
cmmd,Preprocessed_Dataset/cmmd/cmmd_521.jpg,Benign,non-cancer,D1-0854,test
cmmd,Preprocessed_Dataset/cmmd/cmmd_522.jpg,Benign,non-cancer,D1-0855,train
cmmd,Preprocessed_Dataset/cmmd/cmmd_523.jpg,Benign,non-cancer,D1-0856,train
cmmd,Preprocessed_Dataset/cmmd/cmmd_524.jpg,Benign,non-cancer,D1-0857,train
cmmd,Preprocessed_Dataset/cmmd/cmmd_525.jpg,Benign,non-cancer,D1-0858,train
cmmd,Preprocessed_Dataset/cmmd/cmmd_526.jpg,Benign,non-cancer,D1-0859,train
cmmd,Preprocessed_Dataset/cmmd/cmmd_527.jpg,Benign,non-cancer,D1-0860,test
cmmd,Preprocessed_Dataset/cmmd/cmmd_528.jpg,Benign,non-cancer,D1-0861,test
cmmd,Preprocessed_Dataset/cmmd/cmmd_529.jpg,Benign,non-cancer,D1-0862,train
cmmd,Preprocessed_Dataset/cmmd/cmmd_530.jpg,Benign,non-cancer,D1-0863,train
cmmd,Preprocessed_Dataset/cmmd/cmmd_531.jpg,Benign,non-cancer,D1-0864,train
cmmd,Preprocessed_Dataset/cmmd/cmmd_532.jpg,Benign,non-cancer,D1-0865,test
cmmd,Preprocessed_Dataset/cmmd/cmmd_533.jpg,Benign,non-cancer,D1-0866,train
cmmd,Preprocessed_Dataset/cmmd/cmmd_534.jpg,Benign,non-cancer,D1-0867,train
cmmd,Preprocessed_Dataset/cmmd/cmmd_535.jpg,Benign,non-cancer,D1-0868,test
cmmd,Preprocessed_Dataset/cmmd/cmmd_536.jpg,Benign,non-cancer,D1-0869,train
cmmd,Preprocessed_Dataset/cmmd/cmmd_537.jpg,Benign,non-cancer,D1-0870,train
cmmd,Preprocessed_Dataset/cmmd/cmmd_538.jpg,Benign,non-cancer,D1-0871,train
cmmd,Preprocessed_Dataset/cmmd/cmmd_539.jpg,Benign,non-cancer,D1-0872,train
cmmd,Preprocessed_Dataset/cmmd/cmmd_540.jpg,Benign,non-cancer,D1-0873,test
cmmd,Preprocessed_Dataset/cmmd/cmmd_541.jpg,Benign,non-cancer,D1-0874,val
cmmd,Preprocessed_Dataset/cmmd/cmmd_542.jpg,Benign,non-cancer,D1-0875,test
cmmd,Preprocessed_Dataset/cmmd/cmmd_543.jpg,Benign,non-cancer,D1-0876,train
cmmd,Preprocessed_Dataset/cmmd/cmmd_544.jpg,Benign,non-cancer,D1-0877,test
cmmd,Preprocessed_Dataset/cmmd/cmmd_545.jpg,Benign,non-cancer,D1-0878,train
cmmd,Preprocessed_Dataset/cmmd/cmmd_546.jpg,Benign,non-cancer,D1-0879,train
cmmd,Preprocessed_Dataset/cmmd/cmmd_547.jpg,Benign,non-cancer,D1-0880,train
cmmd,Preprocessed_Dataset/cmmd/cmmd_548.jpg,Benign,non-cancer,D1-0881,train
cmmd,Preprocessed_Dataset/cmmd/cmmd_549.jpg,Benign,non-cancer,D1-0882,test
cmmd,Preprocessed_Dataset/cmmd/cmmd_550.jpg,Benign,non-cancer,D1-0883,val
cmmd,Preprocessed_Dataset/cmmd/cmmd_551.jpg,Benign,non-cancer,D1-0884,test
cmmd,Preprocessed_Dataset/cmmd/cmmd_552.jpg,Benign,non-cancer,D1-0885,train
cmmd,Preprocessed_Dataset/cmmd/cmmd_553.jpg,Benign,non-cancer,D1-0886,train
cmmd,Preprocessed_Dataset/cmmd/cmmd_554.jpg,Benign,non-cancer,D1-0887,val
cmmd,Preprocessed_Dataset/cmmd/cmmd_555.jpg,Benign,non-cancer,D1-0888,train
cmmd,Preprocessed_Dataset/cmmd/cmmd_556.jpg,Benign,non-cancer,D1-0889,train
cmmd,Preprocessed_Dataset/cmmd/cmmd_557.jpg,Benign,non-cancer,D1-0890,val
cmmd,Preprocessed_Dataset/cmmd/cmmd_558.jpg,Benign,non-cancer,D1-0891,train
cmmd,Preprocessed_Dataset/cmmd/cmmd_559.jpg,Benign,non-cancer,D1-0892,train
cmmd,Preprocessed_Dataset/cmmd/cmmd_560.jpg,Benign,non-cancer,D1-0893,train
cmmd,Preprocessed_Dataset/cmmd/cmmd_561.jpg,Benign,non-cancer,D1-0894,train
cmmd,Preprocessed_Dataset/cmmd/cmmd_562.jpg,Benign,non-cancer,D1-0895,train
cmmd,Preprocessed_Dataset/cmmd/cmmd_563.jpg,Benign,non-cancer,D1-0896,train
cmmd,Preprocessed_Dataset/cmmd/cmmd_564.jpg,Benign,non-cancer,D1-0897,train
cmmd,Preprocessed_Dataset/cmmd/cmmd_565.jpg,Benign,non-cancer,D1-0898,train
cmmd,Preprocessed_Dataset/cmmd/cmmd_566.jpg,Benign,non-cancer,D1-0899,train
cmmd,Preprocessed_Dataset/cmmd/cmmd_567.jpg,Benign,non-cancer,D1-0900,test
cmmd,Preprocessed_Dataset/cmmd/cmmd_568.jpg,Benign,non-cancer,D1-0901,train
cmmd,Preprocessed_Dataset/cmmd/cmmd_569.jpg,Benign,non-cancer,D1-0902,val
cmmd,Preprocessed_Dataset/cmmd/cmmd_570.jpg,Benign,non-cancer,D1-0903,train
cmmd,Preprocessed_Dataset/cmmd/cmmd_571.jpg,Benign,non-cancer,D1-0904,train
cmmd,Preprocessed_Dataset/cmmd/cmmd_572.jpg,Benign,non-cancer,D1-0905,train
cmmd,Preprocessed_Dataset/cmmd/cmmd_573.jpg,Benign,non-cancer,D1-0906,train
cmmd,Preprocessed_Dataset/cmmd/cmmd_574.jpg,Benign,non-cancer,D1-0907,test
cmmd,Preprocessed_Dataset/cmmd/cmmd_575.jpg,Benign,non-cancer,D1-0908,train
cmmd,Preprocessed_Dataset/cmmd/cmmd_576.jpg,Benign,non-cancer,D1-0909,train
cmmd,Preprocessed_Dataset/cmmd/cmmd_577.jpg,Benign,non-cancer,D1-0910,train
cmmd,Preprocessed_Dataset/cmmd/cmmd_578.jpg,Benign,non-cancer,D1-0911,test
cmmd,Preprocessed_Dataset/cmmd/cmmd_579.jpg,Benign,non-cancer,D1-0912,test
cmmd,Preprocessed_Dataset/cmmd/cmmd_580.jpg,Benign,non-cancer,D1-0913,train
cmmd,Preprocessed_Dataset/cmmd/cmmd_581.jpg,Benign,non-cancer,D1-0914,train
cmmd,Preprocessed_Dataset/cmmd/cmmd_582.jpg,Benign,non-cancer,D1-0915,train
cmmd,Preprocessed_Dataset/cmmd/cmmd_583.jpg,Benign,non-cancer,D1-0916,train
cmmd,Preprocessed_Dataset/cmmd/cmmd_584.jpg,Benign,non-cancer,D1-0917,train
cmmd,Preprocessed_Dataset/cmmd/cmmd_585.jpg,Benign,non-cancer,D1-0918,train
cmmd,Preprocessed_Dataset/cmmd/cmmd_586.jpg,Benign,non-cancer,D1-0919,train
cmmd,Preprocessed_Dataset/cmmd/cmmd_587.jpg,Benign,non-cancer,D1-0920,train
cmmd,Preprocessed_Dataset/cmmd/cmmd_588.jpg,Benign,non-cancer,D1-0921,test
cmmd,Preprocessed_Dataset/cmmd/cmmd_589.jpg,Benign,non-cancer,D1-0922,train
cmmd,Preprocessed_Dataset/cmmd/cmmd_590.jpg,Benign,non-cancer,D1-0923,train
cmmd,Preprocessed_Dataset/cmmd/cmmd_591.jpg,Benign,non-cancer,D1-0924,train
cmmd,Preprocessed_Dataset/cmmd/cmmd_592.jpg,Benign,non-cancer,D1-0925,train
cmmd,Preprocessed_Dataset/cmmd/cmmd_593.jpg,Benign,non-cancer,D1-0926,test
cmmd,Preprocessed_Dataset/cmmd/cmmd_594.jpg,Benign,non-cancer,D1-0927,train
cmmd,Preprocessed_Dataset/cmmd/cmmd_595.jpg,Benign,non-cancer,D1-0928,train
cmmd,Preprocessed_Dataset/cmmd/cmmd_596.jpg,Benign,non-cancer,D1-0929,train
cmmd,Preprocessed_Dataset/cmmd/cmmd_597.jpg,Benign,non-cancer,D1-0930,train
cmmd,Preprocessed_Dataset/cmmd/cmmd_598.jpg,Benign,non-cancer,D1-0931,test
cmmd,Preprocessed_Dataset/cmmd/cmmd_599.jpg,Benign,non-cancer,D1-0932,train
cmmd,Preprocessed_Dataset/cmmd/cmmd_600.jpg,Benign,non-cancer,D1-0933,train
cmmd,Preprocessed_Dataset/cmmd/cmmd_601.jpg,Benign,non-cancer,D1-0934,train
cmmd,Preprocessed_Dataset/cmmd/cmmd_602.jpg,Benign,non-cancer,D1-0935,train
cmmd,Preprocessed_Dataset/cmmd/cmmd_603.jpg,Benign,non-cancer,D1-0936,test
cmmd,Preprocessed_Dataset/cmmd/cmmd_604.jpg,Benign,non-cancer,D1-0937,val
cmmd,Preprocessed_Dataset/cmmd/cmmd_605.jpg,Benign,non-cancer,D1-0938,train
cmmd,Preprocessed_Dataset/cmmd/cmmd_606.jpg,Benign,non-cancer,D1-0939,train
cmmd,Preprocessed_Dataset/cmmd/cmmd_607.jpg,Benign,non-cancer,D1-0940,train
cmmd,Preprocessed_Dataset/cmmd/cmmd_608.jpg,Benign,non-cancer,D1-0941,train
cmmd,Preprocessed_Dataset/cmmd/cmmd_609.jpg,Benign,non-cancer,D1-0942,train
cmmd,Preprocessed_Dataset/cmmd/cmmd_610.jpg,Benign,non-cancer,D1-0943,val
cmmd,Preprocessed_Dataset/cmmd/cmmd_611.jpg,Benign,non-cancer,D1-0944,test
cmmd,Preprocessed_Dataset/cmmd/cmmd_612.jpg,Benign,non-cancer,D1-0945,train
cmmd,Preprocessed_Dataset/cmmd/cmmd_613.jpg,Benign,non-cancer,D1-0946,val
cmmd,Preprocessed_Dataset/cmmd/cmmd_614.jpg,Benign,non-cancer,D1-0947,train
cmmd,Preprocessed_Dataset/cmmd/cmmd_615.jpg,Benign,non-cancer,D1-0948,test
cmmd,Preprocessed_Dataset/cmmd/cmmd_616.jpg,Benign,non-cancer,D1-0949,test
cmmd,Preprocessed_Dataset/cmmd/cmmd_617.jpg,Benign,non-cancer,D1-0950,train
cmmd,Preprocessed_Dataset/cmmd/cmmd_618.jpg,Benign,non-cancer,D1-0951,val
cmmd,Preprocessed_Dataset/cmmd/cmmd_619.jpg,Benign,non-cancer,D1-0952,train
cmmd,Preprocessed_Dataset/cmmd/cmmd_620.jpg,Benign,non-cancer,D1-0953,train
cmmd,Preprocessed_Dataset/cmmd/cmmd_621.jpg,Benign,non-cancer,D1-0954,test
cmmd,Preprocessed_Dataset/cmmd/cmmd_622.jpg,Benign,non-cancer,D1-0955,train
cmmd,Preprocessed_Dataset/cmmd/cmmd_623.jpg,Benign,non-cancer,D1-0956,train
cmmd,Preprocessed_Dataset/cmmd/cmmd_624.jpg,Benign,non-cancer,D1-0957,train
cmmd,Preprocessed_Dataset/cmmd/cmmd_625.jpg,Benign,non-cancer,D1-0958,train
cmmd,Preprocessed_Dataset/cmmd/cmmd_626.jpg,Benign,non-cancer,D1-0959,train
cmmd,Preprocessed_Dataset/cmmd/cmmd_627.jpg,Benign,non-cancer,D1-0960,train
cmmd,Preprocessed_Dataset/cmmd/cmmd_628.jpg,Benign,non-cancer,D1-0961,val
cmmd,Preprocessed_Dataset/cmmd/cmmd_629.jpg,Benign,non-cancer,D1-0962,train
cmmd,Preprocessed_Dataset/cmmd/cmmd_630.jpg,Benign,non-cancer,D1-0963,test
cmmd,Preprocessed_Dataset/cmmd/cmmd_631.jpg,Benign,non-cancer,D1-0964,train
cmmd,Preprocessed_Dataset/cmmd/cmmd_632.jpg,Benign,non-cancer,D1-0965,train
cmmd,Preprocessed_Dataset/cmmd/cmmd_633.jpg,Benign,non-cancer,D1-0966,train
cmmd,Preprocessed_Dataset/cmmd/cmmd_634.jpg,Benign,non-cancer,D1-0967,train
cmmd,Preprocessed_Dataset/cmmd/cmmd_635.jpg,Benign,non-cancer,D1-0968,train
cmmd,Preprocessed_Dataset/cmmd/cmmd_636.jpg,Benign,non-cancer,D1-0969,val
cmmd,Preprocessed_Dataset/cmmd/cmmd_637.jpg,Benign,non-cancer,D1-0970,train
cmmd,Preprocessed_Dataset/cmmd/cmmd_638.jpg,Benign,non-cancer,D1-0971,train
cmmd,Preprocessed_Dataset/cmmd/cmmd_639.jpg,Benign,non-cancer,D1-0972,val
cmmd,Preprocessed_Dataset/cmmd/cmmd_640.jpg,Benign,non-cancer,D1-0973,val
cmmd,Preprocessed_Dataset/cmmd/cmmd_641.jpg,Benign,non-cancer,D1-0974,val
cmmd,Preprocessed_Dataset/cmmd/cmmd_642.jpg,Benign,non-cancer,D1-0975,train
cmmd,Preprocessed_Dataset/cmmd/cmmd_643.jpg,Benign,non-cancer,D1-0976,train
cmmd,Preprocessed_Dataset/cmmd/cmmd_644.jpg,Benign,non-cancer,D1-0977,train
cmmd,Preprocessed_Dataset/cmmd/cmmd_645.jpg,Benign,non-cancer,D1-0978,val
cmmd,Preprocessed_Dataset/cmmd/cmmd_646.jpg,Benign,non-cancer,D1-0979,test
cmmd,Preprocessed_Dataset/cmmd/cmmd_647.jpg,Benign,non-cancer,D1-0980,train
cmmd,Preprocessed_Dataset/cmmd/cmmd_648.jpg,Benign,non-cancer,D1-0981,val
cmmd,Preprocessed_Dataset/cmmd/cmmd_649.jpg,Benign,non-cancer,D1-0982,test
cmmd,Preprocessed_Dataset/cmmd/cmmd_650.jpg,Benign,non-cancer,D1-0983,train
cmmd,Preprocessed_Dataset/cmmd/cmmd_651.jpg,Benign,non-cancer,D1-0984,train
cmmd,Preprocessed_Dataset/cmmd/cmmd_652.jpg,Benign,non-cancer,D1-0985,train
cmmd,Preprocessed_Dataset/cmmd/cmmd_653.jpg,Benign,non-cancer,D1-0986,train
cmmd,Preprocessed_Dataset/cmmd/cmmd_654.jpg,Benign,non-cancer,D1-0987,train
cmmd,Preprocessed_Dataset/cmmd/cmmd_655.jpg,Benign,non-cancer,D1-0988,val
cmmd,Preprocessed_Dataset/cmmd/cmmd_656.jpg,Benign,non-cancer,D1-0989,train
cmmd,Preprocessed_Dataset/cmmd/cmmd_657.jpg,Benign,non-cancer,D1-0990,train
cmmd,Preprocessed_Dataset/cmmd/cmmd_658.jpg,Benign,non-cancer,D1-0991,train
cmmd,Preprocessed_Dataset/cmmd/cmmd_659.jpg,Benign,non-cancer,D1-0992,train
cmmd,Preprocessed_Dataset/cmmd/cmmd_660.jpg,Benign,non-cancer,D1-0993,train
cmmd,Preprocessed_Dataset/cmmd/cmmd_661.jpg,Benign,non-cancer,D1-0994,train
cmmd,Preprocessed_Dataset/cmmd/cmmd_662.jpg,Benign,non-cancer,D1-0995,val
cmmd,Preprocessed_Dataset/cmmd/cmmd_663.jpg,Benign,non-cancer,D1-0996,test
cmmd,Preprocessed_Dataset/cmmd/cmmd_664.jpg,Benign,non-cancer,D1-0997,train
cmmd,Preprocessed_Dataset/cmmd/cmmd_665.jpg,Benign,non-cancer,D1-0998,train
cmmd,Preprocessed_Dataset/cmmd/cmmd_666.jpg,Benign,non-cancer,D1-0999,test
cmmd,Preprocessed_Dataset/cmmd/cmmd_667.jpg,Benign,non-cancer,D1-1000,train
cmmd,Preprocessed_Dataset/cmmd/cmmd_668.jpg,Benign,non-cancer,D1-1001,test
cmmd,Preprocessed_Dataset/cmmd/cmmd_669.jpg,Benign,non-cancer,D1-1002,train
cmmd,Preprocessed_Dataset/cmmd/cmmd_670.jpg,Benign,non-cancer,D1-1003,train
cmmd,Preprocessed_Dataset/cmmd/cmmd_671.jpg,Benign,non-cancer,D1-1004,train
cmmd,Preprocessed_Dataset/cmmd/cmmd_672.jpg,Benign,non-cancer,D1-1005,train
cmmd,Preprocessed_Dataset/cmmd/cmmd_673.jpg,Benign,non-cancer,D1-1006,train
cmmd,Preprocessed_Dataset/cmmd/cmmd_674.jpg,Benign,non-cancer,D1-1007,val
cmmd,Preprocessed_Dataset/cmmd/cmmd_675.jpg,Benign,non-cancer,D1-1008,train
cmmd,Preprocessed_Dataset/cmmd/cmmd_676.jpg,Benign,non-cancer,D1-1009,train
cmmd,Preprocessed_Dataset/cmmd/cmmd_677.jpg,Benign,non-cancer,D1-1010,train
cmmd,Preprocessed_Dataset/cmmd/cmmd_678.jpg,Benign,non-cancer,D1-1011,test
cmmd,Preprocessed_Dataset/cmmd/cmmd_679.jpg,Benign,non-cancer,D1-1012,train
cmmd,Preprocessed_Dataset/cmmd/cmmd_680.jpg,Benign,non-cancer,D1-1013,train
cmmd,Preprocessed_Dataset/cmmd/cmmd_681.jpg,Benign,non-cancer,D1-1014,train
cmmd,Preprocessed_Dataset/cmmd/cmmd_682.jpg,Benign,non-cancer,D1-1015,val
cmmd,Preprocessed_Dataset/cmmd/cmmd_683.jpg,Benign,non-cancer,D1-1016,train
cmmd,Preprocessed_Dataset/cmmd/cmmd_684.jpg,Benign,non-cancer,D1-1017,val
cmmd,Preprocessed_Dataset/cmmd/cmmd_685.jpg,Benign,non-cancer,D1-1018,train
cmmd,Preprocessed_Dataset/cmmd/cmmd_686.jpg,Benign,non-cancer,D1-1019,train
cmmd,Preprocessed_Dataset/cmmd/cmmd_687.jpg,Benign,non-cancer,D1-1020,train
cmmd,Preprocessed_Dataset/cmmd/cmmd_688.jpg,Benign,non-cancer,D1-1021,train
cmmd,Preprocessed_Dataset/cmmd/cmmd_689.jpg,Benign,non-cancer,D1-1022,val
cmmd,Preprocessed_Dataset/cmmd/cmmd_690.jpg,Benign,non-cancer,D1-1023,train
cmmd,Preprocessed_Dataset/cmmd/cmmd_691.jpg,Benign,non-cancer,D1-1024,train
cmmd,Preprocessed_Dataset/cmmd/cmmd_692.jpg,Benign,non-cancer,D1-1025,train
cmmd,Preprocessed_Dataset/cmmd/cmmd_693.jpg,Benign,non-cancer,D1-1026,train
cmmd,Preprocessed_Dataset/cmmd/cmmd_694.jpg,Benign,non-cancer,D1-1027,train
cmmd,Preprocessed_Dataset/cmmd/cmmd_695.jpg,Benign,non-cancer,D1-1028,train
cmmd,Preprocessed_Dataset/cmmd/cmmd_696.jpg,Benign,non-cancer,D1-1029,train
cmmd,Preprocessed_Dataset/cmmd/cmmd_697.jpg,Benign,non-cancer,D1-1030,train
cmmd,Preprocessed_Dataset/cmmd/cmmd_698.jpg,Benign,non-cancer,D1-1031,train
cmmd,Preprocessed_Dataset/cmmd/cmmd_699.jpg,Benign,non-cancer,D1-1032,train
cmmd,Preprocessed_Dataset/cmmd/cmmd_700.jpg,Benign,non-cancer,D1-1033,train
cmmd,Preprocessed_Dataset/cmmd/cmmd_701.jpg,Benign,non-cancer,D1-1034,train
cmmd,Preprocessed_Dataset/cmmd/cmmd_702.jpg,Benign,non-cancer,D1-1035,train
cmmd,Preprocessed_Dataset/cmmd/cmmd_703.jpg,Benign,non-cancer,D1-1036,test
cmmd,Preprocessed_Dataset/cmmd/cmmd_704.jpg,Benign,non-cancer,D1-1037,train
cmmd,Preprocessed_Dataset/cmmd/cmmd_705.jpg,Benign,non-cancer,D1-1038,test
cmmd,Preprocessed_Dataset/cmmd/cmmd_706.jpg,Benign,non-cancer,D1-1039,val
cmmd,Preprocessed_Dataset/cmmd/cmmd_707.jpg,Benign,non-cancer,D1-1040,test
cmmd,Preprocessed_Dataset/cmmd/cmmd_708.jpg,Benign,non-cancer,D1-1041,test
cmmd,Preprocessed_Dataset/cmmd/cmmd_709.jpg,Malignant,cancer,D1-1042,train
cmmd,Preprocessed_Dataset/cmmd/cmmd_710.jpg,Malignant,cancer,D1-1045,test
cmmd,Preprocessed_Dataset/cmmd/cmmd_711.jpg,Malignant,cancer,D1-1047,train
cmmd,Preprocessed_Dataset/cmmd/cmmd_712.jpg,Benign,non-cancer,D1-1048,train
cmmd,Preprocessed_Dataset/cmmd/cmmd_713.jpg,Malignant,cancer,D1-1050,train
cmmd,Preprocessed_Dataset/cmmd/cmmd_714.jpg,Malignant,cancer,D1-1053,train
cmmd,Preprocessed_Dataset/cmmd/cmmd_715.jpg,Malignant,cancer,D1-1054,val
cmmd,Preprocessed_Dataset/cmmd/cmmd_716.jpg,Malignant,cancer,D1-1055,val
cmmd,Preprocessed_Dataset/cmmd/cmmd_717.jpg,Malignant,cancer,D1-1056,train
cmmd,Preprocessed_Dataset/cmmd/cmmd_718.jpg,Malignant,cancer,D1-1057,train
cmmd,Preprocessed_Dataset/cmmd/cmmd_719.jpg,Benign,non-cancer,D1-1059,train
cmmd,Preprocessed_Dataset/cmmd/cmmd_720.jpg,Malignant,cancer,D1-1061,train
cmmd,Preprocessed_Dataset/cmmd/cmmd_721.jpg,Malignant,cancer,D1-1066,train
cmmd,Preprocessed_Dataset/cmmd/cmmd_722.jpg,Malignant,cancer,D1-1068,train
cmmd,Preprocessed_Dataset/cmmd/cmmd_723.jpg,Malignant,cancer,D1-1069,test
cmmd,Preprocessed_Dataset/cmmd/cmmd_724.jpg,Malignant,cancer,D1-1071,test
cmmd,Preprocessed_Dataset/cmmd/cmmd_725.jpg,Malignant,cancer,D1-1074,train
cmmd,Preprocessed_Dataset/cmmd/cmmd_726.jpg,Malignant,cancer,D1-1076,train
cmmd,Preprocessed_Dataset/cmmd/cmmd_727.jpg,Malignant,cancer,D1-1077,train
cmmd,Preprocessed_Dataset/cmmd/cmmd_728.jpg,Malignant,cancer,D1-1078,train
cmmd,Preprocessed_Dataset/cmmd/cmmd_729.jpg,Malignant,cancer,D1-1079,train
cmmd,Preprocessed_Dataset/cmmd/cmmd_730.jpg,Malignant,cancer,D1-1080,train
cmmd,Preprocessed_Dataset/cmmd/cmmd_731.jpg,Malignant,cancer,D1-1081,train
cmmd,Preprocessed_Dataset/cmmd/cmmd_732.jpg,Malignant,cancer,D1-1082,train
cmmd,Preprocessed_Dataset/cmmd/cmmd_733.jpg,Malignant,cancer,D1-1087,test
cmmd,Preprocessed_Dataset/cmmd/cmmd_734.jpg,Malignant,cancer,D1-1094,val
cmmd,Preprocessed_Dataset/cmmd/cmmd_735.jpg,Malignant,cancer,D1-1095,train
cmmd,Preprocessed_Dataset/cmmd/cmmd_736.jpg,Malignant,cancer,D1-1098,train
cmmd,Preprocessed_Dataset/cmmd/cmmd_737.jpg,Malignant,cancer,D1-1100,train
cmmd,Preprocessed_Dataset/cmmd/cmmd_738.jpg,Malignant,cancer,D1-1101,train
cmmd,Preprocessed_Dataset/cmmd/cmmd_739.jpg,Malignant,cancer,D1-1106,test
cmmd,Preprocessed_Dataset/cmmd/cmmd_740.jpg,Malignant,cancer,D1-1107,test
cmmd,Preprocessed_Dataset/cmmd/cmmd_741.jpg,Malignant,cancer,D1-1111,train
cmmd,Preprocessed_Dataset/cmmd/cmmd_742.jpg,Malignant,cancer,D1-1115,train
cmmd,Preprocessed_Dataset/cmmd/cmmd_743.jpg,Malignant,cancer,D1-1118,train
cmmd,Preprocessed_Dataset/cmmd/cmmd_744.jpg,Malignant,cancer,D1-1120,train
cmmd,Preprocessed_Dataset/cmmd/cmmd_745.jpg,Malignant,cancer,D1-1124,train
cmmd,Preprocessed_Dataset/cmmd/cmmd_746.jpg,Malignant,cancer,D1-1125,train
cmmd,Preprocessed_Dataset/cmmd/cmmd_747.jpg,Malignant,cancer,D1-1126,test
cmmd,Preprocessed_Dataset/cmmd/cmmd_748.jpg,Malignant,cancer,D1-1129,train
cmmd,Preprocessed_Dataset/cmmd/cmmd_749.jpg,Malignant,cancer,D1-1133,train
cmmd,Preprocessed_Dataset/cmmd/cmmd_750.jpg,Malignant,cancer,D1-1135,test
cmmd,Preprocessed_Dataset/cmmd/cmmd_751.jpg,Malignant,cancer,D1-1138,train
cmmd,Preprocessed_Dataset/cmmd/cmmd_752.jpg,Malignant,cancer,D1-1139,train
cmmd,Preprocessed_Dataset/cmmd/cmmd_753.jpg,Malignant,cancer,D1-1140,train
cmmd,Preprocessed_Dataset/cmmd/cmmd_754.jpg,Malignant,cancer,D1-1149,test
cmmd,Preprocessed_Dataset/cmmd/cmmd_755.jpg,Malignant,cancer,D1-1150,train
cmmd,Preprocessed_Dataset/cmmd/cmmd_756.jpg,Malignant,cancer,D1-1151,train
cmmd,Preprocessed_Dataset/cmmd/cmmd_757.jpg,Malignant,cancer,D1-1154,train
cmmd,Preprocessed_Dataset/cmmd/cmmd_758.jpg,Malignant,cancer,D1-1155,train
cmmd,Preprocessed_Dataset/cmmd/cmmd_759.jpg,Malignant,cancer,D1-1156,val
cmmd,Preprocessed_Dataset/cmmd/cmmd_760.jpg,Malignant,cancer,D1-1163,train
cmmd,Preprocessed_Dataset/cmmd/cmmd_761.jpg,Malignant,cancer,D1-1166,train
cmmd,Preprocessed_Dataset/cmmd/cmmd_762.jpg,Malignant,cancer,D1-1167,train
cmmd,Preprocessed_Dataset/cmmd/cmmd_763.jpg,Malignant,cancer,D1-1168,train
cmmd,Preprocessed_Dataset/cmmd/cmmd_764.jpg,Malignant,cancer,D1-1169,val
cmmd,Preprocessed_Dataset/cmmd/cmmd_765.jpg,Malignant,cancer,D1-1170,train
cmmd,Preprocessed_Dataset/cmmd/cmmd_766.jpg,Malignant,cancer,D1-1173,val
cmmd,Preprocessed_Dataset/cmmd/cmmd_767.jpg,Malignant,cancer,D1-1174,train
cmmd,Preprocessed_Dataset/cmmd/cmmd_768.jpg,Malignant,cancer,D1-1178,train
cmmd,Preprocessed_Dataset/cmmd/cmmd_769.jpg,Malignant,cancer,D1-1180,train
cmmd,Preprocessed_Dataset/cmmd/cmmd_770.jpg,Malignant,cancer,D1-1181,train
cmmd,Preprocessed_Dataset/cmmd/cmmd_771.jpg,Malignant,cancer,D1-1183,train
cmmd,Preprocessed_Dataset/cmmd/cmmd_772.jpg,Malignant,cancer,D1-1184,test
cmmd,Preprocessed_Dataset/cmmd/cmmd_773.jpg,Malignant,cancer,D1-1185,train
cmmd,Preprocessed_Dataset/cmmd/cmmd_774.jpg,Malignant,cancer,D1-1187,train
cmmd,Preprocessed_Dataset/cmmd/cmmd_775.jpg,Malignant,cancer,D1-1189,test
cmmd,Preprocessed_Dataset/cmmd/cmmd_776.jpg,Malignant,cancer,D1-1192,train
cmmd,Preprocessed_Dataset/cmmd/cmmd_777.jpg,Malignant,cancer,D1-1193,train
cmmd,Preprocessed_Dataset/cmmd/cmmd_778.jpg,Malignant,cancer,D1-1196,train
cmmd,Preprocessed_Dataset/cmmd/cmmd_779.jpg,Malignant,cancer,D1-1197,train
cmmd,Preprocessed_Dataset/cmmd/cmmd_780.jpg,Malignant,cancer,D1-1199,train
cmmd,Preprocessed_Dataset/cmmd/cmmd_781.jpg,Malignant,cancer,D1-1200,train
cmmd,Preprocessed_Dataset/cmmd/cmmd_782.jpg,Malignant,cancer,D1-1201,train
cmmd,Preprocessed_Dataset/cmmd/cmmd_783.jpg,Malignant,cancer,D1-1203,train
cmmd,Preprocessed_Dataset/cmmd/cmmd_784.jpg,Malignant,cancer,D1-1205,val
cmmd,Preprocessed_Dataset/cmmd/cmmd_785.jpg,Malignant,cancer,D1-1206,train
cmmd,Preprocessed_Dataset/cmmd/cmmd_786.jpg,Malignant,cancer,D1-1208,val
cmmd,Preprocessed_Dataset/cmmd/cmmd_787.jpg,Malignant,cancer,D1-1211,train
cmmd,Preprocessed_Dataset/cmmd/cmmd_788.jpg,Malignant,cancer,D1-1213,test
cmmd,Preprocessed_Dataset/cmmd/cmmd_789.jpg,Malignant,cancer,D1-1218,train
cmmd,Preprocessed_Dataset/cmmd/cmmd_790.jpg,Benign,non-cancer,D1-1220,train
cmmd,Preprocessed_Dataset/cmmd/cmmd_791.jpg,Malignant,cancer,D1-1221,train
cmmd,Preprocessed_Dataset/cmmd/cmmd_792.jpg,Malignant,cancer,D1-1225,test
cmmd,Preprocessed_Dataset/cmmd/cmmd_793.jpg,Malignant,cancer,D1-1231,train
cmmd,Preprocessed_Dataset/cmmd/cmmd_794.jpg,Malignant,cancer,D1-1233,train
cmmd,Preprocessed_Dataset/cmmd/cmmd_795.jpg,Malignant,cancer,D1-1235,train
cmmd,Preprocessed_Dataset/cmmd/cmmd_796.jpg,Malignant,cancer,D1-1239,train
cmmd,Preprocessed_Dataset/cmmd/cmmd_797.jpg,Malignant,cancer,D1-1249,train
cmmd,Preprocessed_Dataset/cmmd/cmmd_798.jpg,Malignant,cancer,D1-1251,train
cmmd,Preprocessed_Dataset/cmmd/cmmd_799.jpg,Malignant,cancer,D1-1252,train
cmmd,Preprocessed_Dataset/cmmd/cmmd_800.jpg,Malignant,cancer,D1-1254,train
cmmd,Preprocessed_Dataset/cmmd/cmmd_801.jpg,Malignant,cancer,D1-1255,train
cmmd,Preprocessed_Dataset/cmmd/cmmd_802.jpg,Malignant,cancer,D1-1257,val
cmmd,Preprocessed_Dataset/cmmd/cmmd_803.jpg,Malignant,cancer,D1-1260,train
cmmd,Preprocessed_Dataset/cmmd/cmmd_804.jpg,Malignant,cancer,D1-1263,train
cmmd,Preprocessed_Dataset/cmmd/cmmd_805.jpg,Malignant,cancer,D1-1264,train
cmmd,Preprocessed_Dataset/cmmd/cmmd_806.jpg,Malignant,cancer,D1-1271,train
cmmd,Preprocessed_Dataset/cmmd/cmmd_807.jpg,Malignant,cancer,D1-1272,train
cmmd,Preprocessed_Dataset/cmmd/cmmd_808.jpg,Malignant,cancer,D1-1275,train
cmmd,Preprocessed_Dataset/cmmd/cmmd_809.jpg,Malignant,cancer,D1-1277,val
cmmd,Preprocessed_Dataset/cmmd/cmmd_810.jpg,Malignant,cancer,D1-1279,train
cmmd,Preprocessed_Dataset/cmmd/cmmd_811.jpg,Malignant,cancer,D1-1281,train
cmmd,Preprocessed_Dataset/cmmd/cmmd_812.jpg,Malignant,cancer,D1-1286,train
cmmd,Preprocessed_Dataset/cmmd/cmmd_813.jpg,Malignant,cancer,D1-1289,val
cmmd,Preprocessed_Dataset/cmmd/cmmd_814.jpg,Malignant,cancer,D1-1292,train
cmmd,Preprocessed_Dataset/cmmd/cmmd_815.jpg,Malignant,cancer,D1-1293,val
cmmd,Preprocessed_Dataset/cmmd/cmmd_816.jpg,Malignant,cancer,D1-1296,train
cmmd,Preprocessed_Dataset/cmmd/cmmd_817.jpg,Malignant,cancer,D1-1297,val
cmmd,Preprocessed_Dataset/cmmd/cmmd_818.jpg,Malignant,cancer,D1-1299,train
cmmd,Preprocessed_Dataset/cmmd/cmmd_819.jpg,Malignant,cancer,D1-1304,train
cmmd,Preprocessed_Dataset/cmmd/cmmd_820.jpg,Malignant,cancer,D1-1305,train
cmmd,Preprocessed_Dataset/cmmd/cmmd_821.jpg,Malignant,cancer,D1-1306,val
cmmd,Preprocessed_Dataset/cmmd/cmmd_822.jpg,Malignant,cancer,D1-1308,train
cmmd,Preprocessed_Dataset/cmmd/cmmd_823.jpg,Malignant,cancer,D1-1309,train
cmmd,Preprocessed_Dataset/cmmd/cmmd_824.jpg,Malignant,cancer,D1-1311,train
cmmd,Preprocessed_Dataset/cmmd/cmmd_825.jpg,Malignant,cancer,D1-1312,val
cmmd,Preprocessed_Dataset/cmmd/cmmd_826.jpg,Malignant,cancer,D1-1315,train
cmmd,Preprocessed_Dataset/cmmd/cmmd_827.jpg,Malignant,cancer,D1-1317,train
cmmd,Preprocessed_Dataset/cmmd/cmmd_828.jpg,Malignant,cancer,D1-1318,train
cmmd,Preprocessed_Dataset/cmmd/cmmd_829.jpg,Malignant,cancer,D1-1319,train
cmmd,Preprocessed_Dataset/cmmd/cmmd_830.jpg,Malignant,cancer,D1-1326,train
cmmd,Preprocessed_Dataset/cmmd/cmmd_831.jpg,Malignant,cancer,D1-1328,train
cmmd,Preprocessed_Dataset/cmmd/cmmd_832.jpg,Malignant,cancer,D1-1329,train
cmmd,Preprocessed_Dataset/cmmd/cmmd_833.jpg,Malignant,cancer,D1-1330,train
cmmd,Preprocessed_Dataset/cmmd/cmmd_834.jpg,Malignant,cancer,D1-1332,train
cmmd,Preprocessed_Dataset/cmmd/cmmd_835.jpg,Malignant,cancer,D1-1337,train
cmmd,Preprocessed_Dataset/cmmd/cmmd_836.jpg,Malignant,cancer,D1-1340,train
cmmd,Preprocessed_Dataset/cmmd/cmmd_837.jpg,Malignant,cancer,D1-1341,train
cmmd,Preprocessed_Dataset/cmmd/cmmd_838.jpg,Malignant,cancer,D1-1342,train
cmmd,Preprocessed_Dataset/cmmd/cmmd_839.jpg,Malignant,cancer,D1-1343,train
cmmd,Preprocessed_Dataset/cmmd/cmmd_840.jpg,Malignant,cancer,D1-1344,train
cmmd,Preprocessed_Dataset/cmmd/cmmd_841.jpg,Malignant,cancer,D1-1345,test
cmmd,Preprocessed_Dataset/cmmd/cmmd_842.jpg,Malignant,cancer,D1-1346,train
cmmd,Preprocessed_Dataset/cmmd/cmmd_843.jpg,Malignant,cancer,D1-1347,train
cmmd,Preprocessed_Dataset/cmmd/cmmd_844.jpg,Malignant,cancer,D1-1349,train
cmmd,Preprocessed_Dataset/cmmd/cmmd_845.jpg,Malignant,cancer,D1-1351,train
cmmd,Preprocessed_Dataset/cmmd/cmmd_846.jpg,Malignant,cancer,D1-1355,train
cmmd,Preprocessed_Dataset/cmmd/cmmd_847.jpg,Malignant,cancer,D1-1357,train
cmmd,Preprocessed_Dataset/cmmd/cmmd_848.jpg,Malignant,cancer,D1-1359,train
cmmd,Preprocessed_Dataset/cmmd/cmmd_849.jpg,Malignant,cancer,D1-1362,train
cmmd,Preprocessed_Dataset/cmmd/cmmd_850.jpg,Malignant,cancer,D1-1364,val
cmmd,Preprocessed_Dataset/cmmd/cmmd_851.jpg,Malignant,cancer,D1-1366,val
cmmd,Preprocessed_Dataset/cmmd/cmmd_852.jpg,Malignant,cancer,D1-1367,train
cmmd,Preprocessed_Dataset/cmmd/cmmd_853.jpg,Malignant,cancer,D1-1373,train
cmmd,Preprocessed_Dataset/cmmd/cmmd_854.jpg,Malignant,cancer,D1-1375,train
cmmd,Preprocessed_Dataset/cmmd/cmmd_855.jpg,Malignant,cancer,D1-1376,train
cmmd,Preprocessed_Dataset/cmmd/cmmd_856.jpg,Malignant,cancer,D1-1377,val
cmmd,Preprocessed_Dataset/cmmd/cmmd_857.jpg,Malignant,cancer,D1-1379,val
cmmd,Preprocessed_Dataset/cmmd/cmmd_858.jpg,Malignant,cancer,D1-1380,train
cmmd,Preprocessed_Dataset/cmmd/cmmd_859.jpg,Malignant,cancer,D1-1381,val
cmmd,Preprocessed_Dataset/cmmd/cmmd_860.jpg,Malignant,cancer,D1-1384,train
cmmd,Preprocessed_Dataset/cmmd/cmmd_861.jpg,Malignant,cancer,D1-1392,train
cmmd,Preprocessed_Dataset/cmmd/cmmd_862.jpg,Malignant,cancer,D1-1393,train
cmmd,Preprocessed_Dataset/cmmd/cmmd_863.jpg,Malignant,cancer,D1-1395,val
cmmd,Preprocessed_Dataset/cmmd/cmmd_864.jpg,Malignant,cancer,D1-1397,test
cmmd,Preprocessed_Dataset/cmmd/cmmd_865.jpg,Malignant,cancer,D1-1399,train
cmmd,Preprocessed_Dataset/cmmd/cmmd_866.jpg,Malignant,cancer,D1-1402,train
cmmd,Preprocessed_Dataset/cmmd/cmmd_867.jpg,Malignant,cancer,D1-1403,train
cmmd,Preprocessed_Dataset/cmmd/cmmd_868.jpg,Malignant,cancer,D1-1405,train
cmmd,Preprocessed_Dataset/cmmd/cmmd_869.jpg,Malignant,cancer,D1-1406,test
cmmd,Preprocessed_Dataset/cmmd/cmmd_870.jpg,Malignant,cancer,D1-1411,train
cmmd,Preprocessed_Dataset/cmmd/cmmd_871.jpg,Malignant,cancer,D1-1413,val
cmmd,Preprocessed_Dataset/cmmd/cmmd_872.jpg,Malignant,cancer,D1-1417,val
cmmd,Preprocessed_Dataset/cmmd/cmmd_873.jpg,Malignant,cancer,D1-1418,val
cmmd,Preprocessed_Dataset/cmmd/cmmd_874.jpg,Malignant,cancer,D1-1421,val
cmmd,Preprocessed_Dataset/cmmd/cmmd_875.jpg,Malignant,cancer,D1-1426,val
cmmd,Preprocessed_Dataset/cmmd/cmmd_876.jpg,Malignant,cancer,D1-1427,train
cmmd,Preprocessed_Dataset/cmmd/cmmd_877.jpg,Malignant,cancer,D1-1431,train
cmmd,Preprocessed_Dataset/cmmd/cmmd_878.jpg,Malignant,cancer,D1-1432,test
cmmd,Preprocessed_Dataset/cmmd/cmmd_879.jpg,Malignant,cancer,D1-1433,val
cmmd,Preprocessed_Dataset/cmmd/cmmd_880.jpg,Malignant,cancer,D1-1434,train
cmmd,Preprocessed_Dataset/cmmd/cmmd_881.jpg,Malignant,cancer,D1-1435,train
cmmd,Preprocessed_Dataset/cmmd/cmmd_882.jpg,Malignant,cancer,D1-1437,train
cmmd,Preprocessed_Dataset/cmmd/cmmd_883.jpg,Malignant,cancer,D1-1438,train
cmmd,Preprocessed_Dataset/cmmd/cmmd_884.jpg,Malignant,cancer,D1-1442,train
cmmd,Preprocessed_Dataset/cmmd/cmmd_885.jpg,Malignant,cancer,D1-1444,train
cmmd,Preprocessed_Dataset/cmmd/cmmd_886.jpg,Malignant,cancer,D1-1445,train
cmmd,Preprocessed_Dataset/cmmd/cmmd_887.jpg,Malignant,cancer,D1-1452,train
cmmd,Preprocessed_Dataset/cmmd/cmmd_888.jpg,Malignant,cancer,D1-1457,train
cmmd,Preprocessed_Dataset/cmmd/cmmd_889.jpg,Malignant,cancer,D1-1469,train
cmmd,Preprocessed_Dataset/cmmd/cmmd_890.jpg,Malignant,cancer,D1-1470,test
cmmd,Preprocessed_Dataset/cmmd/cmmd_891.jpg,Malignant,cancer,D1-1478,train
cmmd,Preprocessed_Dataset/cmmd/cmmd_892.jpg,Malignant,cancer,D1-1480,train
cmmd,Preprocessed_Dataset/cmmd/cmmd_893.jpg,Malignant,cancer,D1-1481,train
cmmd,Preprocessed_Dataset/cmmd/cmmd_894.jpg,Malignant,cancer,D1-1483,train
cmmd,Preprocessed_Dataset/cmmd/cmmd_895.jpg,Malignant,cancer,D1-1484,train
cmmd,Preprocessed_Dataset/cmmd/cmmd_896.jpg,Malignant,cancer,D1-1488,train
cmmd,Preprocessed_Dataset/cmmd/cmmd_897.jpg,Malignant,cancer,D1-1490,train
cmmd,Preprocessed_Dataset/cmmd/cmmd_898.jpg,Malignant,cancer,D1-1492,train
cmmd,Preprocessed_Dataset/cmmd/cmmd_899.jpg,Malignant,cancer,D1-1493,train
cmmd,Preprocessed_Dataset/cmmd/cmmd_900.jpg,Malignant,cancer,D1-1494,train
cmmd,Preprocessed_Dataset/cmmd/cmmd_901.jpg,Malignant,cancer,D1-1498,train
cmmd,Preprocessed_Dataset/cmmd/cmmd_902.jpg,Malignant,cancer,D1-1506,train
cmmd,Preprocessed_Dataset/cmmd/cmmd_903.jpg,Malignant,cancer,D1-1509,train
cmmd,Preprocessed_Dataset/cmmd/cmmd_904.jpg,Malignant,cancer,D1-1510,train
cmmd,Preprocessed_Dataset/cmmd/cmmd_905.jpg,Malignant,cancer,D1-1517,train
cmmd,Preprocessed_Dataset/cmmd/cmmd_906.jpg,Malignant,cancer,D1-1518,train
cmmd,Preprocessed_Dataset/cmmd/cmmd_907.jpg,Malignant,cancer,D1-1519,train
cmmd,Preprocessed_Dataset/cmmd/cmmd_908.jpg,Malignant,cancer,D1-1523,train
cmmd,Preprocessed_Dataset/cmmd/cmmd_909.jpg,Malignant,cancer,D1-1525,test
cmmd,Preprocessed_Dataset/cmmd/cmmd_910.jpg,Malignant,cancer,D1-1526,train
cmmd,Preprocessed_Dataset/cmmd/cmmd_911.jpg,Malignant,cancer,D1-1527,train
cmmd,Preprocessed_Dataset/cmmd/cmmd_912.jpg,Malignant,cancer,D1-1528,train
cmmd,Preprocessed_Dataset/cmmd/cmmd_913.jpg,Malignant,cancer,D1-1529,test
cmmd,Preprocessed_Dataset/cmmd/cmmd_914.jpg,Malignant,cancer,D1-1530,train
cmmd,Preprocessed_Dataset/cmmd/cmmd_915.jpg,Malignant,cancer,D1-1532,val
cmmd,Preprocessed_Dataset/cmmd/cmmd_916.jpg,Malignant,cancer,D1-1533,train
cmmd,Preprocessed_Dataset/cmmd/cmmd_917.jpg,Malignant,cancer,D1-1534,train
cmmd,Preprocessed_Dataset/cmmd/cmmd_918.jpg,Malignant,cancer,D1-1536,train
cmmd,Preprocessed_Dataset/cmmd/cmmd_919.jpg,Malignant,cancer,D1-1539,train
cmmd,Preprocessed_Dataset/cmmd/cmmd_920.jpg,Malignant,cancer,D1-1544,train
cmmd,Preprocessed_Dataset/cmmd/cmmd_921.jpg,Malignant,cancer,D1-1545,train
cmmd,Preprocessed_Dataset/cmmd/cmmd_922.jpg,Malignant,cancer,D1-1548,train
cmmd,Preprocessed_Dataset/cmmd/cmmd_923.jpg,Malignant,cancer,D1-1550,train
cmmd,Preprocessed_Dataset/cmmd/cmmd_924.jpg,Malignant,cancer,D1-1551,val
cmmd,Preprocessed_Dataset/cmmd/cmmd_925.jpg,Malignant,cancer,D1-1553,train
cmmd,Preprocessed_Dataset/cmmd/cmmd_926.jpg,Malignant,cancer,D1-1554,train
cmmd,Preprocessed_Dataset/cmmd/cmmd_927.jpg,Malignant,cancer,D1-1555,val
cmmd,Preprocessed_Dataset/cmmd/cmmd_928.jpg,Malignant,cancer,D1-1558,train
cmmd,Preprocessed_Dataset/cmmd/cmmd_929.jpg,Malignant,cancer,D1-1559,train
cmmd,Preprocessed_Dataset/cmmd/cmmd_930.jpg,Malignant,cancer,D1-1561,train
cmmd,Preprocessed_Dataset/cmmd/cmmd_931.jpg,Malignant,cancer,D1-1562,val
cmmd,Preprocessed_Dataset/cmmd/cmmd_932.jpg,Malignant,cancer,D1-1563,train
cmmd,Preprocessed_Dataset/cmmd/cmmd_933.jpg,Malignant,cancer,D1-1565,train
cmmd,Preprocessed_Dataset/cmmd/cmmd_934.jpg,Malignant,cancer,D1-1569,train
cmmd,Preprocessed_Dataset/cmmd/cmmd_935.jpg,Malignant,cancer,D1-1572,test
cmmd,Preprocessed_Dataset/cmmd/cmmd_936.jpg,Malignant,cancer,D1-1575,train
cmmd,Preprocessed_Dataset/cmmd/cmmd_937.jpg,Malignant,cancer,D1-1576,train
cmmd,Preprocessed_Dataset/cmmd/cmmd_938.jpg,Malignant,cancer,D1-1577,test
cmmd,Preprocessed_Dataset/cmmd/cmmd_939.jpg,Malignant,cancer,D1-1578,train
cmmd,Preprocessed_Dataset/cmmd/cmmd_940.jpg,Malignant,cancer,D1-1580,train
cmmd,Preprocessed_Dataset/cmmd/cmmd_941.jpg,Malignant,cancer,D1-1586,test
cmmd,Preprocessed_Dataset/cmmd/cmmd_942.jpg,Malignant,cancer,D1-1588,val
cmmd,Preprocessed_Dataset/cmmd/cmmd_943.jpg,Malignant,cancer,D1-1590,train
cmmd,Preprocessed_Dataset/cmmd/cmmd_944.jpg,Malignant,cancer,D1-1594,val
cmmd,Preprocessed_Dataset/cmmd/cmmd_945.jpg,Malignant,cancer,D1-1598,test
cmmd,Preprocessed_Dataset/cmmd/cmmd_946.jpg,Malignant,cancer,D1-1599,test
cmmd,Preprocessed_Dataset/cmmd/cmmd_947.jpg,Malignant,cancer,D1-1601,train
cmmd,Preprocessed_Dataset/cmmd/cmmd_948.jpg,Malignant,cancer,D1-1605,test
cmmd,Preprocessed_Dataset/cmmd/cmmd_949.jpg,Malignant,cancer,D1-1607,train
cmmd,Preprocessed_Dataset/cmmd/cmmd_950.jpg,Malignant,cancer,D1-1608,train
cmmd,Preprocessed_Dataset/cmmd/cmmd_951.jpg,Malignant,cancer,D1-1609,train
cmmd,Preprocessed_Dataset/cmmd/cmmd_952.jpg,Malignant,cancer,D1-1613,train
cmmd,Preprocessed_Dataset/cmmd/cmmd_953.jpg,Malignant,cancer,D1-1614,train
cmmd,Preprocessed_Dataset/cmmd/cmmd_954.jpg,Malignant,cancer,D1-1616,train
cmmd,Preprocessed_Dataset/cmmd/cmmd_955.jpg,Malignant,cancer,D1-1617,train
cmmd,Preprocessed_Dataset/cmmd/cmmd_956.jpg,Malignant,cancer,D1-1623,test
cmmd,Preprocessed_Dataset/cmmd/cmmd_957.jpg,Malignant,cancer,D1-1627,train
cmmd,Preprocessed_Dataset/cmmd/cmmd_958.jpg,Malignant,cancer,D1-1633,train
cmmd,Preprocessed_Dataset/cmmd/cmmd_959.jpg,Malignant,cancer,D1-1634,train
cmmd,Preprocessed_Dataset/cmmd/cmmd_960.jpg,Malignant,cancer,D1-1635,test
cmmd,Preprocessed_Dataset/cmmd/cmmd_961.jpg,Malignant,cancer,D1-1636,test
cmmd,Preprocessed_Dataset/cmmd/cmmd_962.jpg,Malignant,cancer,D1-1637,train
cmmd,Preprocessed_Dataset/cmmd/cmmd_963.jpg,Malignant,cancer,D1-1639,train
cmmd,Preprocessed_Dataset/cmmd/cmmd_964.jpg,Malignant,cancer,D1-1640,val
cmmd,Preprocessed_Dataset/cmmd/cmmd_965.jpg,Malignant,cancer,D1-1641,train
cmmd,Preprocessed_Dataset/cmmd/cmmd_966.jpg,Malignant,cancer,D1-1643,train
cmmd,Preprocessed_Dataset/cmmd/cmmd_967.jpg,Malignant,cancer,D1-1644,train
cmmd,Preprocessed_Dataset/cmmd/cmmd_968.jpg,Malignant,cancer,D1-1648,val
cmmd,Preprocessed_Dataset/cmmd/cmmd_969.jpg,Malignant,cancer,D1-1650,train
cmmd,Preprocessed_Dataset/cmmd/cmmd_970.jpg,Malignant,cancer,D1-1651,train
cmmd,Preprocessed_Dataset/cmmd/cmmd_971.jpg,Malignant,cancer,D1-1652,train
cmmd,Preprocessed_Dataset/cmmd/cmmd_972.jpg,Malignant,cancer,D1-1653,train
cmmd,Preprocessed_Dataset/cmmd/cmmd_973.jpg,Malignant,cancer,D1-1660,train
cmmd,Preprocessed_Dataset/cmmd/cmmd_974.jpg,Malignant,cancer,D1-1661,val
cmmd,Preprocessed_Dataset/cmmd/cmmd_975.jpg,Malignant,cancer,D1-1666,train
cmmd,Preprocessed_Dataset/cmmd/cmmd_976.jpg,Malignant,cancer,D1-1672,train
cmmd,Preprocessed_Dataset/cmmd/cmmd_977.jpg,Benign,non-cancer,D1-1673,train
cmmd,Preprocessed_Dataset/cmmd/cmmd_978.jpg,Malignant,cancer,D1-1674,test
cmmd,Preprocessed_Dataset/cmmd/cmmd_979.jpg,Malignant,cancer,D1-1677,train
cmmd,Preprocessed_Dataset/cmmd/cmmd_980.jpg,Malignant,cancer,D1-1685,train
cmmd,Preprocessed_Dataset/cmmd/cmmd_981.jpg,Malignant,cancer,D1-1687,val
cmmd,Preprocessed_Dataset/cmmd/cmmd_982.jpg,Malignant,cancer,D1-1689,test
cmmd,Preprocessed_Dataset/cmmd/cmmd_983.jpg,Malignant,cancer,D1-1690,test
cmmd,Preprocessed_Dataset/cmmd/cmmd_984.jpg,Malignant,cancer,D1-1691,val
cmmd,Preprocessed_Dataset/cmmd/cmmd_985.jpg,Malignant,cancer,D1-1693,val
cmmd,Preprocessed_Dataset/cmmd/cmmd_986.jpg,Malignant,cancer,D1-1694,train
cmmd,Preprocessed_Dataset/cmmd/cmmd_987.jpg,Malignant,cancer,D1-1696,train
cmmd,Preprocessed_Dataset/cmmd/cmmd_988.jpg,Malignant,cancer,D1-1698,train
cmmd,Preprocessed_Dataset/cmmd/cmmd_989.jpg,Malignant,cancer,D1-1704,train
cmmd,Preprocessed_Dataset/cmmd/cmmd_990.jpg,Malignant,cancer,D1-1708,val
cmmd,Preprocessed_Dataset/cmmd/cmmd_991.jpg,Malignant,cancer,D1-1710,train
cmmd,Preprocessed_Dataset/cmmd/cmmd_992.jpg,Malignant,cancer,D1-1713,train
cmmd,Preprocessed_Dataset/cmmd/cmmd_993.jpg,Malignant,cancer,D1-1714,val
cmmd,Preprocessed_Dataset/cmmd/cmmd_994.jpg,Malignant,cancer,D1-1715,train
cmmd,Preprocessed_Dataset/cmmd/cmmd_995.jpg,Malignant,cancer,D1-1716,train
cmmd,Preprocessed_Dataset/cmmd/cmmd_996.jpg,Malignant,cancer,D1-1717,train
cmmd,Preprocessed_Dataset/cmmd/cmmd_997.jpg,Malignant,cancer,D1-1718,val
cmmd,Preprocessed_Dataset/cmmd/cmmd_998.jpg,Malignant,cancer,D1-1719,train
cmmd,Preprocessed_Dataset/cmmd/cmmd_999.jpg,Malignant,cancer,D1-1721,train
cmmd,Preprocessed_Dataset/cmmd/cmmd_1000.jpg,Malignant,cancer,D1-1723,train
cmmd,Preprocessed_Dataset/cmmd/cmmd_1001.jpg,Malignant,cancer,D1-1726,train
cmmd,Preprocessed_Dataset/cmmd/cmmd_1002.jpg,Malignant,cancer,D1-1727,train
cmmd,Preprocessed_Dataset/cmmd/cmmd_1003.jpg,Malignant,cancer,D1-1730,train
cmmd,Preprocessed_Dataset/cmmd/cmmd_1004.jpg,Malignant,cancer,D1-1731,train
cmmd,Preprocessed_Dataset/cmmd/cmmd_1005.jpg,Malignant,cancer,D1-1732,train
cmmd,Preprocessed_Dataset/cmmd/cmmd_1006.jpg,Malignant,cancer,D1-1734,train
cmmd,Preprocessed_Dataset/cmmd/cmmd_1007.jpg,Malignant,cancer,D1-1737,train
cmmd,Preprocessed_Dataset/cmmd/cmmd_1008.jpg,Malignant,cancer,D1-1740,train
cmmd,Preprocessed_Dataset/cmmd/cmmd_1009.jpg,Malignant,cancer,D1-1743,train
cmmd,Preprocessed_Dataset/cmmd/cmmd_1010.jpg,Malignant,cancer,D1-1746,val
cmmd,Preprocessed_Dataset/cmmd/cmmd_1011.jpg,Malignant,cancer,D1-1749,train
cmmd,Preprocessed_Dataset/cmmd/cmmd_1012.jpg,Malignant,cancer,D1-1750,train
cmmd,Preprocessed_Dataset/cmmd/cmmd_1013.jpg,Malignant,cancer,D1-1751,test
cmmd,Preprocessed_Dataset/cmmd/cmmd_1014.jpg,Malignant,cancer,D1-1752,train
cmmd,Preprocessed_Dataset/cmmd/cmmd_1015.jpg,Malignant,cancer,D1-1753,train
cmmd,Preprocessed_Dataset/cmmd/cmmd_1016.jpg,Malignant,cancer,D1-1756,train
cmmd,Preprocessed_Dataset/cmmd/cmmd_1017.jpg,Malignant,cancer,D1-1757,train
cmmd,Preprocessed_Dataset/cmmd/cmmd_1018.jpg,Malignant,cancer,D1-1758,train
cmmd,Preprocessed_Dataset/cmmd/cmmd_1019.jpg,Malignant,cancer,D1-1761,val
cmmd,Preprocessed_Dataset/cmmd/cmmd_1020.jpg,Malignant,cancer,D1-1765,train
cmmd,Preprocessed_Dataset/cmmd/cmmd_1021.jpg,Malignant,cancer,D1-1766,train
cmmd,Preprocessed_Dataset/cmmd/cmmd_1022.jpg,Malignant,cancer,D1-1768,train
cmmd,Preprocessed_Dataset/cmmd/cmmd_1023.jpg,Malignant,cancer,D1-1769,val
cmmd,Preprocessed_Dataset/cmmd/cmmd_1024.jpg,Malignant,cancer,D1-1771,train
cmmd,Preprocessed_Dataset/cmmd/cmmd_1025.jpg,Malignant,cancer,D1-1775,train
cmmd,Preprocessed_Dataset/cmmd/cmmd_1026.jpg,Malignant,cancer,D2-0001,test
cmmd,Preprocessed_Dataset/cmmd/cmmd_1027.jpg,Malignant,cancer,D2-0002,train
cmmd,Preprocessed_Dataset/cmmd/cmmd_1028.jpg,Malignant,cancer,D2-0003,train
cmmd,Preprocessed_Dataset/cmmd/cmmd_1029.jpg,Malignant,cancer,D2-0004,train
cmmd,Preprocessed_Dataset/cmmd/cmmd_1030.jpg,Malignant,cancer,D2-0005,test
cmmd,Preprocessed_Dataset/cmmd/cmmd_1031.jpg,Malignant,cancer,D2-0006,train
cmmd,Preprocessed_Dataset/cmmd/cmmd_1032.jpg,Malignant,cancer,D2-0007,test
cmmd,Preprocessed_Dataset/cmmd/cmmd_1033.jpg,Malignant,cancer,D2-0008,train
cmmd,Preprocessed_Dataset/cmmd/cmmd_1034.jpg,Malignant,cancer,D2-0009,train
cmmd,Preprocessed_Dataset/cmmd/cmmd_1035.jpg,Malignant,cancer,D2-0010,test
cmmd,Preprocessed_Dataset/cmmd/cmmd_1036.jpg,Malignant,cancer,D2-0011,train
cmmd,Preprocessed_Dataset/cmmd/cmmd_1037.jpg,Malignant,cancer,D2-0012,train
cmmd,Preprocessed_Dataset/cmmd/cmmd_1038.jpg,Malignant,cancer,D2-0013,val
cmmd,Preprocessed_Dataset/cmmd/cmmd_1039.jpg,Malignant,cancer,D2-0014,train
cmmd,Preprocessed_Dataset/cmmd/cmmd_1040.jpg,Malignant,cancer,D2-0015,train
cmmd,Preprocessed_Dataset/cmmd/cmmd_1041.jpg,Malignant,cancer,D2-0016,train
cmmd,Preprocessed_Dataset/cmmd/cmmd_1042.jpg,Malignant,cancer,D2-0017,train
cmmd,Preprocessed_Dataset/cmmd/cmmd_1043.jpg,Malignant,cancer,D2-0018,train
cmmd,Preprocessed_Dataset/cmmd/cmmd_1044.jpg,Malignant,cancer,D2-0019,train
cmmd,Preprocessed_Dataset/cmmd/cmmd_1045.jpg,Malignant,cancer,D2-0020,train
cmmd,Preprocessed_Dataset/cmmd/cmmd_1046.jpg,Malignant,cancer,D2-0021,train
cmmd,Preprocessed_Dataset/cmmd/cmmd_1047.jpg,Malignant,cancer,D2-0022,val
cmmd,Preprocessed_Dataset/cmmd/cmmd_1048.jpg,Malignant,cancer,D2-0023,train
cmmd,Preprocessed_Dataset/cmmd/cmmd_1049.jpg,Malignant,cancer,D2-0024,train
cmmd,Preprocessed_Dataset/cmmd/cmmd_1050.jpg,Malignant,cancer,D2-0025,train
cmmd,Preprocessed_Dataset/cmmd/cmmd_1051.jpg,Malignant,cancer,D2-0026,train
cmmd,Preprocessed_Dataset/cmmd/cmmd_1052.jpg,Malignant,cancer,D2-0027,train
cmmd,Preprocessed_Dataset/cmmd/cmmd_1053.jpg,Malignant,cancer,D2-0028,test
cmmd,Preprocessed_Dataset/cmmd/cmmd_1054.jpg,Malignant,cancer,D2-0029,train
cmmd,Preprocessed_Dataset/cmmd/cmmd_1055.jpg,Malignant,cancer,D2-0030,train
cmmd,Preprocessed_Dataset/cmmd/cmmd_1056.jpg,Malignant,cancer,D2-0031,train
cmmd,Preprocessed_Dataset/cmmd/cmmd_1057.jpg,Malignant,cancer,D2-0032,train
cmmd,Preprocessed_Dataset/cmmd/cmmd_1058.jpg,Malignant,cancer,D2-0033,train
cmmd,Preprocessed_Dataset/cmmd/cmmd_1059.jpg,Malignant,cancer,D2-0034,train
cmmd,Preprocessed_Dataset/cmmd/cmmd_1060.jpg,Malignant,cancer,D2-0035,train
cmmd,Preprocessed_Dataset/cmmd/cmmd_1061.jpg,Malignant,cancer,D2-0036,test
cmmd,Preprocessed_Dataset/cmmd/cmmd_1062.jpg,Malignant,cancer,D2-0037,train
cmmd,Preprocessed_Dataset/cmmd/cmmd_1063.jpg,Malignant,cancer,D2-0038,train
cmmd,Preprocessed_Dataset/cmmd/cmmd_1064.jpg,Malignant,cancer,D2-0039,val
cmmd,Preprocessed_Dataset/cmmd/cmmd_1065.jpg,Malignant,cancer,D2-0040,train
cmmd,Preprocessed_Dataset/cmmd/cmmd_1066.jpg,Malignant,cancer,D2-0041,train
cmmd,Preprocessed_Dataset/cmmd/cmmd_1067.jpg,Malignant,cancer,D2-0042,test
cmmd,Preprocessed_Dataset/cmmd/cmmd_1068.jpg,Malignant,cancer,D2-0043,train
cmmd,Preprocessed_Dataset/cmmd/cmmd_1069.jpg,Malignant,cancer,D2-0044,val
cmmd,Preprocessed_Dataset/cmmd/cmmd_1070.jpg,Malignant,cancer,D2-0045,train
cmmd,Preprocessed_Dataset/cmmd/cmmd_1071.jpg,Malignant,cancer,D2-0046,train
cmmd,Preprocessed_Dataset/cmmd/cmmd_1072.jpg,Malignant,cancer,D2-0047,train
cmmd,Preprocessed_Dataset/cmmd/cmmd_1073.jpg,Malignant,cancer,D2-0048,val
cmmd,Preprocessed_Dataset/cmmd/cmmd_1074.jpg,Malignant,cancer,D2-0049,train
cmmd,Preprocessed_Dataset/cmmd/cmmd_1075.jpg,Malignant,cancer,D2-0050,train
cmmd,Preprocessed_Dataset/cmmd/cmmd_1076.jpg,Malignant,cancer,D2-0051,train
cmmd,Preprocessed_Dataset/cmmd/cmmd_1077.jpg,Malignant,cancer,D2-0052,train
cmmd,Preprocessed_Dataset/cmmd/cmmd_1078.jpg,Malignant,cancer,D2-0053,train
cmmd,Preprocessed_Dataset/cmmd/cmmd_1079.jpg,Malignant,cancer,D2-0054,train
cmmd,Preprocessed_Dataset/cmmd/cmmd_1080.jpg,Malignant,cancer,D2-0055,val
cmmd,Preprocessed_Dataset/cmmd/cmmd_1081.jpg,Malignant,cancer,D2-0056,train
cmmd,Preprocessed_Dataset/cmmd/cmmd_1082.jpg,Malignant,cancer,D2-0057,train
cmmd,Preprocessed_Dataset/cmmd/cmmd_1083.jpg,Malignant,cancer,D2-0058,train
cmmd,Preprocessed_Dataset/cmmd/cmmd_1084.jpg,Malignant,cancer,D2-0059,test
cmmd,Preprocessed_Dataset/cmmd/cmmd_1085.jpg,Malignant,cancer,D2-0060,train
cmmd,Preprocessed_Dataset/cmmd/cmmd_1086.jpg,Malignant,cancer,D2-0061,val
cmmd,Preprocessed_Dataset/cmmd/cmmd_1087.jpg,Malignant,cancer,D2-0062,train
cmmd,Preprocessed_Dataset/cmmd/cmmd_1088.jpg,Malignant,cancer,D2-0063,val
cmmd,Preprocessed_Dataset/cmmd/cmmd_1089.jpg,Malignant,cancer,D2-0064,train
cmmd,Preprocessed_Dataset/cmmd/cmmd_1090.jpg,Malignant,cancer,D2-0065,train
cmmd,Preprocessed_Dataset/cmmd/cmmd_1091.jpg,Malignant,cancer,D2-0066,train
cmmd,Preprocessed_Dataset/cmmd/cmmd_1092.jpg,Malignant,cancer,D2-0067,train
cmmd,Preprocessed_Dataset/cmmd/cmmd_1093.jpg,Malignant,cancer,D2-0068,val
cmmd,Preprocessed_Dataset/cmmd/cmmd_1094.jpg,Malignant,cancer,D2-0069,val
cmmd,Preprocessed_Dataset/cmmd/cmmd_1095.jpg,Malignant,cancer,D2-0070,train
cmmd,Preprocessed_Dataset/cmmd/cmmd_1096.jpg,Malignant,cancer,D2-0071,test
cmmd,Preprocessed_Dataset/cmmd/cmmd_1097.jpg,Malignant,cancer,D2-0072,train
cmmd,Preprocessed_Dataset/cmmd/cmmd_1098.jpg,Malignant,cancer,D2-0073,test
cmmd,Preprocessed_Dataset/cmmd/cmmd_1099.jpg,Malignant,cancer,D2-0074,train
cmmd,Preprocessed_Dataset/cmmd/cmmd_1100.jpg,Malignant,cancer,D2-0075,val
cmmd,Preprocessed_Dataset/cmmd/cmmd_1101.jpg,Malignant,cancer,D2-0076,test
cmmd,Preprocessed_Dataset/cmmd/cmmd_1102.jpg,Malignant,cancer,D2-0077,test
cmmd,Preprocessed_Dataset/cmmd/cmmd_1103.jpg,Malignant,cancer,D2-0078,test
cmmd,Preprocessed_Dataset/cmmd/cmmd_1104.jpg,Malignant,cancer,D2-0079,train
cmmd,Preprocessed_Dataset/cmmd/cmmd_1105.jpg,Malignant,cancer,D2-0080,train
cmmd,Preprocessed_Dataset/cmmd/cmmd_1106.jpg,Malignant,cancer,D2-0081,val
cmmd,Preprocessed_Dataset/cmmd/cmmd_1107.jpg,Malignant,cancer,D2-0082,test
cmmd,Preprocessed_Dataset/cmmd/cmmd_1108.jpg,Malignant,cancer,D2-0083,test
cmmd,Preprocessed_Dataset/cmmd/cmmd_1109.jpg,Malignant,cancer,D2-0084,val
cmmd,Preprocessed_Dataset/cmmd/cmmd_1110.jpg,Malignant,cancer,D2-0085,train
cmmd,Preprocessed_Dataset/cmmd/cmmd_1111.jpg,Malignant,cancer,D2-0086,train
cmmd,Preprocessed_Dataset/cmmd/cmmd_1112.jpg,Malignant,cancer,D2-0087,train
cmmd,Preprocessed_Dataset/cmmd/cmmd_1113.jpg,Malignant,cancer,D2-0088,train
cmmd,Preprocessed_Dataset/cmmd/cmmd_1114.jpg,Malignant,cancer,D2-0089,test
cmmd,Preprocessed_Dataset/cmmd/cmmd_1115.jpg,Benign,non-cancer,D2-0090,test
cmmd,Preprocessed_Dataset/cmmd/cmmd_1116.jpg,Malignant,cancer,D2-0091,train
cmmd,Preprocessed_Dataset/cmmd/cmmd_1117.jpg,Benign,non-cancer,D2-0092,train
cmmd,Preprocessed_Dataset/cmmd/cmmd_1118.jpg,Malignant,cancer,D2-0093,val
cmmd,Preprocessed_Dataset/cmmd/cmmd_1119.jpg,Malignant,cancer,D2-0094,test
cmmd,Preprocessed_Dataset/cmmd/cmmd_1120.jpg,Malignant,cancer,D2-0095,train
cmmd,Preprocessed_Dataset/cmmd/cmmd_1121.jpg,Malignant,cancer,D2-0096,test
cmmd,Preprocessed_Dataset/cmmd/cmmd_1122.jpg,Malignant,cancer,D2-0097,test
cmmd,Preprocessed_Dataset/cmmd/cmmd_1123.jpg,Malignant,cancer,D2-0098,train
cmmd,Preprocessed_Dataset/cmmd/cmmd_1124.jpg,Malignant,cancer,D2-0099,train
cmmd,Preprocessed_Dataset/cmmd/cmmd_1125.jpg,Malignant,cancer,D2-0100,train
cmmd,Preprocessed_Dataset/cmmd/cmmd_1126.jpg,Malignant,cancer,D2-0101,val
cmmd,Preprocessed_Dataset/cmmd/cmmd_1127.jpg,Malignant,cancer,D2-0102,test
cmmd,Preprocessed_Dataset/cmmd/cmmd_1128.jpg,Malignant,cancer,D2-0103,train
cmmd,Preprocessed_Dataset/cmmd/cmmd_1129.jpg,Malignant,cancer,D2-0104,train
cmmd,Preprocessed_Dataset/cmmd/cmmd_1130.jpg,Malignant,cancer,D2-0105,train
cmmd,Preprocessed_Dataset/cmmd/cmmd_1131.jpg,Malignant,cancer,D2-0106,train
cmmd,Preprocessed_Dataset/cmmd/cmmd_1132.jpg,Malignant,cancer,D2-0107,val
cmmd,Preprocessed_Dataset/cmmd/cmmd_1133.jpg,Malignant,cancer,D2-0108,train
cmmd,Preprocessed_Dataset/cmmd/cmmd_1134.jpg,Malignant,cancer,D2-0109,train
cmmd,Preprocessed_Dataset/cmmd/cmmd_1135.jpg,Malignant,cancer,D2-0110,train
cmmd,Preprocessed_Dataset/cmmd/cmmd_1136.jpg,Malignant,cancer,D2-0111,train
cmmd,Preprocessed_Dataset/cmmd/cmmd_1137.jpg,Malignant,cancer,D2-0112,train
cmmd,Preprocessed_Dataset/cmmd/cmmd_1138.jpg,Malignant,cancer,D2-0113,train
cmmd,Preprocessed_Dataset/cmmd/cmmd_1139.jpg,Malignant,cancer,D2-0114,train
cmmd,Preprocessed_Dataset/cmmd/cmmd_1140.jpg,Malignant,cancer,D2-0115,train
cmmd,Preprocessed_Dataset/cmmd/cmmd_1141.jpg,Malignant,cancer,D2-0116,train
cmmd,Preprocessed_Dataset/cmmd/cmmd_1142.jpg,Malignant,cancer,D2-0117,train
cmmd,Preprocessed_Dataset/cmmd/cmmd_1143.jpg,Malignant,cancer,D2-0118,train
cmmd,Preprocessed_Dataset/cmmd/cmmd_1144.jpg,Malignant,cancer,D2-0119,val
cmmd,Preprocessed_Dataset/cmmd/cmmd_1145.jpg,Malignant,cancer,D2-0120,train
cmmd,Preprocessed_Dataset/cmmd/cmmd_1146.jpg,Malignant,cancer,D2-0121,test
cmmd,Preprocessed_Dataset/cmmd/cmmd_1147.jpg,Malignant,cancer,D2-0122,val
cmmd,Preprocessed_Dataset/cmmd/cmmd_1148.jpg,Malignant,cancer,D2-0123,val
cmmd,Preprocessed_Dataset/cmmd/cmmd_1149.jpg,Malignant,cancer,D2-0124,val
cmmd,Preprocessed_Dataset/cmmd/cmmd_1150.jpg,Malignant,cancer,D2-0125,test
cmmd,Preprocessed_Dataset/cmmd/cmmd_1151.jpg,Malignant,cancer,D2-0126,train
cmmd,Preprocessed_Dataset/cmmd/cmmd_1152.jpg,Malignant,cancer,D2-0127,train
cmmd,Preprocessed_Dataset/cmmd/cmmd_1153.jpg,Malignant,cancer,D2-0128,train
cmmd,Preprocessed_Dataset/cmmd/cmmd_1154.jpg,Malignant,cancer,D2-0129,test
cmmd,Preprocessed_Dataset/cmmd/cmmd_1155.jpg,Malignant,cancer,D2-0130,train
cmmd,Preprocessed_Dataset/cmmd/cmmd_1156.jpg,Malignant,cancer,D2-0131,train
cmmd,Preprocessed_Dataset/cmmd/cmmd_1157.jpg,Malignant,cancer,D2-0132,train
cmmd,Preprocessed_Dataset/cmmd/cmmd_1158.jpg,Malignant,cancer,D2-0133,train
cmmd,Preprocessed_Dataset/cmmd/cmmd_1159.jpg,Malignant,cancer,D2-0134,train
cmmd,Preprocessed_Dataset/cmmd/cmmd_1160.jpg,Malignant,cancer,D2-0135,test
cmmd,Preprocessed_Dataset/cmmd/cmmd_1161.jpg,Malignant,cancer,D2-0136,val
cmmd,Preprocessed_Dataset/cmmd/cmmd_1162.jpg,Malignant,cancer,D2-0137,test
cmmd,Preprocessed_Dataset/cmmd/cmmd_1163.jpg,Malignant,cancer,D2-0138,train
cmmd,Preprocessed_Dataset/cmmd/cmmd_1164.jpg,Malignant,cancer,D2-0139,train
cmmd,Preprocessed_Dataset/cmmd/cmmd_1165.jpg,Malignant,cancer,D2-0140,test
cmmd,Preprocessed_Dataset/cmmd/cmmd_1166.jpg,Malignant,cancer,D2-0141,train
cmmd,Preprocessed_Dataset/cmmd/cmmd_1167.jpg,Malignant,cancer,D2-0142,train
cmmd,Preprocessed_Dataset/cmmd/cmmd_1168.jpg,Malignant,cancer,D2-0143,train
cmmd,Preprocessed_Dataset/cmmd/cmmd_1169.jpg,Malignant,cancer,D2-0144,train
cmmd,Preprocessed_Dataset/cmmd/cmmd_1170.jpg,Malignant,cancer,D2-0145,train
cmmd,Preprocessed_Dataset/cmmd/cmmd_1171.jpg,Malignant,cancer,D2-0146,train
cmmd,Preprocessed_Dataset/cmmd/cmmd_1172.jpg,Malignant,cancer,D2-0147,val
cmmd,Preprocessed_Dataset/cmmd/cmmd_1173.jpg,Malignant,cancer,D2-0148,train
cmmd,Preprocessed_Dataset/cmmd/cmmd_1174.jpg,Malignant,cancer,D2-0149,train
cmmd,Preprocessed_Dataset/cmmd/cmmd_1175.jpg,Malignant,cancer,D2-0150,train
cmmd,Preprocessed_Dataset/cmmd/cmmd_1176.jpg,Malignant,cancer,D2-0151,train
cmmd,Preprocessed_Dataset/cmmd/cmmd_1177.jpg,Malignant,cancer,D2-0152,train
cmmd,Preprocessed_Dataset/cmmd/cmmd_1178.jpg,Malignant,cancer,D2-0153,train
cmmd,Preprocessed_Dataset/cmmd/cmmd_1179.jpg,Malignant,cancer,D2-0154,train
cmmd,Preprocessed_Dataset/cmmd/cmmd_1180.jpg,Malignant,cancer,D2-0155,train
cmmd,Preprocessed_Dataset/cmmd/cmmd_1181.jpg,Malignant,cancer,D2-0156,train
cmmd,Preprocessed_Dataset/cmmd/cmmd_1182.jpg,Malignant,cancer,D2-0157,test
cmmd,Preprocessed_Dataset/cmmd/cmmd_1183.jpg,Benign,non-cancer,D2-0158,train
cmmd,Preprocessed_Dataset/cmmd/cmmd_1184.jpg,Malignant,cancer,D2-0159,train
cmmd,Preprocessed_Dataset/cmmd/cmmd_1185.jpg,Malignant,cancer,D2-0160,train
cmmd,Preprocessed_Dataset/cmmd/cmmd_1186.jpg,Malignant,cancer,D2-0161,train
cmmd,Preprocessed_Dataset/cmmd/cmmd_1187.jpg,Malignant,cancer,D2-0162,train
cmmd,Preprocessed_Dataset/cmmd/cmmd_1188.jpg,Malignant,cancer,D2-0163,train
cmmd,Preprocessed_Dataset/cmmd/cmmd_1189.jpg,Malignant,cancer,D2-0164,val
cmmd,Preprocessed_Dataset/cmmd/cmmd_1190.jpg,Malignant,cancer,D2-0165,val
cmmd,Preprocessed_Dataset/cmmd/cmmd_1191.jpg,Malignant,cancer,D2-0166,train
cmmd,Preprocessed_Dataset/cmmd/cmmd_1192.jpg,Malignant,cancer,D2-0167,train
cmmd,Preprocessed_Dataset/cmmd/cmmd_1193.jpg,Malignant,cancer,D2-0168,val
cmmd,Preprocessed_Dataset/cmmd/cmmd_1194.jpg,Malignant,cancer,D2-0169,train
cmmd,Preprocessed_Dataset/cmmd/cmmd_1195.jpg,Malignant,cancer,D2-0170,train
cmmd,Preprocessed_Dataset/cmmd/cmmd_1196.jpg,Malignant,cancer,D2-0171,train
cmmd,Preprocessed_Dataset/cmmd/cmmd_1197.jpg,Malignant,cancer,D2-0172,train
cmmd,Preprocessed_Dataset/cmmd/cmmd_1198.jpg,Malignant,cancer,D2-0173,train
cmmd,Preprocessed_Dataset/cmmd/cmmd_1199.jpg,Malignant,cancer,D2-0174,train
cmmd,Preprocessed_Dataset/cmmd/cmmd_1200.jpg,Malignant,cancer,D2-0175,train
cmmd,Preprocessed_Dataset/cmmd/cmmd_1201.jpg,Malignant,cancer,D2-0176,train
cmmd,Preprocessed_Dataset/cmmd/cmmd_1202.jpg,Malignant,cancer,D2-0177,train
cmmd,Preprocessed_Dataset/cmmd/cmmd_1203.jpg,Malignant,cancer,D2-0178,train
cmmd,Preprocessed_Dataset/cmmd/cmmd_1204.jpg,Malignant,cancer,D2-0179,test
cmmd,Preprocessed_Dataset/cmmd/cmmd_1205.jpg,Malignant,cancer,D2-0180,train
cmmd,Preprocessed_Dataset/cmmd/cmmd_1206.jpg,Malignant,cancer,D2-0181,test
cmmd,Preprocessed_Dataset/cmmd/cmmd_1207.jpg,Malignant,cancer,D2-0182,train
cmmd,Preprocessed_Dataset/cmmd/cmmd_1208.jpg,Malignant,cancer,D2-0183,train
cmmd,Preprocessed_Dataset/cmmd/cmmd_1209.jpg,Malignant,cancer,D2-0184,train
cmmd,Preprocessed_Dataset/cmmd/cmmd_1210.jpg,Malignant,cancer,D2-0185,train
cmmd,Preprocessed_Dataset/cmmd/cmmd_1211.jpg,Malignant,cancer,D2-0186,test
cmmd,Preprocessed_Dataset/cmmd/cmmd_1212.jpg,Malignant,cancer,D2-0187,test
cmmd,Preprocessed_Dataset/cmmd/cmmd_1213.jpg,Malignant,cancer,D2-0188,val
cmmd,Preprocessed_Dataset/cmmd/cmmd_1214.jpg,Malignant,cancer,D2-0189,val
cmmd,Preprocessed_Dataset/cmmd/cmmd_1215.jpg,Malignant,cancer,D2-0190,val
cmmd,Preprocessed_Dataset/cmmd/cmmd_1216.jpg,Malignant,cancer,D2-0191,train
cmmd,Preprocessed_Dataset/cmmd/cmmd_1217.jpg,Malignant,cancer,D2-0192,train
cmmd,Preprocessed_Dataset/cmmd/cmmd_1218.jpg,Malignant,cancer,D2-0193,train
cmmd,Preprocessed_Dataset/cmmd/cmmd_1219.jpg,Malignant,cancer,D2-0194,train
cmmd,Preprocessed_Dataset/cmmd/cmmd_1220.jpg,Malignant,cancer,D2-0195,train
cmmd,Preprocessed_Dataset/cmmd/cmmd_1221.jpg,Malignant,cancer,D2-0196,train
cmmd,Preprocessed_Dataset/cmmd/cmmd_1222.jpg,Malignant,cancer,D2-0197,test
cmmd,Preprocessed_Dataset/cmmd/cmmd_1223.jpg,Malignant,cancer,D2-0198,train
cmmd,Preprocessed_Dataset/cmmd/cmmd_1224.jpg,Malignant,cancer,D2-0199,train
cmmd,Preprocessed_Dataset/cmmd/cmmd_1225.jpg,Malignant,cancer,D2-0200,train
cmmd,Preprocessed_Dataset/cmmd/cmmd_1226.jpg,Malignant,cancer,D2-0201,train
cmmd,Preprocessed_Dataset/cmmd/cmmd_1227.jpg,Malignant,cancer,D2-0202,val
cmmd,Preprocessed_Dataset/cmmd/cmmd_1228.jpg,Malignant,cancer,D2-0203,train
cmmd,Preprocessed_Dataset/cmmd/cmmd_1229.jpg,Malignant,cancer,D2-0204,train
cmmd,Preprocessed_Dataset/cmmd/cmmd_1230.jpg,Malignant,cancer,D2-0205,val
cmmd,Preprocessed_Dataset/cmmd/cmmd_1231.jpg,Malignant,cancer,D2-0206,train
cmmd,Preprocessed_Dataset/cmmd/cmmd_1232.jpg,Malignant,cancer,D2-0207,train
cmmd,Preprocessed_Dataset/cmmd/cmmd_1233.jpg,Malignant,cancer,D2-0208,val
cmmd,Preprocessed_Dataset/cmmd/cmmd_1234.jpg,Malignant,cancer,D2-0209,train
cmmd,Preprocessed_Dataset/cmmd/cmmd_1235.jpg,Malignant,cancer,D2-0210,train
cmmd,Preprocessed_Dataset/cmmd/cmmd_1236.jpg,Malignant,cancer,D2-0211,train
cmmd,Preprocessed_Dataset/cmmd/cmmd_1237.jpg,Malignant,cancer,D2-0212,val
cmmd,Preprocessed_Dataset/cmmd/cmmd_1238.jpg,Malignant,cancer,D2-0213,train
cmmd,Preprocessed_Dataset/cmmd/cmmd_1239.jpg,Malignant,cancer,D2-0214,val
cmmd,Preprocessed_Dataset/cmmd/cmmd_1240.jpg,Malignant,cancer,D2-0215,val
cmmd,Preprocessed_Dataset/cmmd/cmmd_1241.jpg,Malignant,cancer,D2-0216,train
cmmd,Preprocessed_Dataset/cmmd/cmmd_1242.jpg,Malignant,cancer,D2-0217,train
cmmd,Preprocessed_Dataset/cmmd/cmmd_1243.jpg,Malignant,cancer,D2-0218,test
cmmd,Preprocessed_Dataset/cmmd/cmmd_1244.jpg,Malignant,cancer,D2-0219,train
cmmd,Preprocessed_Dataset/cmmd/cmmd_1245.jpg,Malignant,cancer,D2-0220,train
cmmd,Preprocessed_Dataset/cmmd/cmmd_1246.jpg,Malignant,cancer,D2-0221,test
cmmd,Preprocessed_Dataset/cmmd/cmmd_1247.jpg,Malignant,cancer,D2-0222,train
cmmd,Preprocessed_Dataset/cmmd/cmmd_1248.jpg,Malignant,cancer,D2-0223,val
cmmd,Preprocessed_Dataset/cmmd/cmmd_1249.jpg,Malignant,cancer,D2-0224,train
cmmd,Preprocessed_Dataset/cmmd/cmmd_1250.jpg,Malignant,cancer,D2-0225,val
cmmd,Preprocessed_Dataset/cmmd/cmmd_1251.jpg,Malignant,cancer,D2-0226,train
cmmd,Preprocessed_Dataset/cmmd/cmmd_1252.jpg,Malignant,cancer,D2-0227,train
cmmd,Preprocessed_Dataset/cmmd/cmmd_1253.jpg,Malignant,cancer,D2-0228,train
cmmd,Preprocessed_Dataset/cmmd/cmmd_1254.jpg,Malignant,cancer,D2-0229,test
cmmd,Preprocessed_Dataset/cmmd/cmmd_1255.jpg,Malignant,cancer,D2-0230,val
cmmd,Preprocessed_Dataset/cmmd/cmmd_1256.jpg,Malignant,cancer,D2-0231,train
cmmd,Preprocessed_Dataset/cmmd/cmmd_1257.jpg,Malignant,cancer,D2-0232,train
cmmd,Preprocessed_Dataset/cmmd/cmmd_1258.jpg,Malignant,cancer,D2-0233,val
cmmd,Preprocessed_Dataset/cmmd/cmmd_1259.jpg,Malignant,cancer,D2-0234,val
cmmd,Preprocessed_Dataset/cmmd/cmmd_1260.jpg,Malignant,cancer,D2-0235,train
cmmd,Preprocessed_Dataset/cmmd/cmmd_1261.jpg,Malignant,cancer,D2-0236,test
cmmd,Preprocessed_Dataset/cmmd/cmmd_1262.jpg,Malignant,cancer,D2-0237,train
cmmd,Preprocessed_Dataset/cmmd/cmmd_1263.jpg,Malignant,cancer,D2-0238,val
cmmd,Preprocessed_Dataset/cmmd/cmmd_1264.jpg,Malignant,cancer,D2-0239,test
cmmd,Preprocessed_Dataset/cmmd/cmmd_1265.jpg,Malignant,cancer,D2-0240,test
cmmd,Preprocessed_Dataset/cmmd/cmmd_1266.jpg,Malignant,cancer,D2-0241,train
cmmd,Preprocessed_Dataset/cmmd/cmmd_1267.jpg,Malignant,cancer,D2-0242,train
cmmd,Preprocessed_Dataset/cmmd/cmmd_1268.jpg,Malignant,cancer,D2-0243,val
cmmd,Preprocessed_Dataset/cmmd/cmmd_1269.jpg,Malignant,cancer,D2-0244,test
cmmd,Preprocessed_Dataset/cmmd/cmmd_1270.jpg,Malignant,cancer,D2-0245,train
cmmd,Preprocessed_Dataset/cmmd/cmmd_1271.jpg,Malignant,cancer,D2-0246,train
cmmd,Preprocessed_Dataset/cmmd/cmmd_1272.jpg,Malignant,cancer,D2-0247,train
cmmd,Preprocessed_Dataset/cmmd/cmmd_1273.jpg,Malignant,cancer,D2-0248,train
cmmd,Preprocessed_Dataset/cmmd/cmmd_1274.jpg,Malignant,cancer,D2-0249,val
cmmd,Preprocessed_Dataset/cmmd/cmmd_1275.jpg,Malignant,cancer,D2-0250,train
cmmd,Preprocessed_Dataset/cmmd/cmmd_1276.jpg,Malignant,cancer,D2-0251,train
cmmd,Preprocessed_Dataset/cmmd/cmmd_1277.jpg,Malignant,cancer,D2-0252,train
cmmd,Preprocessed_Dataset/cmmd/cmmd_1278.jpg,Malignant,cancer,D2-0253,train
cmmd,Preprocessed_Dataset/cmmd/cmmd_1279.jpg,Malignant,cancer,D2-0254,test
cmmd,Preprocessed_Dataset/cmmd/cmmd_1280.jpg,Malignant,cancer,D2-0255,train
cmmd,Preprocessed_Dataset/cmmd/cmmd_1281.jpg,Malignant,cancer,D2-0256,test
cmmd,Preprocessed_Dataset/cmmd/cmmd_1282.jpg,Malignant,cancer,D2-0257,train
cmmd,Preprocessed_Dataset/cmmd/cmmd_1283.jpg,Malignant,cancer,D2-0258,val
cmmd,Preprocessed_Dataset/cmmd/cmmd_1284.jpg,Benign,non-cancer,D2-0259,train
cmmd,Preprocessed_Dataset/cmmd/cmmd_1285.jpg,Malignant,cancer,D2-0260,train
cmmd,Preprocessed_Dataset/cmmd/cmmd_1286.jpg,Malignant,cancer,D2-0261,test
cmmd,Preprocessed_Dataset/cmmd/cmmd_1287.jpg,Malignant,cancer,D2-0262,val
cmmd,Preprocessed_Dataset/cmmd/cmmd_1288.jpg,Malignant,cancer,D2-0263,train
cmmd,Preprocessed_Dataset/cmmd/cmmd_1289.jpg,Malignant,cancer,D2-0264,test
cmmd,Preprocessed_Dataset/cmmd/cmmd_1290.jpg,Benign,non-cancer,D2-0265,train
cmmd,Preprocessed_Dataset/cmmd/cmmd_1291.jpg,Malignant,cancer,D2-0266,train
cmmd,Preprocessed_Dataset/cmmd/cmmd_1292.jpg,Malignant,cancer,D2-0267,train
cmmd,Preprocessed_Dataset/cmmd/cmmd_1293.jpg,Malignant,cancer,D2-0268,val
cmmd,Preprocessed_Dataset/cmmd/cmmd_1294.jpg,Malignant,cancer,D2-0269,train
cmmd,Preprocessed_Dataset/cmmd/cmmd_1295.jpg,Malignant,cancer,D2-0270,test
cmmd,Preprocessed_Dataset/cmmd/cmmd_1296.jpg,Malignant,cancer,D2-0271,val
cmmd,Preprocessed_Dataset/cmmd/cmmd_1297.jpg,Malignant,cancer,D2-0272,val
cmmd,Preprocessed_Dataset/cmmd/cmmd_1298.jpg,Malignant,cancer,D2-0273,train
cmmd,Preprocessed_Dataset/cmmd/cmmd_1299.jpg,Malignant,cancer,D2-0274,val
cmmd,Preprocessed_Dataset/cmmd/cmmd_1300.jpg,Malignant,cancer,D2-0275,train
cmmd,Preprocessed_Dataset/cmmd/cmmd_1301.jpg,Malignant,cancer,D2-0276,val
cmmd,Preprocessed_Dataset/cmmd/cmmd_1302.jpg,Malignant,cancer,D2-0277,train
cmmd,Preprocessed_Dataset/cmmd/cmmd_1303.jpg,Malignant,cancer,D2-0278,test
cmmd,Preprocessed_Dataset/cmmd/cmmd_1304.jpg,Malignant,cancer,D2-0279,train
cmmd,Preprocessed_Dataset/cmmd/cmmd_1305.jpg,Malignant,cancer,D2-0280,train
cmmd,Preprocessed_Dataset/cmmd/cmmd_1306.jpg,Malignant,cancer,D2-0281,test
cmmd,Preprocessed_Dataset/cmmd/cmmd_1307.jpg,Malignant,cancer,D2-0282,train
cmmd,Preprocessed_Dataset/cmmd/cmmd_1308.jpg,Malignant,cancer,D2-0283,train
cmmd,Preprocessed_Dataset/cmmd/cmmd_1309.jpg,Malignant,cancer,D2-0284,train
cmmd,Preprocessed_Dataset/cmmd/cmmd_1310.jpg,Malignant,cancer,D2-0285,train
cmmd,Preprocessed_Dataset/cmmd/cmmd_1311.jpg,Malignant,cancer,D2-0286,train
cmmd,Preprocessed_Dataset/cmmd/cmmd_1312.jpg,Malignant,cancer,D2-0287,train
cmmd,Preprocessed_Dataset/cmmd/cmmd_1313.jpg,Malignant,cancer,D2-0288,train
cmmd,Preprocessed_Dataset/cmmd/cmmd_1314.jpg,Malignant,cancer,D2-0289,train
cmmd,Preprocessed_Dataset/cmmd/cmmd_1315.jpg,Malignant,cancer,D2-0290,train
cmmd,Preprocessed_Dataset/cmmd/cmmd_1316.jpg,Malignant,cancer,D2-0291,train
cmmd,Preprocessed_Dataset/cmmd/cmmd_1317.jpg,Malignant,cancer,D2-0292,train
cmmd,Preprocessed_Dataset/cmmd/cmmd_1318.jpg,Malignant,cancer,D2-0293,train
cmmd,Preprocessed_Dataset/cmmd/cmmd_1319.jpg,Malignant,cancer,D2-0294,val
cmmd,Preprocessed_Dataset/cmmd/cmmd_1320.jpg,Malignant,cancer,D2-0295,val
cmmd,Preprocessed_Dataset/cmmd/cmmd_1321.jpg,Malignant,cancer,D2-0296,train
cmmd,Preprocessed_Dataset/cmmd/cmmd_1322.jpg,Malignant,cancer,D2-0297,test
cmmd,Preprocessed_Dataset/cmmd/cmmd_1323.jpg,Malignant,cancer,D2-0298,train
cmmd,Preprocessed_Dataset/cmmd/cmmd_1324.jpg,Malignant,cancer,D2-0299,train
cmmd,Preprocessed_Dataset/cmmd/cmmd_1325.jpg,Malignant,cancer,D2-0300,train
cmmd,Preprocessed_Dataset/cmmd/cmmd_1326.jpg,Malignant,cancer,D2-0301,val
cmmd,Preprocessed_Dataset/cmmd/cmmd_1327.jpg,Malignant,cancer,D2-0302,train
cmmd,Preprocessed_Dataset/cmmd/cmmd_1328.jpg,Malignant,cancer,D2-0303,train
cmmd,Preprocessed_Dataset/cmmd/cmmd_1329.jpg,Malignant,cancer,D2-0304,test
cmmd,Preprocessed_Dataset/cmmd/cmmd_1330.jpg,Malignant,cancer,D2-0305,train
cmmd,Preprocessed_Dataset/cmmd/cmmd_1331.jpg,Malignant,cancer,D2-0306,train
cmmd,Preprocessed_Dataset/cmmd/cmmd_1332.jpg,Malignant,cancer,D2-0307,test
cmmd,Preprocessed_Dataset/cmmd/cmmd_1333.jpg,Malignant,cancer,D2-0308,train
cmmd,Preprocessed_Dataset/cmmd/cmmd_1334.jpg,Malignant,cancer,D2-0309,train
cmmd,Preprocessed_Dataset/cmmd/cmmd_1335.jpg,Malignant,cancer,D2-0310,train
cmmd,Preprocessed_Dataset/cmmd/cmmd_1336.jpg,Malignant,cancer,D2-0311,val
cmmd,Preprocessed_Dataset/cmmd/cmmd_1337.jpg,Malignant,cancer,D2-0312,val
cmmd,Preprocessed_Dataset/cmmd/cmmd_1338.jpg,Malignant,cancer,D2-0313,train
cmmd,Preprocessed_Dataset/cmmd/cmmd_1339.jpg,Malignant,cancer,D2-0314,train
cmmd,Preprocessed_Dataset/cmmd/cmmd_1340.jpg,Malignant,cancer,D2-0315,train
cmmd,Preprocessed_Dataset/cmmd/cmmd_1341.jpg,Malignant,cancer,D2-0316,train
cmmd,Preprocessed_Dataset/cmmd/cmmd_1342.jpg,Malignant,cancer,D2-0317,test
cmmd,Preprocessed_Dataset/cmmd/cmmd_1343.jpg,Malignant,cancer,D2-0318,test
cmmd,Preprocessed_Dataset/cmmd/cmmd_1344.jpg,Malignant,cancer,D2-0319,test
cmmd,Preprocessed_Dataset/cmmd/cmmd_1345.jpg,Malignant,cancer,D2-0320,train
cmmd,Preprocessed_Dataset/cmmd/cmmd_1346.jpg,Malignant,cancer,D2-0321,val
cmmd,Preprocessed_Dataset/cmmd/cmmd_1347.jpg,Malignant,cancer,D2-0322,train
cmmd,Preprocessed_Dataset/cmmd/cmmd_1348.jpg,Malignant,cancer,D2-0323,test
cmmd,Preprocessed_Dataset/cmmd/cmmd_1349.jpg,Malignant,cancer,D2-0324,test
cmmd,Preprocessed_Dataset/cmmd/cmmd_1350.jpg,Malignant,cancer,D2-0325,train
cmmd,Preprocessed_Dataset/cmmd/cmmd_1351.jpg,Malignant,cancer,D2-0326,train
cmmd,Preprocessed_Dataset/cmmd/cmmd_1352.jpg,Malignant,cancer,D2-0327,train
cmmd,Preprocessed_Dataset/cmmd/cmmd_1353.jpg,Malignant,cancer,D2-0328,train
cmmd,Preprocessed_Dataset/cmmd/cmmd_1354.jpg,Malignant,cancer,D2-0329,train
cmmd,Preprocessed_Dataset/cmmd/cmmd_1355.jpg,Malignant,cancer,D2-0330,train
cmmd,Preprocessed_Dataset/cmmd/cmmd_1356.jpg,Malignant,cancer,D2-0331,train
cmmd,Preprocessed_Dataset/cmmd/cmmd_1357.jpg,Malignant,cancer,D2-0332,val
cmmd,Preprocessed_Dataset/cmmd/cmmd_1358.jpg,Malignant,cancer,D2-0333,train
cmmd,Preprocessed_Dataset/cmmd/cmmd_1359.jpg,Malignant,cancer,D2-0334,train
cmmd,Preprocessed_Dataset/cmmd/cmmd_1360.jpg,Malignant,cancer,D2-0335,train
cmmd,Preprocessed_Dataset/cmmd/cmmd_1361.jpg,Malignant,cancer,D2-0336,train
cmmd,Preprocessed_Dataset/cmmd/cmmd_1362.jpg,Malignant,cancer,D2-0337,test
cmmd,Preprocessed_Dataset/cmmd/cmmd_1363.jpg,Malignant,cancer,D2-0338,val
cmmd,Preprocessed_Dataset/cmmd/cmmd_1364.jpg,Malignant,cancer,D2-0339,train
cmmd,Preprocessed_Dataset/cmmd/cmmd_1365.jpg,Malignant,cancer,D2-0340,train
cmmd,Preprocessed_Dataset/cmmd/cmmd_1366.jpg,Malignant,cancer,D2-0341,train
cmmd,Preprocessed_Dataset/cmmd/cmmd_1367.jpg,Malignant,cancer,D2-0342,train
cmmd,Preprocessed_Dataset/cmmd/cmmd_1368.jpg,Malignant,cancer,D2-0343,val
cmmd,Preprocessed_Dataset/cmmd/cmmd_1369.jpg,Malignant,cancer,D2-0344,train
cmmd,Preprocessed_Dataset/cmmd/cmmd_1370.jpg,Malignant,cancer,D2-0345,train
cmmd,Preprocessed_Dataset/cmmd/cmmd_1371.jpg,Malignant,cancer,D2-0346,train
cmmd,Preprocessed_Dataset/cmmd/cmmd_1372.jpg,Malignant,cancer,D2-0347,train
cmmd,Preprocessed_Dataset/cmmd/cmmd_1373.jpg,Malignant,cancer,D2-0348,test
cmmd,Preprocessed_Dataset/cmmd/cmmd_1374.jpg,Malignant,cancer,D2-0349,train
cmmd,Preprocessed_Dataset/cmmd/cmmd_1375.jpg,Malignant,cancer,D2-0350,train
cmmd,Preprocessed_Dataset/cmmd/cmmd_1376.jpg,Malignant,cancer,D2-0351,train
cmmd,Preprocessed_Dataset/cmmd/cmmd_1377.jpg,Malignant,cancer,D2-0352,train
cmmd,Preprocessed_Dataset/cmmd/cmmd_1378.jpg,Malignant,cancer,D2-0353,train
cmmd,Preprocessed_Dataset/cmmd/cmmd_1379.jpg,Malignant,cancer,D2-0354,val
cmmd,Preprocessed_Dataset/cmmd/cmmd_1380.jpg,Malignant,cancer,D2-0355,train
cmmd,Preprocessed_Dataset/cmmd/cmmd_1381.jpg,Malignant,cancer,D2-0356,train
cmmd,Preprocessed_Dataset/cmmd/cmmd_1382.jpg,Malignant,cancer,D2-0357,train
cmmd,Preprocessed_Dataset/cmmd/cmmd_1383.jpg,Malignant,cancer,D2-0358,train
cmmd,Preprocessed_Dataset/cmmd/cmmd_1384.jpg,Malignant,cancer,D2-0359,train
cmmd,Preprocessed_Dataset/cmmd/cmmd_1385.jpg,Malignant,cancer,D2-0360,train
cmmd,Preprocessed_Dataset/cmmd/cmmd_1386.jpg,Malignant,cancer,D2-0361,test
cmmd,Preprocessed_Dataset/cmmd/cmmd_1387.jpg,Malignant,cancer,D2-0362,train
cmmd,Preprocessed_Dataset/cmmd/cmmd_1388.jpg,Malignant,cancer,D2-0363,train
cmmd,Preprocessed_Dataset/cmmd/cmmd_1389.jpg,Malignant,cancer,D2-0364,train
cmmd,Preprocessed_Dataset/cmmd/cmmd_1390.jpg,Malignant,cancer,D2-0365,train
cmmd,Preprocessed_Dataset/cmmd/cmmd_1391.jpg,Malignant,cancer,D2-0366,train
cmmd,Preprocessed_Dataset/cmmd/cmmd_1392.jpg,Malignant,cancer,D2-0367,train
cmmd,Preprocessed_Dataset/cmmd/cmmd_1393.jpg,Malignant,cancer,D2-0368,val
cmmd,Preprocessed_Dataset/cmmd/cmmd_1394.jpg,Malignant,cancer,D2-0369,val
cmmd,Preprocessed_Dataset/cmmd/cmmd_1395.jpg,Malignant,cancer,D2-0370,test
cmmd,Preprocessed_Dataset/cmmd/cmmd_1396.jpg,Malignant,cancer,D2-0371,train
cmmd,Preprocessed_Dataset/cmmd/cmmd_1397.jpg,Malignant,cancer,D2-0372,train
cmmd,Preprocessed_Dataset/cmmd/cmmd_1398.jpg,Malignant,cancer,D2-0373,train
cmmd,Preprocessed_Dataset/cmmd/cmmd_1399.jpg,Malignant,cancer,D2-0374,train
cmmd,Preprocessed_Dataset/cmmd/cmmd_1400.jpg,Malignant,cancer,D2-0375,train
cmmd,Preprocessed_Dataset/cmmd/cmmd_1401.jpg,Malignant,cancer,D2-0376,test
cmmd,Preprocessed_Dataset/cmmd/cmmd_1402.jpg,Malignant,cancer,D2-0377,train
cmmd,Preprocessed_Dataset/cmmd/cmmd_1403.jpg,Malignant,cancer,D2-0378,train
cmmd,Preprocessed_Dataset/cmmd/cmmd_1404.jpg,Malignant,cancer,D2-0379,train
cmmd,Preprocessed_Dataset/cmmd/cmmd_1405.jpg,Malignant,cancer,D2-0380,train
cmmd,Preprocessed_Dataset/cmmd/cmmd_1406.jpg,Malignant,cancer,D2-0381,train
cmmd,Preprocessed_Dataset/cmmd/cmmd_1407.jpg,Malignant,cancer,D2-0382,train
cmmd,Preprocessed_Dataset/cmmd/cmmd_1408.jpg,Malignant,cancer,D2-0383,train
cmmd,Preprocessed_Dataset/cmmd/cmmd_1409.jpg,Malignant,cancer,D2-0384,train
cmmd,Preprocessed_Dataset/cmmd/cmmd_1410.jpg,Malignant,cancer,D2-0385,train
cmmd,Preprocessed_Dataset/cmmd/cmmd_1411.jpg,Malignant,cancer,D2-0386,train
cmmd,Preprocessed_Dataset/cmmd/cmmd_1412.jpg,Malignant,cancer,D2-0387,train
cmmd,Preprocessed_Dataset/cmmd/cmmd_1413.jpg,Malignant,cancer,D2-0388,train
cmmd,Preprocessed_Dataset/cmmd/cmmd_1414.jpg,Malignant,cancer,D2-0389,train
cmmd,Preprocessed_Dataset/cmmd/cmmd_1415.jpg,Malignant,cancer,D2-0390,test
cmmd,Preprocessed_Dataset/cmmd/cmmd_1416.jpg,Malignant,cancer,D2-0391,train
cmmd,Preprocessed_Dataset/cmmd/cmmd_1417.jpg,Malignant,cancer,D2-0392,val
cmmd,Preprocessed_Dataset/cmmd/cmmd_1418.jpg,Malignant,cancer,D2-0393,train
cmmd,Preprocessed_Dataset/cmmd/cmmd_1419.jpg,Malignant,cancer,D2-0394,train
cmmd,Preprocessed_Dataset/cmmd/cmmd_1420.jpg,Malignant,cancer,D2-0395,val
cmmd,Preprocessed_Dataset/cmmd/cmmd_1421.jpg,Malignant,cancer,D2-0396,test
cmmd,Preprocessed_Dataset/cmmd/cmmd_1422.jpg,Malignant,cancer,D2-0397,val
cmmd,Preprocessed_Dataset/cmmd/cmmd_1423.jpg,Malignant,cancer,D2-0398,test
cmmd,Preprocessed_Dataset/cmmd/cmmd_1424.jpg,Malignant,cancer,D2-0399,test
cmmd,Preprocessed_Dataset/cmmd/cmmd_1425.jpg,Malignant,cancer,D2-0400,test
cmmd,Preprocessed_Dataset/cmmd/cmmd_1426.jpg,Malignant,cancer,D2-0401,test
cmmd,Preprocessed_Dataset/cmmd/cmmd_1427.jpg,Malignant,cancer,D2-0402,val
cmmd,Preprocessed_Dataset/cmmd/cmmd_1428.jpg,Malignant,cancer,D2-0403,train
cmmd,Preprocessed_Dataset/cmmd/cmmd_1429.jpg,Malignant,cancer,D2-0404,train
cmmd,Preprocessed_Dataset/cmmd/cmmd_1430.jpg,Malignant,cancer,D2-0405,train
cmmd,Preprocessed_Dataset/cmmd/cmmd_1431.jpg,Malignant,cancer,D2-0406,train
cmmd,Preprocessed_Dataset/cmmd/cmmd_1432.jpg,Malignant,cancer,D2-0407,train
cmmd,Preprocessed_Dataset/cmmd/cmmd_1433.jpg,Malignant,cancer,D2-0408,train
cmmd,Preprocessed_Dataset/cmmd/cmmd_1434.jpg,Malignant,cancer,D2-0409,train
cmmd,Preprocessed_Dataset/cmmd/cmmd_1435.jpg,Malignant,cancer,D2-0410,train
cmmd,Preprocessed_Dataset/cmmd/cmmd_1436.jpg,Malignant,cancer,D2-0411,train
cmmd,Preprocessed_Dataset/cmmd/cmmd_1437.jpg,Malignant,cancer,D2-0412,test
cmmd,Preprocessed_Dataset/cmmd/cmmd_1438.jpg,Malignant,cancer,D2-0413,val
cmmd,Preprocessed_Dataset/cmmd/cmmd_1439.jpg,Malignant,cancer,D2-0414,train
cmmd,Preprocessed_Dataset/cmmd/cmmd_1440.jpg,Malignant,cancer,D2-0415,train
cmmd,Preprocessed_Dataset/cmmd/cmmd_1441.jpg,Malignant,cancer,D2-0416,test
cmmd,Preprocessed_Dataset/cmmd/cmmd_1442.jpg,Malignant,cancer,D2-0417,train
cmmd,Preprocessed_Dataset/cmmd/cmmd_1443.jpg,Malignant,cancer,D2-0418,train
cmmd,Preprocessed_Dataset/cmmd/cmmd_1444.jpg,Malignant,cancer,D2-0419,train
cmmd,Preprocessed_Dataset/cmmd/cmmd_1445.jpg,Malignant,cancer,D2-0420,train
cmmd,Preprocessed_Dataset/cmmd/cmmd_1446.jpg,Malignant,cancer,D2-0421,test
cmmd,Preprocessed_Dataset/cmmd/cmmd_1447.jpg,Malignant,cancer,D2-0422,test
cmmd,Preprocessed_Dataset/cmmd/cmmd_1448.jpg,Malignant,cancer,D2-0423,train
cmmd,Preprocessed_Dataset/cmmd/cmmd_1449.jpg,Malignant,cancer,D2-0424,train
cmmd,Preprocessed_Dataset/cmmd/cmmd_1450.jpg,Malignant,cancer,D2-0425,train
cmmd,Preprocessed_Dataset/cmmd/cmmd_1451.jpg,Malignant,cancer,D2-0426,test
cmmd,Preprocessed_Dataset/cmmd/cmmd_1452.jpg,Malignant,cancer,D2-0427,train
cmmd,Preprocessed_Dataset/cmmd/cmmd_1453.jpg,Malignant,cancer,D2-0428,train
cmmd,Preprocessed_Dataset/cmmd/cmmd_1454.jpg,Malignant,cancer,D2-0429,train
cmmd,Preprocessed_Dataset/cmmd/cmmd_1455.jpg,Malignant,cancer,D2-0430,train
cmmd,Preprocessed_Dataset/cmmd/cmmd_1456.jpg,Malignant,cancer,D2-0431,train
cmmd,Preprocessed_Dataset/cmmd/cmmd_1457.jpg,Malignant,cancer,D2-0432,train
cmmd,Preprocessed_Dataset/cmmd/cmmd_1458.jpg,Malignant,cancer,D2-0433,test
cmmd,Preprocessed_Dataset/cmmd/cmmd_1459.jpg,Malignant,cancer,D2-0434,train
cmmd,Preprocessed_Dataset/cmmd/cmmd_1460.jpg,Malignant,cancer,D2-0435,train
cmmd,Preprocessed_Dataset/cmmd/cmmd_1461.jpg,Malignant,cancer,D2-0436,val
cmmd,Preprocessed_Dataset/cmmd/cmmd_1462.jpg,Malignant,cancer,D2-0437,train
cmmd,Preprocessed_Dataset/cmmd/cmmd_1463.jpg,Malignant,cancer,D2-0438,train
cmmd,Preprocessed_Dataset/cmmd/cmmd_1464.jpg,Malignant,cancer,D2-0439,train
cmmd,Preprocessed_Dataset/cmmd/cmmd_1465.jpg,Malignant,cancer,D2-0440,train
cmmd,Preprocessed_Dataset/cmmd/cmmd_1466.jpg,Malignant,cancer,D2-0441,train
cmmd,Preprocessed_Dataset/cmmd/cmmd_1467.jpg,Malignant,cancer,D2-0442,train
cmmd,Preprocessed_Dataset/cmmd/cmmd_1468.jpg,Malignant,cancer,D2-0443,train
cmmd,Preprocessed_Dataset/cmmd/cmmd_1469.jpg,Malignant,cancer,D2-0444,train
cmmd,Preprocessed_Dataset/cmmd/cmmd_1470.jpg,Malignant,cancer,D2-0445,train
cmmd,Preprocessed_Dataset/cmmd/cmmd_1471.jpg,Malignant,cancer,D2-0446,train
cmmd,Preprocessed_Dataset/cmmd/cmmd_1472.jpg,Malignant,cancer,D2-0447,train
cmmd,Preprocessed_Dataset/cmmd/cmmd_1473.jpg,Malignant,cancer,D2-0448,train
cmmd,Preprocessed_Dataset/cmmd/cmmd_1474.jpg,Malignant,cancer,D2-0449,train
cmmd,Preprocessed_Dataset/cmmd/cmmd_1475.jpg,Malignant,cancer,D2-0450,val
cmmd,Preprocessed_Dataset/cmmd/cmmd_1476.jpg,Malignant,cancer,D2-0451,train
cmmd,Preprocessed_Dataset/cmmd/cmmd_1477.jpg,Malignant,cancer,D2-0452,train
cmmd,Preprocessed_Dataset/cmmd/cmmd_1478.jpg,Malignant,cancer,D2-0453,test
cmmd,Preprocessed_Dataset/cmmd/cmmd_1479.jpg,Malignant,cancer,D2-0454,train
cmmd,Preprocessed_Dataset/cmmd/cmmd_1480.jpg,Malignant,cancer,D2-0455,val
cmmd,Preprocessed_Dataset/cmmd/cmmd_1481.jpg,Malignant,cancer,D2-0456,train
cmmd,Preprocessed_Dataset/cmmd/cmmd_1482.jpg,Malignant,cancer,D2-0457,val
cmmd,Preprocessed_Dataset/cmmd/cmmd_1483.jpg,Malignant,cancer,D2-0458,test
cmmd,Preprocessed_Dataset/cmmd/cmmd_1484.jpg,Malignant,cancer,D2-0459,test
cmmd,Preprocessed_Dataset/cmmd/cmmd_1485.jpg,Malignant,cancer,D2-0460,test
cmmd,Preprocessed_Dataset/cmmd/cmmd_1486.jpg,Malignant,cancer,D2-0461,val
cmmd,Preprocessed_Dataset/cmmd/cmmd_1487.jpg,Malignant,cancer,D2-0462,val
cmmd,Preprocessed_Dataset/cmmd/cmmd_1488.jpg,Malignant,cancer,D2-0463,train
cmmd,Preprocessed_Dataset/cmmd/cmmd_1489.jpg,Malignant,cancer,D2-0464,train
cmmd,Preprocessed_Dataset/cmmd/cmmd_1490.jpg,Malignant,cancer,D2-0465,train
cmmd,Preprocessed_Dataset/cmmd/cmmd_1491.jpg,Malignant,cancer,D2-0466,val
cmmd,Preprocessed_Dataset/cmmd/cmmd_1492.jpg,Malignant,cancer,D2-0467,train
cmmd,Preprocessed_Dataset/cmmd/cmmd_1493.jpg,Malignant,cancer,D2-0468,test
cmmd,Preprocessed_Dataset/cmmd/cmmd_1494.jpg,Malignant,cancer,D2-0469,val
cmmd,Preprocessed_Dataset/cmmd/cmmd_1495.jpg,Malignant,cancer,D2-0470,train
cmmd,Preprocessed_Dataset/cmmd/cmmd_1496.jpg,Malignant,cancer,D2-0471,test
cmmd,Preprocessed_Dataset/cmmd/cmmd_1497.jpg,Malignant,cancer,D2-0472,train
cmmd,Preprocessed_Dataset/cmmd/cmmd_1498.jpg,Malignant,cancer,D2-0473,train
cmmd,Preprocessed_Dataset/cmmd/cmmd_1499.jpg,Malignant,cancer,D2-0474,train
cmmd,Preprocessed_Dataset/cmmd/cmmd_1500.jpg,Malignant,cancer,D2-0475,train
cmmd,Preprocessed_Dataset/cmmd/cmmd_1501.jpg,Malignant,cancer,D2-0476,train
cmmd,Preprocessed_Dataset/cmmd/cmmd_1502.jpg,Malignant,cancer,D2-0477,train
cmmd,Preprocessed_Dataset/cmmd/cmmd_1503.jpg,Malignant,cancer,D2-0478,train
cmmd,Preprocessed_Dataset/cmmd/cmmd_1504.jpg,Malignant,cancer,D2-0479,val
cmmd,Preprocessed_Dataset/cmmd/cmmd_1505.jpg,Malignant,cancer,D2-0480,train
cmmd,Preprocessed_Dataset/cmmd/cmmd_1506.jpg,Malignant,cancer,D2-0481,train
cmmd,Preprocessed_Dataset/cmmd/cmmd_1507.jpg,Malignant,cancer,D2-0482,train
cmmd,Preprocessed_Dataset/cmmd/cmmd_1508.jpg,Malignant,cancer,D2-0483,train
cmmd,Preprocessed_Dataset/cmmd/cmmd_1509.jpg,Malignant,cancer,D2-0484,train
cmmd,Preprocessed_Dataset/cmmd/cmmd_1510.jpg,Malignant,cancer,D2-0485,test
cmmd,Preprocessed_Dataset/cmmd/cmmd_1511.jpg,Malignant,cancer,D2-0486,val
cmmd,Preprocessed_Dataset/cmmd/cmmd_1512.jpg,Malignant,cancer,D2-0487,train
cmmd,Preprocessed_Dataset/cmmd/cmmd_1513.jpg,Malignant,cancer,D2-0488,test
cmmd,Preprocessed_Dataset/cmmd/cmmd_1514.jpg,Malignant,cancer,D2-0489,train
cmmd,Preprocessed_Dataset/cmmd/cmmd_1515.jpg,Malignant,cancer,D2-0490,train
cmmd,Preprocessed_Dataset/cmmd/cmmd_1516.jpg,Malignant,cancer,D2-0491,train
cmmd,Preprocessed_Dataset/cmmd/cmmd_1517.jpg,Malignant,cancer,D2-0492,val
cmmd,Preprocessed_Dataset/cmmd/cmmd_1518.jpg,Malignant,cancer,D2-0493,train
cmmd,Preprocessed_Dataset/cmmd/cmmd_1519.jpg,Malignant,cancer,D2-0494,train
cmmd,Preprocessed_Dataset/cmmd/cmmd_1520.jpg,Malignant,cancer,D2-0495,train
cmmd,Preprocessed_Dataset/cmmd/cmmd_1521.jpg,Malignant,cancer,D2-0496,train
cmmd,Preprocessed_Dataset/cmmd/cmmd_1522.jpg,Malignant,cancer,D2-0497,test
cmmd,Preprocessed_Dataset/cmmd/cmmd_1523.jpg,Malignant,cancer,D2-0498,train
cmmd,Preprocessed_Dataset/cmmd/cmmd_1524.jpg,Malignant,cancer,D2-0499,train
cmmd,Preprocessed_Dataset/cmmd/cmmd_1525.jpg,Malignant,cancer,D2-0500,val
cmmd,Preprocessed_Dataset/cmmd/cmmd_1526.jpg,Malignant,cancer,D2-0501,val
cmmd,Preprocessed_Dataset/cmmd/cmmd_1527.jpg,Malignant,cancer,D2-0502,train
cmmd,Preprocessed_Dataset/cmmd/cmmd_1528.jpg,Malignant,cancer,D2-0503,train
cmmd,Preprocessed_Dataset/cmmd/cmmd_1529.jpg,Malignant,cancer,D2-0504,train
cmmd,Preprocessed_Dataset/cmmd/cmmd_1530.jpg,Malignant,cancer,D2-0505,val
cmmd,Preprocessed_Dataset/cmmd/cmmd_1531.jpg,Malignant,cancer,D2-0506,train
cmmd,Preprocessed_Dataset/cmmd/cmmd_1532.jpg,Malignant,cancer,D2-0507,train
cmmd,Preprocessed_Dataset/cmmd/cmmd_1533.jpg,Malignant,cancer,D2-0508,train
cmmd,Preprocessed_Dataset/cmmd/cmmd_1534.jpg,Malignant,cancer,D2-0509,train
cmmd,Preprocessed_Dataset/cmmd/cmmd_1535.jpg,Malignant,cancer,D2-0510,train
cmmd,Preprocessed_Dataset/cmmd/cmmd_1536.jpg,Malignant,cancer,D2-0511,train
cmmd,Preprocessed_Dataset/cmmd/cmmd_1537.jpg,Malignant,cancer,D2-0512,val
cmmd,Preprocessed_Dataset/cmmd/cmmd_1538.jpg,Malignant,cancer,D2-0513,train
cmmd,Preprocessed_Dataset/cmmd/cmmd_1539.jpg,Malignant,cancer,D2-0514,train
cmmd,Preprocessed_Dataset/cmmd/cmmd_1540.jpg,Malignant,cancer,D2-0515,val
cmmd,Preprocessed_Dataset/cmmd/cmmd_1541.jpg,Malignant,cancer,D2-0516,train
cmmd,Preprocessed_Dataset/cmmd/cmmd_1542.jpg,Malignant,cancer,D2-0517,val
cmmd,Preprocessed_Dataset/cmmd/cmmd_1543.jpg,Malignant,cancer,D2-0518,train
cmmd,Preprocessed_Dataset/cmmd/cmmd_1544.jpg,Malignant,cancer,D2-0519,train
cmmd,Preprocessed_Dataset/cmmd/cmmd_1545.jpg,Malignant,cancer,D2-0520,train
cmmd,Preprocessed_Dataset/cmmd/cmmd_1546.jpg,Malignant,cancer,D2-0521,train
cmmd,Preprocessed_Dataset/cmmd/cmmd_1547.jpg,Malignant,cancer,D2-0522,train
cmmd,Preprocessed_Dataset/cmmd/cmmd_1548.jpg,Malignant,cancer,D2-0523,test
cmmd,Preprocessed_Dataset/cmmd/cmmd_1549.jpg,Malignant,cancer,D2-0524,train
cmmd,Preprocessed_Dataset/cmmd/cmmd_1550.jpg,Malignant,cancer,D2-0525,test
cmmd,Preprocessed_Dataset/cmmd/cmmd_1551.jpg,Malignant,cancer,D2-0526,train
cmmd,Preprocessed_Dataset/cmmd/cmmd_1552.jpg,Malignant,cancer,D2-0527,test
cmmd,Preprocessed_Dataset/cmmd/cmmd_1553.jpg,Malignant,cancer,D2-0528,val
cmmd,Preprocessed_Dataset/cmmd/cmmd_1554.jpg,Malignant,cancer,D2-0529,train
cmmd,Preprocessed_Dataset/cmmd/cmmd_1555.jpg,Malignant,cancer,D2-0530,train
cmmd,Preprocessed_Dataset/cmmd/cmmd_1556.jpg,Malignant,cancer,D2-0531,val
cmmd,Preprocessed_Dataset/cmmd/cmmd_1557.jpg,Malignant,cancer,D2-0532,train
cmmd,Preprocessed_Dataset/cmmd/cmmd_1558.jpg,Malignant,cancer,D2-0533,train
cmmd,Preprocessed_Dataset/cmmd/cmmd_1559.jpg,Malignant,cancer,D2-0534,train
cmmd,Preprocessed_Dataset/cmmd/cmmd_1560.jpg,Malignant,cancer,D2-0535,test
cmmd,Preprocessed_Dataset/cmmd/cmmd_1561.jpg,Malignant,cancer,D2-0536,test
cmmd,Preprocessed_Dataset/cmmd/cmmd_1562.jpg,Malignant,cancer,D2-0537,train
cmmd,Preprocessed_Dataset/cmmd/cmmd_1563.jpg,Malignant,cancer,D2-0538,train
cmmd,Preprocessed_Dataset/cmmd/cmmd_1564.jpg,Malignant,cancer,D2-0539,test
cmmd,Preprocessed_Dataset/cmmd/cmmd_1565.jpg,Malignant,cancer,D2-0540,val
cmmd,Preprocessed_Dataset/cmmd/cmmd_1566.jpg,Malignant,cancer,D2-0541,train
cmmd,Preprocessed_Dataset/cmmd/cmmd_1567.jpg,Malignant,cancer,D2-0542,train
cmmd,Preprocessed_Dataset/cmmd/cmmd_1568.jpg,Malignant,cancer,D2-0543,train
cmmd,Preprocessed_Dataset/cmmd/cmmd_1569.jpg,Malignant,cancer,D2-0544,train
cmmd,Preprocessed_Dataset/cmmd/cmmd_1570.jpg,Malignant,cancer,D2-0545,val
cmmd,Preprocessed_Dataset/cmmd/cmmd_1571.jpg,Malignant,cancer,D2-0546,test
cmmd,Preprocessed_Dataset/cmmd/cmmd_1572.jpg,Malignant,cancer,D2-0547,train
cmmd,Preprocessed_Dataset/cmmd/cmmd_1573.jpg,Malignant,cancer,D2-0548,train
cmmd,Preprocessed_Dataset/cmmd/cmmd_1574.jpg,Malignant,cancer,D2-0549,train
cmmd,Preprocessed_Dataset/cmmd/cmmd_1575.jpg,Malignant,cancer,D2-0550,val
cmmd,Preprocessed_Dataset/cmmd/cmmd_1576.jpg,Malignant,cancer,D2-0551,test
cmmd,Preprocessed_Dataset/cmmd/cmmd_1577.jpg,Malignant,cancer,D2-0552,train
cmmd,Preprocessed_Dataset/cmmd/cmmd_1578.jpg,Malignant,cancer,D2-0553,val
cmmd,Preprocessed_Dataset/cmmd/cmmd_1579.jpg,Malignant,cancer,D2-0554,train
cmmd,Preprocessed_Dataset/cmmd/cmmd_1580.jpg,Malignant,cancer,D2-0555,val
cmmd,Preprocessed_Dataset/cmmd/cmmd_1581.jpg,Malignant,cancer,D2-0556,train
cmmd,Preprocessed_Dataset/cmmd/cmmd_1582.jpg,Malignant,cancer,D2-0557,train
cmmd,Preprocessed_Dataset/cmmd/cmmd_1583.jpg,Malignant,cancer,D2-0558,train
cmmd,Preprocessed_Dataset/cmmd/cmmd_1584.jpg,Malignant,cancer,D2-0559,train
cmmd,Preprocessed_Dataset/cmmd/cmmd_1585.jpg,Malignant,cancer,D2-0560,val
cmmd,Preprocessed_Dataset/cmmd/cmmd_1586.jpg,Malignant,cancer,D2-0561,train
cmmd,Preprocessed_Dataset/cmmd/cmmd_1587.jpg,Malignant,cancer,D2-0562,train
cmmd,Preprocessed_Dataset/cmmd/cmmd_1588.jpg,Malignant,cancer,D2-0563,train
cmmd,Preprocessed_Dataset/cmmd/cmmd_1589.jpg,Malignant,cancer,D2-0564,val
cmmd,Preprocessed_Dataset/cmmd/cmmd_1590.jpg,Malignant,cancer,D2-0565,train
cmmd,Preprocessed_Dataset/cmmd/cmmd_1591.jpg,Malignant,cancer,D2-0566,test
cmmd,Preprocessed_Dataset/cmmd/cmmd_1592.jpg,Malignant,cancer,D2-0567,test
cmmd,Preprocessed_Dataset/cmmd/cmmd_1593.jpg,Malignant,cancer,D2-0568,train
cmmd,Preprocessed_Dataset/cmmd/cmmd_1594.jpg,Malignant,cancer,D2-0569,train
cmmd,Preprocessed_Dataset/cmmd/cmmd_1595.jpg,Malignant,cancer,D2-0570,val
cmmd,Preprocessed_Dataset/cmmd/cmmd_1596.jpg,Malignant,cancer,D2-0571,test
cmmd,Preprocessed_Dataset/cmmd/cmmd_1597.jpg,Malignant,cancer,D2-0572,train
cmmd,Preprocessed_Dataset/cmmd/cmmd_1598.jpg,Malignant,cancer,D2-0573,train
cmmd,Preprocessed_Dataset/cmmd/cmmd_1599.jpg,Malignant,cancer,D2-0574,test
cmmd,Preprocessed_Dataset/cmmd/cmmd_1600.jpg,Malignant,cancer,D2-0575,train
cmmd,Preprocessed_Dataset/cmmd/cmmd_1601.jpg,Malignant,cancer,D2-0576,train
cmmd,Preprocessed_Dataset/cmmd/cmmd_1602.jpg,Malignant,cancer,D2-0577,val
cmmd,Preprocessed_Dataset/cmmd/cmmd_1603.jpg,Malignant,cancer,D2-0578,train
cmmd,Preprocessed_Dataset/cmmd/cmmd_1604.jpg,Malignant,cancer,D2-0579,train
cmmd,Preprocessed_Dataset/cmmd/cmmd_1605.jpg,Malignant,cancer,D2-0580,train
cmmd,Preprocessed_Dataset/cmmd/cmmd_1606.jpg,Malignant,cancer,D2-0581,train
cmmd,Preprocessed_Dataset/cmmd/cmmd_1607.jpg,Malignant,cancer,D2-0582,train
cmmd,Preprocessed_Dataset/cmmd/cmmd_1608.jpg,Malignant,cancer,D2-0583,train
cmmd,Preprocessed_Dataset/cmmd/cmmd_1609.jpg,Malignant,cancer,D2-0584,train
cmmd,Preprocessed_Dataset/cmmd/cmmd_1610.jpg,Malignant,cancer,D2-0585,val
cmmd,Preprocessed_Dataset/cmmd/cmmd_1611.jpg,Malignant,cancer,D2-0586,train
cmmd,Preprocessed_Dataset/cmmd/cmmd_1612.jpg,Malignant,cancer,D2-0587,train
cmmd,Preprocessed_Dataset/cmmd/cmmd_1613.jpg,Malignant,cancer,D2-0588,train
cmmd,Preprocessed_Dataset/cmmd/cmmd_1614.jpg,Malignant,cancer,D2-0589,train
cmmd,Preprocessed_Dataset/cmmd/cmmd_1615.jpg,Malignant,cancer,D2-0590,train
cmmd,Preprocessed_Dataset/cmmd/cmmd_1616.jpg,Malignant,cancer,D2-0591,train
cmmd,Preprocessed_Dataset/cmmd/cmmd_1617.jpg,Malignant,cancer,D2-0592,train
cmmd,Preprocessed_Dataset/cmmd/cmmd_1618.jpg,Malignant,cancer,D2-0593,val
cmmd,Preprocessed_Dataset/cmmd/cmmd_1619.jpg,Malignant,cancer,D2-0594,train
cmmd,Preprocessed_Dataset/cmmd/cmmd_1620.jpg,Malignant,cancer,D2-0595,val
cmmd,Preprocessed_Dataset/cmmd/cmmd_1621.jpg,Malignant,cancer,D2-0596,train
cmmd,Preprocessed_Dataset/cmmd/cmmd_1622.jpg,Malignant,cancer,D2-0597,train
cmmd,Preprocessed_Dataset/cmmd/cmmd_1623.jpg,Malignant,cancer,D2-0598,train
cmmd,Preprocessed_Dataset/cmmd/cmmd_1624.jpg,Malignant,cancer,D2-0599,train
cmmd,Preprocessed_Dataset/cmmd/cmmd_1625.jpg,Malignant,cancer,D2-0600,val
cmmd,Preprocessed_Dataset/cmmd/cmmd_1626.jpg,Malignant,cancer,D2-0601,train
cmmd,Preprocessed_Dataset/cmmd/cmmd_1627.jpg,Malignant,cancer,D2-0602,test
cmmd,Preprocessed_Dataset/cmmd/cmmd_1628.jpg,Malignant,cancer,D2-0603,val
cmmd,Preprocessed_Dataset/cmmd/cmmd_1629.jpg,Malignant,cancer,D2-0604,train
cmmd,Preprocessed_Dataset/cmmd/cmmd_1630.jpg,Malignant,cancer,D2-0605,train
cmmd,Preprocessed_Dataset/cmmd/cmmd_1631.jpg,Malignant,cancer,D2-0606,test
cmmd,Preprocessed_Dataset/cmmd/cmmd_1632.jpg,Malignant,cancer,D2-0607,train
cmmd,Preprocessed_Dataset/cmmd/cmmd_1633.jpg,Malignant,cancer,D2-0608,test
cmmd,Preprocessed_Dataset/cmmd/cmmd_1634.jpg,Malignant,cancer,D2-0609,train
cmmd,Preprocessed_Dataset/cmmd/cmmd_1635.jpg,Malignant,cancer,D2-0610,train
cmmd,Preprocessed_Dataset/cmmd/cmmd_1636.jpg,Malignant,cancer,D2-0611,test
cmmd,Preprocessed_Dataset/cmmd/cmmd_1637.jpg,Malignant,cancer,D2-0612,train
cmmd,Preprocessed_Dataset/cmmd/cmmd_1638.jpg,Malignant,cancer,D2-0613,train
cmmd,Preprocessed_Dataset/cmmd/cmmd_1639.jpg,Malignant,cancer,D2-0614,train
cmmd,Preprocessed_Dataset/cmmd/cmmd_1640.jpg,Malignant,cancer,D2-0615,train
cmmd,Preprocessed_Dataset/cmmd/cmmd_1641.jpg,Malignant,cancer,D2-0616,train
cmmd,Preprocessed_Dataset/cmmd/cmmd_1642.jpg,Malignant,cancer,D2-0617,test
cmmd,Preprocessed_Dataset/cmmd/cmmd_1643.jpg,Malignant,cancer,D2-0618,train
cmmd,Preprocessed_Dataset/cmmd/cmmd_1644.jpg,Malignant,cancer,D2-0619,test
cmmd,Preprocessed_Dataset/cmmd/cmmd_1645.jpg,Malignant,cancer,D2-0620,train
cmmd,Preprocessed_Dataset/cmmd/cmmd_1646.jpg,Malignant,cancer,D2-0621,val
cmmd,Preprocessed_Dataset/cmmd/cmmd_1647.jpg,Malignant,cancer,D2-0622,train
cmmd,Preprocessed_Dataset/cmmd/cmmd_1648.jpg,Malignant,cancer,D2-0623,train
cmmd,Preprocessed_Dataset/cmmd/cmmd_1649.jpg,Malignant,cancer,D2-0624,train
cmmd,Preprocessed_Dataset/cmmd/cmmd_1650.jpg,Malignant,cancer,D2-0625,val
cmmd,Preprocessed_Dataset/cmmd/cmmd_1651.jpg,Malignant,cancer,D2-0626,train
cmmd,Preprocessed_Dataset/cmmd/cmmd_1652.jpg,Malignant,cancer,D2-0627,train
cmmd,Preprocessed_Dataset/cmmd/cmmd_1653.jpg,Malignant,cancer,D2-0628,test
cmmd,Preprocessed_Dataset/cmmd/cmmd_1654.jpg,Malignant,cancer,D2-0629,test
cmmd,Preprocessed_Dataset/cmmd/cmmd_1655.jpg,Malignant,cancer,D2-0630,train
cmmd,Preprocessed_Dataset/cmmd/cmmd_1656.jpg,Malignant,cancer,D2-0631,train
cmmd,Preprocessed_Dataset/cmmd/cmmd_1657.jpg,Malignant,cancer,D2-0632,train
cmmd,Preprocessed_Dataset/cmmd/cmmd_1658.jpg,Malignant,cancer,D2-0633,test
cmmd,Preprocessed_Dataset/cmmd/cmmd_1659.jpg,Malignant,cancer,D2-0634,train
cmmd,Preprocessed_Dataset/cmmd/cmmd_1660.jpg,Malignant,cancer,D2-0635,train
cmmd,Preprocessed_Dataset/cmmd/cmmd_1661.jpg,Malignant,cancer,D2-0636,test
cmmd,Preprocessed_Dataset/cmmd/cmmd_1662.jpg,Malignant,cancer,D2-0637,val
cmmd,Preprocessed_Dataset/cmmd/cmmd_1663.jpg,Malignant,cancer,D2-0638,train
cmmd,Preprocessed_Dataset/cmmd/cmmd_1664.jpg,Malignant,cancer,D2-0639,train
cmmd,Preprocessed_Dataset/cmmd/cmmd_1665.jpg,Malignant,cancer,D2-0640,test
cmmd,Preprocessed_Dataset/cmmd/cmmd_1666.jpg,Malignant,cancer,D2-0641,train
cmmd,Preprocessed_Dataset/cmmd/cmmd_1667.jpg,Malignant,cancer,D2-0642,test
cmmd,Preprocessed_Dataset/cmmd/cmmd_1668.jpg,Malignant,cancer,D2-0643,train
cmmd,Preprocessed_Dataset/cmmd/cmmd_1669.jpg,Malignant,cancer,D2-0644,train
cmmd,Preprocessed_Dataset/cmmd/cmmd_1670.jpg,Malignant,cancer,D2-0645,train
cmmd,Preprocessed_Dataset/cmmd/cmmd_1671.jpg,Malignant,cancer,D2-0646,train
cmmd,Preprocessed_Dataset/cmmd/cmmd_1672.jpg,Malignant,cancer,D2-0647,val
cmmd,Preprocessed_Dataset/cmmd/cmmd_1673.jpg,Malignant,cancer,D2-0648,train
cmmd,Preprocessed_Dataset/cmmd/cmmd_1674.jpg,Malignant,cancer,D2-0649,train
cmmd,Preprocessed_Dataset/cmmd/cmmd_1675.jpg,Malignant,cancer,D2-0650,val
cmmd,Preprocessed_Dataset/cmmd/cmmd_1676.jpg,Malignant,cancer,D2-0651,train
cmmd,Preprocessed_Dataset/cmmd/cmmd_1677.jpg,Malignant,cancer,D2-0652,train
cmmd,Preprocessed_Dataset/cmmd/cmmd_1678.jpg,Malignant,cancer,D2-0653,train
cmmd,Preprocessed_Dataset/cmmd/cmmd_1679.jpg,Malignant,cancer,D2-0654,train
cmmd,Preprocessed_Dataset/cmmd/cmmd_1680.jpg,Malignant,cancer,D2-0655,train
cmmd,Preprocessed_Dataset/cmmd/cmmd_1681.jpg,Malignant,cancer,D2-0656,test
cmmd,Preprocessed_Dataset/cmmd/cmmd_1682.jpg,Malignant,cancer,D2-0657,train
cmmd,Preprocessed_Dataset/cmmd/cmmd_1683.jpg,Malignant,cancer,D2-0658,train
cmmd,Preprocessed_Dataset/cmmd/cmmd_1684.jpg,Malignant,cancer,D2-0659,val
cmmd,Preprocessed_Dataset/cmmd/cmmd_1685.jpg,Malignant,cancer,D2-0660,train
cmmd,Preprocessed_Dataset/cmmd/cmmd_1686.jpg,Malignant,cancer,D2-0661,train
cmmd,Preprocessed_Dataset/cmmd/cmmd_1687.jpg,Malignant,cancer,D2-0662,train
cmmd,Preprocessed_Dataset/cmmd/cmmd_1688.jpg,Malignant,cancer,D2-0663,test
cmmd,Preprocessed_Dataset/cmmd/cmmd_1689.jpg,Malignant,cancer,D2-0664,train
cmmd,Preprocessed_Dataset/cmmd/cmmd_1690.jpg,Malignant,cancer,D2-0665,train
cmmd,Preprocessed_Dataset/cmmd/cmmd_1691.jpg,Malignant,cancer,D2-0666,train
cmmd,Preprocessed_Dataset/cmmd/cmmd_1692.jpg,Malignant,cancer,D2-0667,train
cmmd,Preprocessed_Dataset/cmmd/cmmd_1693.jpg,Malignant,cancer,D2-0668,test
cmmd,Preprocessed_Dataset/cmmd/cmmd_1694.jpg,Malignant,cancer,D2-0669,train
cmmd,Preprocessed_Dataset/cmmd/cmmd_1695.jpg,Malignant,cancer,D2-0670,train
cmmd,Preprocessed_Dataset/cmmd/cmmd_1696.jpg,Malignant,cancer,D2-0671,test
cmmd,Preprocessed_Dataset/cmmd/cmmd_1697.jpg,Malignant,cancer,D2-0672,val
cmmd,Preprocessed_Dataset/cmmd/cmmd_1698.jpg,Malignant,cancer,D2-0673,val
cmmd,Preprocessed_Dataset/cmmd/cmmd_1699.jpg,Malignant,cancer,D2-0674,train
cmmd,Preprocessed_Dataset/cmmd/cmmd_1700.jpg,Malignant,cancer,D2-0675,train
cmmd,Preprocessed_Dataset/cmmd/cmmd_1701.jpg,Malignant,cancer,D2-0676,test
cmmd,Preprocessed_Dataset/cmmd/cmmd_1702.jpg,Malignant,cancer,D2-0677,train
cmmd,Preprocessed_Dataset/cmmd/cmmd_1703.jpg,Malignant,cancer,D2-0678,val
cmmd,Preprocessed_Dataset/cmmd/cmmd_1704.jpg,Malignant,cancer,D2-0679,test
cmmd,Preprocessed_Dataset/cmmd/cmmd_1705.jpg,Malignant,cancer,D2-0680,train
cmmd,Preprocessed_Dataset/cmmd/cmmd_1706.jpg,Malignant,cancer,D2-0681,train
cmmd,Preprocessed_Dataset/cmmd/cmmd_1707.jpg,Malignant,cancer,D2-0682,train
cmmd,Preprocessed_Dataset/cmmd/cmmd_1708.jpg,Malignant,cancer,D2-0683,val
cmmd,Preprocessed_Dataset/cmmd/cmmd_1709.jpg,Malignant,cancer,D2-0684,train
cmmd,Preprocessed_Dataset/cmmd/cmmd_1710.jpg,Malignant,cancer,D2-0685,train
cmmd,Preprocessed_Dataset/cmmd/cmmd_1711.jpg,Malignant,cancer,D2-0686,val
cmmd,Preprocessed_Dataset/cmmd/cmmd_1712.jpg,Malignant,cancer,D2-0687,test
cmmd,Preprocessed_Dataset/cmmd/cmmd_1713.jpg,Malignant,cancer,D2-0688,train
cmmd,Preprocessed_Dataset/cmmd/cmmd_1714.jpg,Malignant,cancer,D2-0689,train
cmmd,Preprocessed_Dataset/cmmd/cmmd_1715.jpg,Malignant,cancer,D2-0690,val
cmmd,Preprocessed_Dataset/cmmd/cmmd_1716.jpg,Malignant,cancer,D2-0691,train
cmmd,Preprocessed_Dataset/cmmd/cmmd_1717.jpg,Malignant,cancer,D2-0692,train
cmmd,Preprocessed_Dataset/cmmd/cmmd_1718.jpg,Malignant,cancer,D2-0693,val
cmmd,Preprocessed_Dataset/cmmd/cmmd_1719.jpg,Malignant,cancer,D2-0694,train
cmmd,Preprocessed_Dataset/cmmd/cmmd_1720.jpg,Malignant,cancer,D2-0695,train
cmmd,Preprocessed_Dataset/cmmd/cmmd_1721.jpg,Malignant,cancer,D2-0696,val
cmmd,Preprocessed_Dataset/cmmd/cmmd_1722.jpg,Malignant,cancer,D2-0697,train
cmmd,Preprocessed_Dataset/cmmd/cmmd_1723.jpg,Malignant,cancer,D2-0698,train
cmmd,Preprocessed_Dataset/cmmd/cmmd_1724.jpg,Malignant,cancer,D2-0699,train
cmmd,Preprocessed_Dataset/cmmd/cmmd_1725.jpg,Malignant,cancer,D2-0700,train
cmmd,Preprocessed_Dataset/cmmd/cmmd_1726.jpg,Benign,non-cancer,D2-0701,test
cmmd,Preprocessed_Dataset/cmmd/cmmd_1727.jpg,Malignant,cancer,D2-0702,train
cmmd,Preprocessed_Dataset/cmmd/cmmd_1728.jpg,Malignant,cancer,D2-0703,train
cmmd,Preprocessed_Dataset/cmmd/cmmd_1729.jpg,Malignant,cancer,D2-0704,test
cmmd,Preprocessed_Dataset/cmmd/cmmd_1730.jpg,Malignant,cancer,D2-0705,train
cmmd,Preprocessed_Dataset/cmmd/cmmd_1731.jpg,Malignant,cancer,D2-0706,train
cmmd,Preprocessed_Dataset/cmmd/cmmd_1732.jpg,Malignant,cancer,D2-0707,train
cmmd,Preprocessed_Dataset/cmmd/cmmd_1733.jpg,Malignant,cancer,D2-0708,train
cmmd,Preprocessed_Dataset/cmmd/cmmd_1734.jpg,Malignant,cancer,D2-0709,test
cmmd,Preprocessed_Dataset/cmmd/cmmd_1735.jpg,Malignant,cancer,D2-0710,train
cmmd,Preprocessed_Dataset/cmmd/cmmd_1736.jpg,Malignant,cancer,D2-0711,train
cmmd,Preprocessed_Dataset/cmmd/cmmd_1737.jpg,Malignant,cancer,D2-0712,train
cmmd,Preprocessed_Dataset/cmmd/cmmd_1738.jpg,Malignant,cancer,D2-0713,test
cmmd,Preprocessed_Dataset/cmmd/cmmd_1739.jpg,Malignant,cancer,D2-0714,train
cmmd,Preprocessed_Dataset/cmmd/cmmd_1740.jpg,Malignant,cancer,D2-0715,train
cmmd,Preprocessed_Dataset/cmmd/cmmd_1741.jpg,Malignant,cancer,D2-0716,val
cmmd,Preprocessed_Dataset/cmmd/cmmd_1742.jpg,Malignant,cancer,D2-0717,val
cmmd,Preprocessed_Dataset/cmmd/cmmd_1743.jpg,Malignant,cancer,D2-0718,train
cmmd,Preprocessed_Dataset/cmmd/cmmd_1744.jpg,Malignant,cancer,D2-0719,test
cmmd,Preprocessed_Dataset/cmmd/cmmd_1745.jpg,Malignant,cancer,D2-0720,train
cmmd,Preprocessed_Dataset/cmmd/cmmd_1746.jpg,Malignant,cancer,D2-0721,train
cmmd,Preprocessed_Dataset/cmmd/cmmd_1747.jpg,Malignant,cancer,D2-0722,train
cmmd,Preprocessed_Dataset/cmmd/cmmd_1748.jpg,Malignant,cancer,D2-0723,train
cmmd,Preprocessed_Dataset/cmmd/cmmd_1749.jpg,Malignant,cancer,D2-0724,train
cmmd,Preprocessed_Dataset/cmmd/cmmd_1750.jpg,Malignant,cancer,D2-0725,val
cmmd,Preprocessed_Dataset/cmmd/cmmd_1751.jpg,Malignant,cancer,D2-0726,train
cmmd,Preprocessed_Dataset/cmmd/cmmd_1752.jpg,Malignant,cancer,D2-0727,val
cmmd,Preprocessed_Dataset/cmmd/cmmd_1753.jpg,Malignant,cancer,D2-0728,val
cmmd,Preprocessed_Dataset/cmmd/cmmd_1754.jpg,Malignant,cancer,D2-0729,train
cmmd,Preprocessed_Dataset/cmmd/cmmd_1755.jpg,Malignant,cancer,D2-0730,test
cmmd,Preprocessed_Dataset/cmmd/cmmd_1756.jpg,Malignant,cancer,D2-0731,test
cmmd,Preprocessed_Dataset/cmmd/cmmd_1757.jpg,Malignant,cancer,D2-0732,val
cmmd,Preprocessed_Dataset/cmmd/cmmd_1758.jpg,Malignant,cancer,D2-0733,train
cmmd,Preprocessed_Dataset/cmmd/cmmd_1759.jpg,Malignant,cancer,D2-0734,train
cmmd,Preprocessed_Dataset/cmmd/cmmd_1760.jpg,Malignant,cancer,D2-0735,train
cmmd,Preprocessed_Dataset/cmmd/cmmd_1761.jpg,Malignant,cancer,D2-0736,val
cmmd,Preprocessed_Dataset/cmmd/cmmd_1762.jpg,Malignant,cancer,D2-0737,test
cmmd,Preprocessed_Dataset/cmmd/cmmd_1763.jpg,Malignant,cancer,D2-0738,train
cmmd,Preprocessed_Dataset/cmmd/cmmd_1764.jpg,Malignant,cancer,D2-0739,train
cmmd,Preprocessed_Dataset/cmmd/cmmd_1765.jpg,Malignant,cancer,D2-0740,train
cmmd,Preprocessed_Dataset/cmmd/cmmd_1766.jpg,Malignant,cancer,D2-0741,train
cmmd,Preprocessed_Dataset/cmmd/cmmd_1767.jpg,Malignant,cancer,D2-0742,train
cmmd,Preprocessed_Dataset/cmmd/cmmd_1768.jpg,Malignant,cancer,D2-0743,train
cmmd,Preprocessed_Dataset/cmmd/cmmd_1769.jpg,Malignant,cancer,D2-0744,train
cmmd,Preprocessed_Dataset/cmmd/cmmd_1770.jpg,Malignant,cancer,D2-0745,train
cmmd,Preprocessed_Dataset/cmmd/cmmd_1771.jpg,Malignant,cancer,D2-0746,test
cmmd,Preprocessed_Dataset/cmmd/cmmd_1772.jpg,Malignant,cancer,D2-0747,train
cmmd,Preprocessed_Dataset/cmmd/cmmd_1773.jpg,Malignant,cancer,D2-0748,train
cmmd,Preprocessed_Dataset/cmmd/cmmd_1774.jpg,Malignant,cancer,D2-0749,train
cmmd,Preprocessed_Dataset/cmmd/cmmd_1775.jpg,Benign,non-cancer,D1-0001,train
cmmd,Preprocessed_Dataset/cmmd/cmmd_1776.jpg,Benign,non-cancer,D1-0002,train
cmmd,Preprocessed_Dataset/cmmd/cmmd_1777.jpg,Benign,non-cancer,D1-0003,val
cmmd,Preprocessed_Dataset/cmmd/cmmd_1778.jpg,Benign,non-cancer,D1-0004,test
cmmd,Preprocessed_Dataset/cmmd/cmmd_1779.jpg,Benign,non-cancer,D1-0005,train
cmmd,Preprocessed_Dataset/cmmd/cmmd_1780.jpg,Benign,non-cancer,D1-0006,train
cmmd,Preprocessed_Dataset/cmmd/cmmd_1781.jpg,Benign,non-cancer,D1-0007,test
cmmd,Preprocessed_Dataset/cmmd/cmmd_1782.jpg,Benign,non-cancer,D1-0008,train
cmmd,Preprocessed_Dataset/cmmd/cmmd_1783.jpg,Benign,non-cancer,D1-0009,train
cmmd,Preprocessed_Dataset/cmmd/cmmd_1784.jpg,Benign,non-cancer,D1-0010,train
cmmd,Preprocessed_Dataset/cmmd/cmmd_1785.jpg,Benign,non-cancer,D1-0011,test
cmmd,Preprocessed_Dataset/cmmd/cmmd_1786.jpg,Benign,non-cancer,D1-0012,val
cmmd,Preprocessed_Dataset/cmmd/cmmd_1787.jpg,Benign,non-cancer,D1-0013,train
cmmd,Preprocessed_Dataset/cmmd/cmmd_1788.jpg,Benign,non-cancer,D1-0014,val
cmmd,Preprocessed_Dataset/cmmd/cmmd_1789.jpg,Benign,non-cancer,D1-0015,val
cmmd,Preprocessed_Dataset/cmmd/cmmd_1790.jpg,Benign,non-cancer,D1-0016,test
cmmd,Preprocessed_Dataset/cmmd/cmmd_1791.jpg,Benign,non-cancer,D1-0017,val
cmmd,Preprocessed_Dataset/cmmd/cmmd_1792.jpg,Benign,non-cancer,D1-0018,train
cmmd,Preprocessed_Dataset/cmmd/cmmd_1793.jpg,Benign,non-cancer,D1-0019,train
cmmd,Preprocessed_Dataset/cmmd/cmmd_1794.jpg,Benign,non-cancer,D1-0020,train
cmmd,Preprocessed_Dataset/cmmd/cmmd_1795.jpg,Benign,non-cancer,D1-0021,train
cmmd,Preprocessed_Dataset/cmmd/cmmd_1796.jpg,Benign,non-cancer,D1-0022,train
cmmd,Preprocessed_Dataset/cmmd/cmmd_1797.jpg,Benign,non-cancer,D1-0023,train
cmmd,Preprocessed_Dataset/cmmd/cmmd_1798.jpg,Benign,non-cancer,D1-0024,train
cmmd,Preprocessed_Dataset/cmmd/cmmd_1799.jpg,Benign,non-cancer,D1-0025,val
cmmd,Preprocessed_Dataset/cmmd/cmmd_1800.jpg,Benign,non-cancer,D1-0026,test
cmmd,Preprocessed_Dataset/cmmd/cmmd_1801.jpg,Benign,non-cancer,D1-0027,train
cmmd,Preprocessed_Dataset/cmmd/cmmd_1802.jpg,Benign,non-cancer,D1-0028,train
cmmd,Preprocessed_Dataset/cmmd/cmmd_1803.jpg,Benign,non-cancer,D1-0029,test
cmmd,Preprocessed_Dataset/cmmd/cmmd_1804.jpg,Benign,non-cancer,D1-0030,train
cmmd,Preprocessed_Dataset/cmmd/cmmd_1805.jpg,Benign,non-cancer,D1-0031,train
cmmd,Preprocessed_Dataset/cmmd/cmmd_1806.jpg,Benign,non-cancer,D1-0032,train
cmmd,Preprocessed_Dataset/cmmd/cmmd_1807.jpg,Benign,non-cancer,D1-0033,train
cmmd,Preprocessed_Dataset/cmmd/cmmd_1808.jpg,Benign,non-cancer,D1-0034,val
cmmd,Preprocessed_Dataset/cmmd/cmmd_1809.jpg,Benign,non-cancer,D1-0035,train
cmmd,Preprocessed_Dataset/cmmd/cmmd_1810.jpg,Benign,non-cancer,D1-0036,train
cmmd,Preprocessed_Dataset/cmmd/cmmd_1811.jpg,Benign,non-cancer,D1-0037,train
cmmd,Preprocessed_Dataset/cmmd/cmmd_1812.jpg,Benign,non-cancer,D1-0038,train
cmmd,Preprocessed_Dataset/cmmd/cmmd_1813.jpg,Benign,non-cancer,D1-0039,test
cmmd,Preprocessed_Dataset/cmmd/cmmd_1814.jpg,Benign,non-cancer,D1-0040,train
cmmd,Preprocessed_Dataset/cmmd/cmmd_1815.jpg,Benign,non-cancer,D1-0041,train
cmmd,Preprocessed_Dataset/cmmd/cmmd_1816.jpg,Benign,non-cancer,D1-0042,test
cmmd,Preprocessed_Dataset/cmmd/cmmd_1817.jpg,Benign,non-cancer,D1-0043,train
cmmd,Preprocessed_Dataset/cmmd/cmmd_1818.jpg,Malignant,cancer,D1-0045,train
cmmd,Preprocessed_Dataset/cmmd/cmmd_1819.jpg,Malignant,cancer,D1-0046,test
cmmd,Preprocessed_Dataset/cmmd/cmmd_1820.jpg,Malignant,cancer,D1-0047,train
cmmd,Preprocessed_Dataset/cmmd/cmmd_1821.jpg,Malignant,cancer,D1-0051,train
cmmd,Preprocessed_Dataset/cmmd/cmmd_1822.jpg,Malignant,cancer,D1-0053,val
cmmd,Preprocessed_Dataset/cmmd/cmmd_1823.jpg,Malignant,cancer,D1-0055,train
cmmd,Preprocessed_Dataset/cmmd/cmmd_1824.jpg,Malignant,cancer,D1-0056,train
cmmd,Preprocessed_Dataset/cmmd/cmmd_1825.jpg,Malignant,cancer,D1-0058,train
cmmd,Preprocessed_Dataset/cmmd/cmmd_1826.jpg,Malignant,cancer,D1-0059,test
cmmd,Preprocessed_Dataset/cmmd/cmmd_1827.jpg,Malignant,cancer,D1-0061,train
cmmd,Preprocessed_Dataset/cmmd/cmmd_1828.jpg,Malignant,cancer,D1-0063,train
cmmd,Preprocessed_Dataset/cmmd/cmmd_1829.jpg,Malignant,cancer,D1-0064,train
cmmd,Preprocessed_Dataset/cmmd/cmmd_1830.jpg,Malignant,cancer,D1-0067,train
cmmd,Preprocessed_Dataset/cmmd/cmmd_1831.jpg,Malignant,cancer,D1-0068,val
cmmd,Preprocessed_Dataset/cmmd/cmmd_1832.jpg,Malignant,cancer,D1-0070,val
cmmd,Preprocessed_Dataset/cmmd/cmmd_1833.jpg,Malignant,cancer,D1-0071,train
cmmd,Preprocessed_Dataset/cmmd/cmmd_1834.jpg,Malignant,cancer,D1-0075,val
cmmd,Preprocessed_Dataset/cmmd/cmmd_1835.jpg,Malignant,cancer,D1-0078,val
cmmd,Preprocessed_Dataset/cmmd/cmmd_1836.jpg,Malignant,cancer,D1-0084,train
cmmd,Preprocessed_Dataset/cmmd/cmmd_1837.jpg,Malignant,cancer,D1-0085,test
cmmd,Preprocessed_Dataset/cmmd/cmmd_1838.jpg,Benign,non-cancer,D1-0087,test
cmmd,Preprocessed_Dataset/cmmd/cmmd_1839.jpg,Malignant,cancer,D1-0089,test
cmmd,Preprocessed_Dataset/cmmd/cmmd_1840.jpg,Malignant,cancer,D1-0091,val
cmmd,Preprocessed_Dataset/cmmd/cmmd_1841.jpg,Malignant,cancer,D1-0101,train
cmmd,Preprocessed_Dataset/cmmd/cmmd_1842.jpg,Malignant,cancer,D1-0102,train
cmmd,Preprocessed_Dataset/cmmd/cmmd_1843.jpg,Malignant,cancer,D1-0103,train
cmmd,Preprocessed_Dataset/cmmd/cmmd_1844.jpg,Malignant,cancer,D1-0105,train
cmmd,Preprocessed_Dataset/cmmd/cmmd_1845.jpg,Malignant,cancer,D1-0106,test
cmmd,Preprocessed_Dataset/cmmd/cmmd_1846.jpg,Malignant,cancer,D1-0107,train
cmmd,Preprocessed_Dataset/cmmd/cmmd_1847.jpg,Malignant,cancer,D1-0110,train
cmmd,Preprocessed_Dataset/cmmd/cmmd_1848.jpg,Malignant,cancer,D1-0111,train
cmmd,Preprocessed_Dataset/cmmd/cmmd_1849.jpg,Malignant,cancer,D1-0112,train
cmmd,Preprocessed_Dataset/cmmd/cmmd_1850.jpg,Malignant,cancer,D1-0113,train
cmmd,Preprocessed_Dataset/cmmd/cmmd_1851.jpg,Malignant,cancer,D1-0116,train
cmmd,Preprocessed_Dataset/cmmd/cmmd_1852.jpg,Malignant,cancer,D1-0120,train
cmmd,Preprocessed_Dataset/cmmd/cmmd_1853.jpg,Benign,non-cancer,D1-0121,train
cmmd,Preprocessed_Dataset/cmmd/cmmd_1854.jpg,Malignant,cancer,D1-0122,test
cmmd,Preprocessed_Dataset/cmmd/cmmd_1855.jpg,Malignant,cancer,D1-0124,test
cmmd,Preprocessed_Dataset/cmmd/cmmd_1856.jpg,Malignant,cancer,D1-0127,train
cmmd,Preprocessed_Dataset/cmmd/cmmd_1857.jpg,Malignant,cancer,D1-0129,val
cmmd,Preprocessed_Dataset/cmmd/cmmd_1858.jpg,Malignant,cancer,D1-0130,test
cmmd,Preprocessed_Dataset/cmmd/cmmd_1859.jpg,Malignant,cancer,D1-0131,train
cmmd,Preprocessed_Dataset/cmmd/cmmd_1860.jpg,Malignant,cancer,D1-0132,val
cmmd,Preprocessed_Dataset/cmmd/cmmd_1861.jpg,Malignant,cancer,D1-0133,train
cmmd,Preprocessed_Dataset/cmmd/cmmd_1862.jpg,Malignant,cancer,D1-0134,train
cmmd,Preprocessed_Dataset/cmmd/cmmd_1863.jpg,Malignant,cancer,D1-0135,train
cmmd,Preprocessed_Dataset/cmmd/cmmd_1864.jpg,Malignant,cancer,D1-0140,train
cmmd,Preprocessed_Dataset/cmmd/cmmd_1865.jpg,Malignant,cancer,D1-0142,train
cmmd,Preprocessed_Dataset/cmmd/cmmd_1866.jpg,Malignant,cancer,D1-0143,test
cmmd,Preprocessed_Dataset/cmmd/cmmd_1867.jpg,Malignant,cancer,D1-0147,train
cmmd,Preprocessed_Dataset/cmmd/cmmd_1868.jpg,Malignant,cancer,D1-0148,train
cmmd,Preprocessed_Dataset/cmmd/cmmd_1869.jpg,Malignant,cancer,D1-0149,train
cmmd,Preprocessed_Dataset/cmmd/cmmd_1870.jpg,Malignant,cancer,D1-0152,test
cmmd,Preprocessed_Dataset/cmmd/cmmd_1871.jpg,Malignant,cancer,D1-0154,train
cmmd,Preprocessed_Dataset/cmmd/cmmd_1872.jpg,Malignant,cancer,D1-0157,val
cmmd,Preprocessed_Dataset/cmmd/cmmd_1873.jpg,Malignant,cancer,D1-0161,val
cmmd,Preprocessed_Dataset/cmmd/cmmd_1874.jpg,Malignant,cancer,D1-0162,train
cmmd,Preprocessed_Dataset/cmmd/cmmd_1875.jpg,Malignant,cancer,D1-0163,train
cmmd,Preprocessed_Dataset/cmmd/cmmd_1876.jpg,Malignant,cancer,D1-0168,train
cmmd,Preprocessed_Dataset/cmmd/cmmd_1877.jpg,Malignant,cancer,D1-0169,test
cmmd,Preprocessed_Dataset/cmmd/cmmd_1878.jpg,Malignant,cancer,D1-0171,train
cmmd,Preprocessed_Dataset/cmmd/cmmd_1879.jpg,Malignant,cancer,D1-0173,train
cmmd,Preprocessed_Dataset/cmmd/cmmd_1880.jpg,Malignant,cancer,D1-0176,train
cmmd,Preprocessed_Dataset/cmmd/cmmd_1881.jpg,Malignant,cancer,D1-0178,train
cmmd,Preprocessed_Dataset/cmmd/cmmd_1882.jpg,Malignant,cancer,D1-0180,train
cmmd,Preprocessed_Dataset/cmmd/cmmd_1883.jpg,Malignant,cancer,D1-0181,train
cmmd,Preprocessed_Dataset/cmmd/cmmd_1884.jpg,Malignant,cancer,D1-0182,test
cmmd,Preprocessed_Dataset/cmmd/cmmd_1885.jpg,Malignant,cancer,D1-0183,train
cmmd,Preprocessed_Dataset/cmmd/cmmd_1886.jpg,Malignant,cancer,D1-0184,train
cmmd,Preprocessed_Dataset/cmmd/cmmd_1887.jpg,Malignant,cancer,D1-0188,train
cmmd,Preprocessed_Dataset/cmmd/cmmd_1888.jpg,Malignant,cancer,D1-0189,train
cmmd,Preprocessed_Dataset/cmmd/cmmd_1889.jpg,Malignant,cancer,D1-0191,train
cmmd,Preprocessed_Dataset/cmmd/cmmd_1890.jpg,Malignant,cancer,D1-0192,train
cmmd,Preprocessed_Dataset/cmmd/cmmd_1891.jpg,Malignant,cancer,D1-0194,train
cmmd,Preprocessed_Dataset/cmmd/cmmd_1892.jpg,Malignant,cancer,D1-0196,train
cmmd,Preprocessed_Dataset/cmmd/cmmd_1893.jpg,Malignant,cancer,D1-0199,train
cmmd,Preprocessed_Dataset/cmmd/cmmd_1894.jpg,Malignant,cancer,D1-0200,train
cmmd,Preprocessed_Dataset/cmmd/cmmd_1895.jpg,Malignant,cancer,D1-0201,train
cmmd,Preprocessed_Dataset/cmmd/cmmd_1896.jpg,Malignant,cancer,D1-0202,train
cmmd,Preprocessed_Dataset/cmmd/cmmd_1897.jpg,Benign,non-cancer,D1-0203,train
cmmd,Preprocessed_Dataset/cmmd/cmmd_1898.jpg,Malignant,cancer,D1-0204,train
cmmd,Preprocessed_Dataset/cmmd/cmmd_1899.jpg,Malignant,cancer,D1-0207,train
cmmd,Preprocessed_Dataset/cmmd/cmmd_1900.jpg,Malignant,cancer,D1-0208,train
cmmd,Preprocessed_Dataset/cmmd/cmmd_1901.jpg,Malignant,cancer,D1-0211,train
cmmd,Preprocessed_Dataset/cmmd/cmmd_1902.jpg,Benign,non-cancer,D1-0213,val
cmmd,Preprocessed_Dataset/cmmd/cmmd_1903.jpg,Malignant,cancer,D1-0215,train
cmmd,Preprocessed_Dataset/cmmd/cmmd_1904.jpg,Malignant,cancer,D1-0217,train
cmmd,Preprocessed_Dataset/cmmd/cmmd_1905.jpg,Malignant,cancer,D1-0220,train
cmmd,Preprocessed_Dataset/cmmd/cmmd_1906.jpg,Benign,non-cancer,D1-0221,train
cmmd,Preprocessed_Dataset/cmmd/cmmd_1907.jpg,Malignant,cancer,D1-0223,train
cmmd,Preprocessed_Dataset/cmmd/cmmd_1908.jpg,Malignant,cancer,D1-0225,train
cmmd,Preprocessed_Dataset/cmmd/cmmd_1909.jpg,Malignant,cancer,D1-0226,train
cmmd,Preprocessed_Dataset/cmmd/cmmd_1910.jpg,Malignant,cancer,D1-0227,val
cmmd,Preprocessed_Dataset/cmmd/cmmd_1911.jpg,Malignant,cancer,D1-0229,train
cmmd,Preprocessed_Dataset/cmmd/cmmd_1912.jpg,Malignant,cancer,D1-0230,train
cmmd,Preprocessed_Dataset/cmmd/cmmd_1913.jpg,Malignant,cancer,D1-0231,train
cmmd,Preprocessed_Dataset/cmmd/cmmd_1914.jpg,Malignant,cancer,D1-0232,test
cmmd,Preprocessed_Dataset/cmmd/cmmd_1915.jpg,Malignant,cancer,D1-0236,train
cmmd,Preprocessed_Dataset/cmmd/cmmd_1916.jpg,Malignant,cancer,D1-0240,train
cmmd,Preprocessed_Dataset/cmmd/cmmd_1917.jpg,Malignant,cancer,D1-0241,train
cmmd,Preprocessed_Dataset/cmmd/cmmd_1918.jpg,Benign,non-cancer,D1-0242,train
cmmd,Preprocessed_Dataset/cmmd/cmmd_1919.jpg,Benign,non-cancer,D1-0243,train
cmmd,Preprocessed_Dataset/cmmd/cmmd_1920.jpg,Benign,non-cancer,D1-0244,train
cmmd,Preprocessed_Dataset/cmmd/cmmd_1921.jpg,Benign,non-cancer,D1-0245,train
cmmd,Preprocessed_Dataset/cmmd/cmmd_1922.jpg,Benign,non-cancer,D1-0246,train
cmmd,Preprocessed_Dataset/cmmd/cmmd_1923.jpg,Benign,non-cancer,D1-0247,train
cmmd,Preprocessed_Dataset/cmmd/cmmd_1924.jpg,Benign,non-cancer,D1-0248,test
cmmd,Preprocessed_Dataset/cmmd/cmmd_1925.jpg,Benign,non-cancer,D1-0249,train
cmmd,Preprocessed_Dataset/cmmd/cmmd_1926.jpg,Benign,non-cancer,D1-0250,test
cmmd,Preprocessed_Dataset/cmmd/cmmd_1927.jpg,Benign,non-cancer,D1-0251,train
cmmd,Preprocessed_Dataset/cmmd/cmmd_1928.jpg,Benign,non-cancer,D1-0252,val
cmmd,Preprocessed_Dataset/cmmd/cmmd_1929.jpg,Benign,non-cancer,D1-0253,train
cmmd,Preprocessed_Dataset/cmmd/cmmd_1930.jpg,Benign,non-cancer,D1-0254,test
cmmd,Preprocessed_Dataset/cmmd/cmmd_1931.jpg,Benign,non-cancer,D1-0255,train
cmmd,Preprocessed_Dataset/cmmd/cmmd_1932.jpg,Benign,non-cancer,D1-0256,train
cmmd,Preprocessed_Dataset/cmmd/cmmd_1933.jpg,Benign,non-cancer,D1-0257,train
cmmd,Preprocessed_Dataset/cmmd/cmmd_1934.jpg,Benign,non-cancer,D1-0258,val
cmmd,Preprocessed_Dataset/cmmd/cmmd_1935.jpg,Benign,non-cancer,D1-0259,train
cmmd,Preprocessed_Dataset/cmmd/cmmd_1936.jpg,Benign,non-cancer,D1-0260,train
cmmd,Preprocessed_Dataset/cmmd/cmmd_1937.jpg,Benign,non-cancer,D1-0261,train
cmmd,Preprocessed_Dataset/cmmd/cmmd_1938.jpg,Benign,non-cancer,D1-0262,test
cmmd,Preprocessed_Dataset/cmmd/cmmd_1939.jpg,Benign,non-cancer,D1-0263,train
cmmd,Preprocessed_Dataset/cmmd/cmmd_1940.jpg,Benign,non-cancer,D1-0264,train
cmmd,Preprocessed_Dataset/cmmd/cmmd_1941.jpg,Benign,non-cancer,D1-0265,train
cmmd,Preprocessed_Dataset/cmmd/cmmd_1942.jpg,Benign,non-cancer,D1-0266,val
cmmd,Preprocessed_Dataset/cmmd/cmmd_1943.jpg,Benign,non-cancer,D1-0267,train
cmmd,Preprocessed_Dataset/cmmd/cmmd_1944.jpg,Benign,non-cancer,D1-0268,train
cmmd,Preprocessed_Dataset/cmmd/cmmd_1945.jpg,Benign,non-cancer,D1-0269,train
cmmd,Preprocessed_Dataset/cmmd/cmmd_1946.jpg,Benign,non-cancer,D1-0270,train
cmmd,Preprocessed_Dataset/cmmd/cmmd_1947.jpg,Benign,non-cancer,D1-0271,train
cmmd,Preprocessed_Dataset/cmmd/cmmd_1948.jpg,Benign,non-cancer,D1-0272,train
cmmd,Preprocessed_Dataset/cmmd/cmmd_1949.jpg,Benign,non-cancer,D1-0273,val
cmmd,Preprocessed_Dataset/cmmd/cmmd_1950.jpg,Benign,non-cancer,D1-0274,test
cmmd,Preprocessed_Dataset/cmmd/cmmd_1951.jpg,Benign,non-cancer,D1-0275,test
cmmd,Preprocessed_Dataset/cmmd/cmmd_1952.jpg,Benign,non-cancer,D1-0276,train
cmmd,Preprocessed_Dataset/cmmd/cmmd_1953.jpg,Benign,non-cancer,D1-0277,train
cmmd,Preprocessed_Dataset/cmmd/cmmd_1954.jpg,Benign,non-cancer,D1-0278,train
cmmd,Preprocessed_Dataset/cmmd/cmmd_1955.jpg,Benign,non-cancer,D1-0279,test
cmmd,Preprocessed_Dataset/cmmd/cmmd_1956.jpg,Benign,non-cancer,D1-0280,train
cmmd,Preprocessed_Dataset/cmmd/cmmd_1957.jpg,Benign,non-cancer,D1-0281,train
cmmd,Preprocessed_Dataset/cmmd/cmmd_1958.jpg,Benign,non-cancer,D1-0282,val
cmmd,Preprocessed_Dataset/cmmd/cmmd_1959.jpg,Benign,non-cancer,D1-0283,train
cmmd,Preprocessed_Dataset/cmmd/cmmd_1960.jpg,Benign,non-cancer,D1-0284,train
cmmd,Preprocessed_Dataset/cmmd/cmmd_1961.jpg,Benign,non-cancer,D1-0285,train
cmmd,Preprocessed_Dataset/cmmd/cmmd_1962.jpg,Benign,non-cancer,D1-0286,train
cmmd,Preprocessed_Dataset/cmmd/cmmd_1963.jpg,Benign,non-cancer,D1-0287,train
cmmd,Preprocessed_Dataset/cmmd/cmmd_1964.jpg,Benign,non-cancer,D1-0288,train
cmmd,Preprocessed_Dataset/cmmd/cmmd_1965.jpg,Benign,non-cancer,D1-0289,val
cmmd,Preprocessed_Dataset/cmmd/cmmd_1966.jpg,Benign,non-cancer,D1-0290,train
cmmd,Preprocessed_Dataset/cmmd/cmmd_1967.jpg,Benign,non-cancer,D1-0291,val
cmmd,Preprocessed_Dataset/cmmd/cmmd_1968.jpg,Benign,non-cancer,D1-0292,train
cmmd,Preprocessed_Dataset/cmmd/cmmd_1969.jpg,Benign,non-cancer,D1-0293,train
cmmd,Preprocessed_Dataset/cmmd/cmmd_1970.jpg,Benign,non-cancer,D1-0294,val
cmmd,Preprocessed_Dataset/cmmd/cmmd_1971.jpg,Benign,non-cancer,D1-0295,val
cmmd,Preprocessed_Dataset/cmmd/cmmd_1972.jpg,Benign,non-cancer,D1-0296,test
cmmd,Preprocessed_Dataset/cmmd/cmmd_1973.jpg,Benign,non-cancer,D1-0297,train
cmmd,Preprocessed_Dataset/cmmd/cmmd_1974.jpg,Benign,non-cancer,D1-0298,train
cmmd,Preprocessed_Dataset/cmmd/cmmd_1975.jpg,Benign,non-cancer,D1-0299,train
cmmd,Preprocessed_Dataset/cmmd/cmmd_1976.jpg,Benign,non-cancer,D1-0300,train
cmmd,Preprocessed_Dataset/cmmd/cmmd_1977.jpg,Benign,non-cancer,D1-0301,test
cmmd,Preprocessed_Dataset/cmmd/cmmd_1978.jpg,Malignant,cancer,D1-0303,test
cmmd,Preprocessed_Dataset/cmmd/cmmd_1979.jpg,Malignant,cancer,D1-0304,train
cmmd,Preprocessed_Dataset/cmmd/cmmd_1980.jpg,Malignant,cancer,D1-0306,train
cmmd,Preprocessed_Dataset/cmmd/cmmd_1981.jpg,Malignant,cancer,D1-0309,val
cmmd,Preprocessed_Dataset/cmmd/cmmd_1982.jpg,Malignant,cancer,D1-0310,train
cmmd,Preprocessed_Dataset/cmmd/cmmd_1983.jpg,Malignant,cancer,D1-0313,train
cmmd,Preprocessed_Dataset/cmmd/cmmd_1984.jpg,Malignant,cancer,D1-0321,train
cmmd,Preprocessed_Dataset/cmmd/cmmd_1985.jpg,Malignant,cancer,D1-0322,test
cmmd,Preprocessed_Dataset/cmmd/cmmd_1986.jpg,Malignant,cancer,D1-0324,test
cmmd,Preprocessed_Dataset/cmmd/cmmd_1987.jpg,Malignant,cancer,D1-0326,train
cmmd,Preprocessed_Dataset/cmmd/cmmd_1988.jpg,Malignant,cancer,D1-0328,val
cmmd,Preprocessed_Dataset/cmmd/cmmd_1989.jpg,Malignant,cancer,D1-0331,train
cmmd,Preprocessed_Dataset/cmmd/cmmd_1990.jpg,Malignant,cancer,D1-0332,train
cmmd,Preprocessed_Dataset/cmmd/cmmd_1991.jpg,Malignant,cancer,D1-0335,train
cmmd,Preprocessed_Dataset/cmmd/cmmd_1992.jpg,Malignant,cancer,D1-0338,train
cmmd,Preprocessed_Dataset/cmmd/cmmd_1993.jpg,Malignant,cancer,D1-0340,train
cmmd,Preprocessed_Dataset/cmmd/cmmd_1994.jpg,Malignant,cancer,D1-0342,train
cmmd,Preprocessed_Dataset/cmmd/cmmd_1995.jpg,Malignant,cancer,D1-0344,val
cmmd,Preprocessed_Dataset/cmmd/cmmd_1996.jpg,Malignant,cancer,D1-0350,train
cmmd,Preprocessed_Dataset/cmmd/cmmd_1997.jpg,Malignant,cancer,D1-0351,train
cmmd,Preprocessed_Dataset/cmmd/cmmd_1998.jpg,Malignant,cancer,D1-0355,train
cmmd,Preprocessed_Dataset/cmmd/cmmd_1999.jpg,Malignant,cancer,D1-0356,test
cmmd,Preprocessed_Dataset/cmmd/cmmd_2000.jpg,Malignant,cancer,D1-0358,val
cmmd,Preprocessed_Dataset/cmmd/cmmd_2001.jpg,Malignant,cancer,D1-0362,train
cmmd,Preprocessed_Dataset/cmmd/cmmd_2002.jpg,Malignant,cancer,D1-0363,val
cmmd,Preprocessed_Dataset/cmmd/cmmd_2003.jpg,Malignant,cancer,D1-0364,train
cmmd,Preprocessed_Dataset/cmmd/cmmd_2004.jpg,Malignant,cancer,D1-0365,val
cmmd,Preprocessed_Dataset/cmmd/cmmd_2005.jpg,Malignant,cancer,D1-0366,val
cmmd,Preprocessed_Dataset/cmmd/cmmd_2006.jpg,Malignant,cancer,D1-0367,train
cmmd,Preprocessed_Dataset/cmmd/cmmd_2007.jpg,Malignant,cancer,D1-0368,test
cmmd,Preprocessed_Dataset/cmmd/cmmd_2008.jpg,Malignant,cancer,D1-0369,train
cmmd,Preprocessed_Dataset/cmmd/cmmd_2009.jpg,Malignant,cancer,D1-0372,val
cmmd,Preprocessed_Dataset/cmmd/cmmd_2010.jpg,Malignant,cancer,D1-0373,val
cmmd,Preprocessed_Dataset/cmmd/cmmd_2011.jpg,Malignant,cancer,D1-0374,train
cmmd,Preprocessed_Dataset/cmmd/cmmd_2012.jpg,Malignant,cancer,D1-0376,train
cmmd,Preprocessed_Dataset/cmmd/cmmd_2013.jpg,Malignant,cancer,D1-0378,val
cmmd,Preprocessed_Dataset/cmmd/cmmd_2014.jpg,Malignant,cancer,D1-0380,train
cmmd,Preprocessed_Dataset/cmmd/cmmd_2015.jpg,Malignant,cancer,D1-0381,train
cmmd,Preprocessed_Dataset/cmmd/cmmd_2016.jpg,Malignant,cancer,D1-0387,train
cmmd,Preprocessed_Dataset/cmmd/cmmd_2017.jpg,Malignant,cancer,D1-0388,val
cmmd,Preprocessed_Dataset/cmmd/cmmd_2018.jpg,Malignant,cancer,D1-0389,train
cmmd,Preprocessed_Dataset/cmmd/cmmd_2019.jpg,Malignant,cancer,D1-0390,train
cmmd,Preprocessed_Dataset/cmmd/cmmd_2020.jpg,Malignant,cancer,D1-0391,train
cmmd,Preprocessed_Dataset/cmmd/cmmd_2021.jpg,Malignant,cancer,D1-0392,train
cmmd,Preprocessed_Dataset/cmmd/cmmd_2022.jpg,Malignant,cancer,D1-0393,train
cmmd,Preprocessed_Dataset/cmmd/cmmd_2023.jpg,Malignant,cancer,D1-0394,train
cmmd,Preprocessed_Dataset/cmmd/cmmd_2024.jpg,Malignant,cancer,D1-0396,train
cmmd,Preprocessed_Dataset/cmmd/cmmd_2025.jpg,Malignant,cancer,D1-0397,val
cmmd,Preprocessed_Dataset/cmmd/cmmd_2026.jpg,Malignant,cancer,D1-0398,test
cmmd,Preprocessed_Dataset/cmmd/cmmd_2027.jpg,Malignant,cancer,D1-0400,train
cmmd,Preprocessed_Dataset/cmmd/cmmd_2028.jpg,Malignant,cancer,D1-0410,train
cmmd,Preprocessed_Dataset/cmmd/cmmd_2029.jpg,Malignant,cancer,D1-0411,test
cmmd,Preprocessed_Dataset/cmmd/cmmd_2030.jpg,Malignant,cancer,D1-0413,train
cmmd,Preprocessed_Dataset/cmmd/cmmd_2031.jpg,Malignant,cancer,D1-0414,train
cmmd,Preprocessed_Dataset/cmmd/cmmd_2032.jpg,Malignant,cancer,D1-0420,test
cmmd,Preprocessed_Dataset/cmmd/cmmd_2033.jpg,Malignant,cancer,D1-0422,val
cmmd,Preprocessed_Dataset/cmmd/cmmd_2034.jpg,Malignant,cancer,D1-0423,val
cmmd,Preprocessed_Dataset/cmmd/cmmd_2035.jpg,Malignant,cancer,D1-0427,val
cmmd,Preprocessed_Dataset/cmmd/cmmd_2036.jpg,Malignant,cancer,D1-0428,train
cmmd,Preprocessed_Dataset/cmmd/cmmd_2037.jpg,Malignant,cancer,D1-0430,val
cmmd,Preprocessed_Dataset/cmmd/cmmd_2038.jpg,Malignant,cancer,D1-0433,train
cmmd,Preprocessed_Dataset/cmmd/cmmd_2039.jpg,Malignant,cancer,D1-0435,train
cmmd,Preprocessed_Dataset/cmmd/cmmd_2040.jpg,Malignant,cancer,D1-0436,test
cmmd,Preprocessed_Dataset/cmmd/cmmd_2041.jpg,Malignant,cancer,D1-0439,train
cmmd,Preprocessed_Dataset/cmmd/cmmd_2042.jpg,Malignant,cancer,D1-0449,train
cmmd,Preprocessed_Dataset/cmmd/cmmd_2043.jpg,Malignant,cancer,D1-0450,val
cmmd,Preprocessed_Dataset/cmmd/cmmd_2044.jpg,Malignant,cancer,D1-0451,val
cmmd,Preprocessed_Dataset/cmmd/cmmd_2045.jpg,Malignant,cancer,D1-0452,train
cmmd,Preprocessed_Dataset/cmmd/cmmd_2046.jpg,Malignant,cancer,D1-0453,train
cmmd,Preprocessed_Dataset/cmmd/cmmd_2047.jpg,Malignant,cancer,D1-0455,train
cmmd,Preprocessed_Dataset/cmmd/cmmd_2048.jpg,Malignant,cancer,D1-0457,train
cmmd,Preprocessed_Dataset/cmmd/cmmd_2049.jpg,Malignant,cancer,D1-0461,test
cmmd,Preprocessed_Dataset/cmmd/cmmd_2050.jpg,Malignant,cancer,D1-0462,train
cmmd,Preprocessed_Dataset/cmmd/cmmd_2051.jpg,Malignant,cancer,D1-0463,train
cmmd,Preprocessed_Dataset/cmmd/cmmd_2052.jpg,Malignant,cancer,D1-0464,train
cmmd,Preprocessed_Dataset/cmmd/cmmd_2053.jpg,Malignant,cancer,D1-0467,train
cmmd,Preprocessed_Dataset/cmmd/cmmd_2054.jpg,Malignant,cancer,D1-0472,train
cmmd,Preprocessed_Dataset/cmmd/cmmd_2055.jpg,Malignant,cancer,D1-0500,train
cmmd,Preprocessed_Dataset/cmmd/cmmd_2056.jpg,Malignant,cancer,D1-0501,train
cmmd,Preprocessed_Dataset/cmmd/cmmd_2057.jpg,Malignant,cancer,D1-0503,train
cmmd,Preprocessed_Dataset/cmmd/cmmd_2058.jpg,Malignant,cancer,D1-0508,test
cmmd,Preprocessed_Dataset/cmmd/cmmd_2059.jpg,Malignant,cancer,D1-0510,train
cmmd,Preprocessed_Dataset/cmmd/cmmd_2060.jpg,Malignant,cancer,D1-0511,train
cmmd,Preprocessed_Dataset/cmmd/cmmd_2061.jpg,Malignant,cancer,D1-0513,train
cmmd,Preprocessed_Dataset/cmmd/cmmd_2062.jpg,Malignant,cancer,D1-0514,train
cmmd,Preprocessed_Dataset/cmmd/cmmd_2063.jpg,Malignant,cancer,D1-0515,val
cmmd,Preprocessed_Dataset/cmmd/cmmd_2064.jpg,Malignant,cancer,D1-0516,train
cmmd,Preprocessed_Dataset/cmmd/cmmd_2065.jpg,Malignant,cancer,D1-0517,train
cmmd,Preprocessed_Dataset/cmmd/cmmd_2066.jpg,Malignant,cancer,D1-0519,train
cmmd,Preprocessed_Dataset/cmmd/cmmd_2067.jpg,Malignant,cancer,D1-0522,train
cmmd,Preprocessed_Dataset/cmmd/cmmd_2068.jpg,Malignant,cancer,D1-0525,train
cmmd,Preprocessed_Dataset/cmmd/cmmd_2069.jpg,Malignant,cancer,D1-0530,test
cmmd,Preprocessed_Dataset/cmmd/cmmd_2070.jpg,Malignant,cancer,D1-0531,test
cmmd,Preprocessed_Dataset/cmmd/cmmd_2071.jpg,Malignant,cancer,D1-0540,train
cmmd,Preprocessed_Dataset/cmmd/cmmd_2072.jpg,Malignant,cancer,D1-0541,val
cmmd,Preprocessed_Dataset/cmmd/cmmd_2073.jpg,Malignant,cancer,D1-0543,test
cmmd,Preprocessed_Dataset/cmmd/cmmd_2074.jpg,Malignant,cancer,D1-0546,train
cmmd,Preprocessed_Dataset/cmmd/cmmd_2075.jpg,Malignant,cancer,D1-0552,train
cmmd,Preprocessed_Dataset/cmmd/cmmd_2076.jpg,Malignant,cancer,D1-0556,train
cmmd,Preprocessed_Dataset/cmmd/cmmd_2077.jpg,Malignant,cancer,D1-0563,train
cmmd,Preprocessed_Dataset/cmmd/cmmd_2078.jpg,Malignant,cancer,D1-0564,val
cmmd,Preprocessed_Dataset/cmmd/cmmd_2079.jpg,Malignant,cancer,D1-0566,train
cmmd,Preprocessed_Dataset/cmmd/cmmd_2080.jpg,Malignant,cancer,D1-0568,test
cmmd,Preprocessed_Dataset/cmmd/cmmd_2081.jpg,Malignant,cancer,D1-0569,train
cmmd,Preprocessed_Dataset/cmmd/cmmd_2082.jpg,Malignant,cancer,D1-0575,train
cmmd,Preprocessed_Dataset/cmmd/cmmd_2083.jpg,Malignant,cancer,D1-0577,val
cmmd,Preprocessed_Dataset/cmmd/cmmd_2084.jpg,Malignant,cancer,D1-0578,val
cmmd,Preprocessed_Dataset/cmmd/cmmd_2085.jpg,Malignant,cancer,D1-0579,test
cmmd,Preprocessed_Dataset/cmmd/cmmd_2086.jpg,Malignant,cancer,D1-0584,train
cmmd,Preprocessed_Dataset/cmmd/cmmd_2087.jpg,Malignant,cancer,D1-0586,train
cmmd,Preprocessed_Dataset/cmmd/cmmd_2088.jpg,Malignant,cancer,D1-0587,test
cmmd,Preprocessed_Dataset/cmmd/cmmd_2089.jpg,Malignant,cancer,D1-0590,test
cmmd,Preprocessed_Dataset/cmmd/cmmd_2090.jpg,Malignant,cancer,D1-0594,val
cmmd,Preprocessed_Dataset/cmmd/cmmd_2091.jpg,Malignant,cancer,D1-0597,train
cmmd,Preprocessed_Dataset/cmmd/cmmd_2092.jpg,Malignant,cancer,D1-0599,train
cmmd,Preprocessed_Dataset/cmmd/cmmd_2093.jpg,Malignant,cancer,D1-0600,train
cmmd,Preprocessed_Dataset/cmmd/cmmd_2094.jpg,Malignant,cancer,D1-0603,train
cmmd,Preprocessed_Dataset/cmmd/cmmd_2095.jpg,Malignant,cancer,D1-0606,train
cmmd,Preprocessed_Dataset/cmmd/cmmd_2096.jpg,Malignant,cancer,D1-0607,train
cmmd,Preprocessed_Dataset/cmmd/cmmd_2097.jpg,Malignant,cancer,D1-0609,train
cmmd,Preprocessed_Dataset/cmmd/cmmd_2098.jpg,Malignant,cancer,D1-0612,train
cmmd,Preprocessed_Dataset/cmmd/cmmd_2099.jpg,Malignant,cancer,D1-0616,test
cmmd,Preprocessed_Dataset/cmmd/cmmd_2100.jpg,Malignant,cancer,D1-0620,train
cmmd,Preprocessed_Dataset/cmmd/cmmd_2101.jpg,Malignant,cancer,D1-0624,train
cmmd,Preprocessed_Dataset/cmmd/cmmd_2102.jpg,Malignant,cancer,D1-0631,val
cmmd,Preprocessed_Dataset/cmmd/cmmd_2103.jpg,Malignant,cancer,D1-0633,train
cmmd,Preprocessed_Dataset/cmmd/cmmd_2104.jpg,Malignant,cancer,D1-0636,train
cmmd,Preprocessed_Dataset/cmmd/cmmd_2105.jpg,Malignant,cancer,D1-0637,train
cmmd,Preprocessed_Dataset/cmmd/cmmd_2106.jpg,Malignant,cancer,D1-0639,train
cmmd,Preprocessed_Dataset/cmmd/cmmd_2107.jpg,Malignant,cancer,D1-0641,train
cmmd,Preprocessed_Dataset/cmmd/cmmd_2108.jpg,Malignant,cancer,D1-0642,val
cmmd,Preprocessed_Dataset/cmmd/cmmd_2109.jpg,Malignant,cancer,D1-0647,train
cmmd,Preprocessed_Dataset/cmmd/cmmd_2110.jpg,Malignant,cancer,D1-0649,train
cmmd,Preprocessed_Dataset/cmmd/cmmd_2111.jpg,Malignant,cancer,D1-0653,train
cmmd,Preprocessed_Dataset/cmmd/cmmd_2112.jpg,Malignant,cancer,D1-0656,val
cmmd,Preprocessed_Dataset/cmmd/cmmd_2113.jpg,Malignant,cancer,D1-0658,test
cmmd,Preprocessed_Dataset/cmmd/cmmd_2114.jpg,Malignant,cancer,D1-0662,train
cmmd,Preprocessed_Dataset/cmmd/cmmd_2115.jpg,Malignant,cancer,D1-0663,train
cmmd,Preprocessed_Dataset/cmmd/cmmd_2116.jpg,Malignant,cancer,D1-0664,train
cmmd,Preprocessed_Dataset/cmmd/cmmd_2117.jpg,Malignant,cancer,D1-0666,train
cmmd,Preprocessed_Dataset/cmmd/cmmd_2118.jpg,Malignant,cancer,D1-0667,train
cmmd,Preprocessed_Dataset/cmmd/cmmd_2119.jpg,Malignant,cancer,D1-0672,train
cmmd,Preprocessed_Dataset/cmmd/cmmd_2120.jpg,Malignant,cancer,D1-0677,train
cmmd,Preprocessed_Dataset/cmmd/cmmd_2121.jpg,Malignant,cancer,D1-0678,train
cmmd,Preprocessed_Dataset/cmmd/cmmd_2122.jpg,Malignant,cancer,D1-0679,train
cmmd,Preprocessed_Dataset/cmmd/cmmd_2123.jpg,Benign,non-cancer,D1-0681,train
cmmd,Preprocessed_Dataset/cmmd/cmmd_2124.jpg,Benign,non-cancer,D1-0682,train
cmmd,Preprocessed_Dataset/cmmd/cmmd_2125.jpg,Benign,non-cancer,D1-0683,train
cmmd,Preprocessed_Dataset/cmmd/cmmd_2126.jpg,Benign,non-cancer,D1-0684,train
cmmd,Preprocessed_Dataset/cmmd/cmmd_2127.jpg,Benign,non-cancer,D1-0685,val
cmmd,Preprocessed_Dataset/cmmd/cmmd_2128.jpg,Benign,non-cancer,D1-0686,train
cmmd,Preprocessed_Dataset/cmmd/cmmd_2129.jpg,Benign,non-cancer,D1-0687,train
cmmd,Preprocessed_Dataset/cmmd/cmmd_2130.jpg,Benign,non-cancer,D1-0688,train
cmmd,Preprocessed_Dataset/cmmd/cmmd_2131.jpg,Benign,non-cancer,D1-0689,val
cmmd,Preprocessed_Dataset/cmmd/cmmd_2132.jpg,Benign,non-cancer,D1-0690,train
cmmd,Preprocessed_Dataset/cmmd/cmmd_2133.jpg,Benign,non-cancer,D1-0691,train
cmmd,Preprocessed_Dataset/cmmd/cmmd_2134.jpg,Benign,non-cancer,D1-0692,train
cmmd,Preprocessed_Dataset/cmmd/cmmd_2135.jpg,Benign,non-cancer,D1-0693,train
cmmd,Preprocessed_Dataset/cmmd/cmmd_2136.jpg,Benign,non-cancer,D1-0694,train
cmmd,Preprocessed_Dataset/cmmd/cmmd_2137.jpg,Benign,non-cancer,D1-0695,train
cmmd,Preprocessed_Dataset/cmmd/cmmd_2138.jpg,Benign,non-cancer,D1-0696,train
cmmd,Preprocessed_Dataset/cmmd/cmmd_2139.jpg,Benign,non-cancer,D1-0697,train
cmmd,Preprocessed_Dataset/cmmd/cmmd_2140.jpg,Benign,non-cancer,D1-0698,train
cmmd,Preprocessed_Dataset/cmmd/cmmd_2141.jpg,Benign,non-cancer,D1-0699,train
cmmd,Preprocessed_Dataset/cmmd/cmmd_2142.jpg,Benign,non-cancer,D1-0700,train
cmmd,Preprocessed_Dataset/cmmd/cmmd_2143.jpg,Benign,non-cancer,D1-0701,train
cmmd,Preprocessed_Dataset/cmmd/cmmd_2144.jpg,Benign,non-cancer,D1-0702,train
cmmd,Preprocessed_Dataset/cmmd/cmmd_2145.jpg,Benign,non-cancer,D1-0703,test
cmmd,Preprocessed_Dataset/cmmd/cmmd_2146.jpg,Benign,non-cancer,D1-0704,train
cmmd,Preprocessed_Dataset/cmmd/cmmd_2147.jpg,Benign,non-cancer,D1-0705,train
cmmd,Preprocessed_Dataset/cmmd/cmmd_2148.jpg,Benign,non-cancer,D1-0706,train
cmmd,Preprocessed_Dataset/cmmd/cmmd_2149.jpg,Benign,non-cancer,D1-0707,train
cmmd,Preprocessed_Dataset/cmmd/cmmd_2150.jpg,Benign,non-cancer,D1-0708,train
cmmd,Preprocessed_Dataset/cmmd/cmmd_2151.jpg,Benign,non-cancer,D1-0709,test
cmmd,Preprocessed_Dataset/cmmd/cmmd_2152.jpg,Benign,non-cancer,D1-0710,train
cmmd,Preprocessed_Dataset/cmmd/cmmd_2153.jpg,Benign,non-cancer,D1-0711,train
cmmd,Preprocessed_Dataset/cmmd/cmmd_2154.jpg,Benign,non-cancer,D1-0712,train
cmmd,Preprocessed_Dataset/cmmd/cmmd_2155.jpg,Benign,non-cancer,D1-0713,val
cmmd,Preprocessed_Dataset/cmmd/cmmd_2156.jpg,Benign,non-cancer,D1-0714,test
cmmd,Preprocessed_Dataset/cmmd/cmmd_2157.jpg,Benign,non-cancer,D1-0715,test
cmmd,Preprocessed_Dataset/cmmd/cmmd_2158.jpg,Benign,non-cancer,D1-0716,train
cmmd,Preprocessed_Dataset/cmmd/cmmd_2159.jpg,Benign,non-cancer,D1-0717,train
cmmd,Preprocessed_Dataset/cmmd/cmmd_2160.jpg,Benign,non-cancer,D1-0718,train
cmmd,Preprocessed_Dataset/cmmd/cmmd_2161.jpg,Benign,non-cancer,D1-0719,train
cmmd,Preprocessed_Dataset/cmmd/cmmd_2162.jpg,Benign,non-cancer,D1-0720,test
cmmd,Preprocessed_Dataset/cmmd/cmmd_2163.jpg,Benign,non-cancer,D1-0721,val
cmmd,Preprocessed_Dataset/cmmd/cmmd_2164.jpg,Benign,non-cancer,D1-0722,train
cmmd,Preprocessed_Dataset/cmmd/cmmd_2165.jpg,Benign,non-cancer,D1-0723,train
cmmd,Preprocessed_Dataset/cmmd/cmmd_2166.jpg,Benign,non-cancer,D1-0724,test
cmmd,Preprocessed_Dataset/cmmd/cmmd_2167.jpg,Benign,non-cancer,D1-0725,train
cmmd,Preprocessed_Dataset/cmmd/cmmd_2168.jpg,Benign,non-cancer,D1-0726,test
cmmd,Preprocessed_Dataset/cmmd/cmmd_2169.jpg,Benign,non-cancer,D1-0727,train
cmmd,Preprocessed_Dataset/cmmd/cmmd_2170.jpg,Benign,non-cancer,D1-0728,train
cmmd,Preprocessed_Dataset/cmmd/cmmd_2171.jpg,Benign,non-cancer,D1-0729,train
cmmd,Preprocessed_Dataset/cmmd/cmmd_2172.jpg,Benign,non-cancer,D1-0730,test
cmmd,Preprocessed_Dataset/cmmd/cmmd_2173.jpg,Benign,non-cancer,D1-0731,val
cmmd,Preprocessed_Dataset/cmmd/cmmd_2174.jpg,Benign,non-cancer,D1-0732,train
cmmd,Preprocessed_Dataset/cmmd/cmmd_2175.jpg,Benign,non-cancer,D1-0733,val
cmmd,Preprocessed_Dataset/cmmd/cmmd_2176.jpg,Benign,non-cancer,D1-0734,train
cmmd,Preprocessed_Dataset/cmmd/cmmd_2177.jpg,Benign,non-cancer,D1-0735,train
cmmd,Preprocessed_Dataset/cmmd/cmmd_2178.jpg,Benign,non-cancer,D1-0736,train
cmmd,Preprocessed_Dataset/cmmd/cmmd_2179.jpg,Benign,non-cancer,D1-0737,train
cmmd,Preprocessed_Dataset/cmmd/cmmd_2180.jpg,Benign,non-cancer,D1-0738,train
cmmd,Preprocessed_Dataset/cmmd/cmmd_2181.jpg,Benign,non-cancer,D1-0739,train
cmmd,Preprocessed_Dataset/cmmd/cmmd_2182.jpg,Benign,non-cancer,D1-0740,train
cmmd,Preprocessed_Dataset/cmmd/cmmd_2183.jpg,Benign,non-cancer,D1-0741,train
cmmd,Preprocessed_Dataset/cmmd/cmmd_2184.jpg,Benign,non-cancer,D1-0742,test
cmmd,Preprocessed_Dataset/cmmd/cmmd_2185.jpg,Benign,non-cancer,D1-0743,test
cmmd,Preprocessed_Dataset/cmmd/cmmd_2186.jpg,Benign,non-cancer,D1-0744,test
cmmd,Preprocessed_Dataset/cmmd/cmmd_2187.jpg,Benign,non-cancer,D1-0745,train
cmmd,Preprocessed_Dataset/cmmd/cmmd_2188.jpg,Benign,non-cancer,D1-0746,train
cmmd,Preprocessed_Dataset/cmmd/cmmd_2189.jpg,Benign,non-cancer,D1-0747,train
cmmd,Preprocessed_Dataset/cmmd/cmmd_2190.jpg,Benign,non-cancer,D1-0748,test
cmmd,Preprocessed_Dataset/cmmd/cmmd_2191.jpg,Benign,non-cancer,D1-0749,test
cmmd,Preprocessed_Dataset/cmmd/cmmd_2192.jpg,Benign,non-cancer,D1-0750,train
cmmd,Preprocessed_Dataset/cmmd/cmmd_2193.jpg,Benign,non-cancer,D1-0751,train
cmmd,Preprocessed_Dataset/cmmd/cmmd_2194.jpg,Benign,non-cancer,D1-0752,train
cmmd,Preprocessed_Dataset/cmmd/cmmd_2195.jpg,Benign,non-cancer,D1-0753,train
cmmd,Preprocessed_Dataset/cmmd/cmmd_2196.jpg,Benign,non-cancer,D1-0754,train
cmmd,Preprocessed_Dataset/cmmd/cmmd_2197.jpg,Benign,non-cancer,D1-0755,val
cmmd,Preprocessed_Dataset/cmmd/cmmd_2198.jpg,Benign,non-cancer,D1-0756,train
cmmd,Preprocessed_Dataset/cmmd/cmmd_2199.jpg,Benign,non-cancer,D1-0757,test
cmmd,Preprocessed_Dataset/cmmd/cmmd_2200.jpg,Benign,non-cancer,D1-0758,train
cmmd,Preprocessed_Dataset/cmmd/cmmd_2201.jpg,Benign,non-cancer,D1-0759,val
cmmd,Preprocessed_Dataset/cmmd/cmmd_2202.jpg,Benign,non-cancer,D1-0760,test
cmmd,Preprocessed_Dataset/cmmd/cmmd_2203.jpg,Benign,non-cancer,D1-0761,train
cmmd,Preprocessed_Dataset/cmmd/cmmd_2204.jpg,Benign,non-cancer,D1-0762,train
cmmd,Preprocessed_Dataset/cmmd/cmmd_2205.jpg,Benign,non-cancer,D1-0763,train
cmmd,Preprocessed_Dataset/cmmd/cmmd_2206.jpg,Benign,non-cancer,D1-0764,train
cmmd,Preprocessed_Dataset/cmmd/cmmd_2207.jpg,Benign,non-cancer,D1-0765,train
cmmd,Preprocessed_Dataset/cmmd/cmmd_2208.jpg,Benign,non-cancer,D1-0766,train
cmmd,Preprocessed_Dataset/cmmd/cmmd_2209.jpg,Benign,non-cancer,D1-0767,train
cmmd,Preprocessed_Dataset/cmmd/cmmd_2210.jpg,Benign,non-cancer,D1-0768,train
cmmd,Preprocessed_Dataset/cmmd/cmmd_2211.jpg,Benign,non-cancer,D1-0769,train
cmmd,Preprocessed_Dataset/cmmd/cmmd_2212.jpg,Benign,non-cancer,D1-0770,test
cmmd,Preprocessed_Dataset/cmmd/cmmd_2213.jpg,Benign,non-cancer,D1-0771,test
cmmd,Preprocessed_Dataset/cmmd/cmmd_2214.jpg,Benign,non-cancer,D1-0772,test
cmmd,Preprocessed_Dataset/cmmd/cmmd_2215.jpg,Benign,non-cancer,D1-0773,test
cmmd,Preprocessed_Dataset/cmmd/cmmd_2216.jpg,Benign,non-cancer,D1-0774,train
cmmd,Preprocessed_Dataset/cmmd/cmmd_2217.jpg,Benign,non-cancer,D1-0775,train
cmmd,Preprocessed_Dataset/cmmd/cmmd_2218.jpg,Benign,non-cancer,D1-0776,train
cmmd,Preprocessed_Dataset/cmmd/cmmd_2219.jpg,Benign,non-cancer,D1-0777,train
cmmd,Preprocessed_Dataset/cmmd/cmmd_2220.jpg,Benign,non-cancer,D1-0778,train
cmmd,Preprocessed_Dataset/cmmd/cmmd_2221.jpg,Benign,non-cancer,D1-0779,train
cmmd,Preprocessed_Dataset/cmmd/cmmd_2222.jpg,Benign,non-cancer,D1-0780,train
cmmd,Preprocessed_Dataset/cmmd/cmmd_2223.jpg,Benign,non-cancer,D1-0781,train
cmmd,Preprocessed_Dataset/cmmd/cmmd_2224.jpg,Benign,non-cancer,D1-0782,val
cmmd,Preprocessed_Dataset/cmmd/cmmd_2225.jpg,Benign,non-cancer,D1-0783,train
cmmd,Preprocessed_Dataset/cmmd/cmmd_2226.jpg,Benign,non-cancer,D1-0784,train
cmmd,Preprocessed_Dataset/cmmd/cmmd_2227.jpg,Benign,non-cancer,D1-0785,train
cmmd,Preprocessed_Dataset/cmmd/cmmd_2228.jpg,Benign,non-cancer,D1-0786,train
cmmd,Preprocessed_Dataset/cmmd/cmmd_2229.jpg,Benign,non-cancer,D1-0787,val
cmmd,Preprocessed_Dataset/cmmd/cmmd_2230.jpg,Benign,non-cancer,D1-0788,test
cmmd,Preprocessed_Dataset/cmmd/cmmd_2231.jpg,Benign,non-cancer,D1-0789,test
cmmd,Preprocessed_Dataset/cmmd/cmmd_2232.jpg,Benign,non-cancer,D1-0790,train
cmmd,Preprocessed_Dataset/cmmd/cmmd_2233.jpg,Benign,non-cancer,D1-0791,train
cmmd,Preprocessed_Dataset/cmmd/cmmd_2234.jpg,Benign,non-cancer,D1-0792,train
cmmd,Preprocessed_Dataset/cmmd/cmmd_2235.jpg,Benign,non-cancer,D1-0793,train
cmmd,Preprocessed_Dataset/cmmd/cmmd_2236.jpg,Benign,non-cancer,D1-0794,train
cmmd,Preprocessed_Dataset/cmmd/cmmd_2237.jpg,Benign,non-cancer,D1-0795,val
cmmd,Preprocessed_Dataset/cmmd/cmmd_2238.jpg,Benign,non-cancer,D1-0796,train
cmmd,Preprocessed_Dataset/cmmd/cmmd_2239.jpg,Benign,non-cancer,D1-0797,train
cmmd,Preprocessed_Dataset/cmmd/cmmd_2240.jpg,Benign,non-cancer,D1-0798,train
cmmd,Preprocessed_Dataset/cmmd/cmmd_2241.jpg,Benign,non-cancer,D1-0799,val
cmmd,Preprocessed_Dataset/cmmd/cmmd_2242.jpg,Benign,non-cancer,D1-0800,train
cmmd,Preprocessed_Dataset/cmmd/cmmd_2243.jpg,Benign,non-cancer,D1-0801,test
cmmd,Preprocessed_Dataset/cmmd/cmmd_2244.jpg,Benign,non-cancer,D1-0802,train
cmmd,Preprocessed_Dataset/cmmd/cmmd_2245.jpg,Benign,non-cancer,D1-0803,train
cmmd,Preprocessed_Dataset/cmmd/cmmd_2246.jpg,Benign,non-cancer,D1-0804,train
cmmd,Preprocessed_Dataset/cmmd/cmmd_2247.jpg,Benign,non-cancer,D1-0805,train
cmmd,Preprocessed_Dataset/cmmd/cmmd_2248.jpg,Benign,non-cancer,D1-0806,train
cmmd,Preprocessed_Dataset/cmmd/cmmd_2249.jpg,Benign,non-cancer,D1-0807,train
cmmd,Preprocessed_Dataset/cmmd/cmmd_2250.jpg,Benign,non-cancer,D1-0808,val
cmmd,Preprocessed_Dataset/cmmd/cmmd_2251.jpg,Benign,non-cancer,D1-0809,train
cmmd,Preprocessed_Dataset/cmmd/cmmd_2252.jpg,Benign,non-cancer,D1-0810,train
cmmd,Preprocessed_Dataset/cmmd/cmmd_2253.jpg,Benign,non-cancer,D1-0811,val
cmmd,Preprocessed_Dataset/cmmd/cmmd_2254.jpg,Benign,non-cancer,D1-0812,train
cmmd,Preprocessed_Dataset/cmmd/cmmd_2255.jpg,Benign,non-cancer,D1-0813,train
cmmd,Preprocessed_Dataset/cmmd/cmmd_2256.jpg,Benign,non-cancer,D1-0814,train
cmmd,Preprocessed_Dataset/cmmd/cmmd_2257.jpg,Benign,non-cancer,D1-0815,train
cmmd,Preprocessed_Dataset/cmmd/cmmd_2258.jpg,Benign,non-cancer,D1-0816,test
cmmd,Preprocessed_Dataset/cmmd/cmmd_2259.jpg,Benign,non-cancer,D1-0817,val
cmmd,Preprocessed_Dataset/cmmd/cmmd_2260.jpg,Benign,non-cancer,D1-0818,train
cmmd,Preprocessed_Dataset/cmmd/cmmd_2261.jpg,Benign,non-cancer,D1-0819,test
cmmd,Preprocessed_Dataset/cmmd/cmmd_2262.jpg,Benign,non-cancer,D1-0820,train
cmmd,Preprocessed_Dataset/cmmd/cmmd_2263.jpg,Benign,non-cancer,D1-0821,train
cmmd,Preprocessed_Dataset/cmmd/cmmd_2264.jpg,Benign,non-cancer,D1-0822,val
cmmd,Preprocessed_Dataset/cmmd/cmmd_2265.jpg,Benign,non-cancer,D1-0823,val
cmmd,Preprocessed_Dataset/cmmd/cmmd_2266.jpg,Benign,non-cancer,D1-0824,train
cmmd,Preprocessed_Dataset/cmmd/cmmd_2267.jpg,Benign,non-cancer,D1-0825,train
cmmd,Preprocessed_Dataset/cmmd/cmmd_2268.jpg,Benign,non-cancer,D1-0826,train
cmmd,Preprocessed_Dataset/cmmd/cmmd_2269.jpg,Benign,non-cancer,D1-0827,train
cmmd,Preprocessed_Dataset/cmmd/cmmd_2270.jpg,Benign,non-cancer,D1-0828,train
cmmd,Preprocessed_Dataset/cmmd/cmmd_2271.jpg,Benign,non-cancer,D1-0829,train
cmmd,Preprocessed_Dataset/cmmd/cmmd_2272.jpg,Benign,non-cancer,D1-0830,train
cmmd,Preprocessed_Dataset/cmmd/cmmd_2273.jpg,Benign,non-cancer,D1-0831,train
cmmd,Preprocessed_Dataset/cmmd/cmmd_2274.jpg,Benign,non-cancer,D1-0832,train
cmmd,Preprocessed_Dataset/cmmd/cmmd_2275.jpg,Benign,non-cancer,D1-0833,train
cmmd,Preprocessed_Dataset/cmmd/cmmd_2276.jpg,Benign,non-cancer,D1-0834,train
cmmd,Preprocessed_Dataset/cmmd/cmmd_2277.jpg,Benign,non-cancer,D1-0835,train
cmmd,Preprocessed_Dataset/cmmd/cmmd_2278.jpg,Benign,non-cancer,D1-0836,val
cmmd,Preprocessed_Dataset/cmmd/cmmd_2279.jpg,Benign,non-cancer,D1-0837,train
cmmd,Preprocessed_Dataset/cmmd/cmmd_2280.jpg,Benign,non-cancer,D1-0838,val
cmmd,Preprocessed_Dataset/cmmd/cmmd_2281.jpg,Benign,non-cancer,D1-0839,train
cmmd,Preprocessed_Dataset/cmmd/cmmd_2282.jpg,Benign,non-cancer,D1-0840,test
cmmd,Preprocessed_Dataset/cmmd/cmmd_2283.jpg,Benign,non-cancer,D1-0841,test
cmmd,Preprocessed_Dataset/cmmd/cmmd_2284.jpg,Benign,non-cancer,D1-0842,val
cmmd,Preprocessed_Dataset/cmmd/cmmd_2285.jpg,Benign,non-cancer,D1-0843,train
cmmd,Preprocessed_Dataset/cmmd/cmmd_2286.jpg,Benign,non-cancer,D1-0844,val
cmmd,Preprocessed_Dataset/cmmd/cmmd_2287.jpg,Benign,non-cancer,D1-0845,test
cmmd,Preprocessed_Dataset/cmmd/cmmd_2288.jpg,Benign,non-cancer,D1-0846,val
cmmd,Preprocessed_Dataset/cmmd/cmmd_2289.jpg,Benign,non-cancer,D1-0847,val
cmmd,Preprocessed_Dataset/cmmd/cmmd_2290.jpg,Benign,non-cancer,D1-0848,train
cmmd,Preprocessed_Dataset/cmmd/cmmd_2291.jpg,Benign,non-cancer,D1-0849,train
cmmd,Preprocessed_Dataset/cmmd/cmmd_2292.jpg,Benign,non-cancer,D1-0850,train
cmmd,Preprocessed_Dataset/cmmd/cmmd_2293.jpg,Benign,non-cancer,D1-0851,train
cmmd,Preprocessed_Dataset/cmmd/cmmd_2294.jpg,Benign,non-cancer,D1-0852,train
cmmd,Preprocessed_Dataset/cmmd/cmmd_2295.jpg,Benign,non-cancer,D1-0853,train
cmmd,Preprocessed_Dataset/cmmd/cmmd_2296.jpg,Benign,non-cancer,D1-0854,test
cmmd,Preprocessed_Dataset/cmmd/cmmd_2297.jpg,Benign,non-cancer,D1-0855,train
cmmd,Preprocessed_Dataset/cmmd/cmmd_2298.jpg,Benign,non-cancer,D1-0856,train
cmmd,Preprocessed_Dataset/cmmd/cmmd_2299.jpg,Benign,non-cancer,D1-0857,train
cmmd,Preprocessed_Dataset/cmmd/cmmd_2300.jpg,Benign,non-cancer,D1-0858,train
cmmd,Preprocessed_Dataset/cmmd/cmmd_2301.jpg,Benign,non-cancer,D1-0859,train
cmmd,Preprocessed_Dataset/cmmd/cmmd_2302.jpg,Benign,non-cancer,D1-0860,test
cmmd,Preprocessed_Dataset/cmmd/cmmd_2303.jpg,Benign,non-cancer,D1-0861,test
cmmd,Preprocessed_Dataset/cmmd/cmmd_2304.jpg,Benign,non-cancer,D1-0862,train
cmmd,Preprocessed_Dataset/cmmd/cmmd_2305.jpg,Benign,non-cancer,D1-0863,train
cmmd,Preprocessed_Dataset/cmmd/cmmd_2306.jpg,Benign,non-cancer,D1-0864,train
cmmd,Preprocessed_Dataset/cmmd/cmmd_2307.jpg,Benign,non-cancer,D1-0865,test
cmmd,Preprocessed_Dataset/cmmd/cmmd_2308.jpg,Benign,non-cancer,D1-0866,train
cmmd,Preprocessed_Dataset/cmmd/cmmd_2309.jpg,Benign,non-cancer,D1-0867,train
cmmd,Preprocessed_Dataset/cmmd/cmmd_2310.jpg,Benign,non-cancer,D1-0868,test
cmmd,Preprocessed_Dataset/cmmd/cmmd_2311.jpg,Benign,non-cancer,D1-0869,train
cmmd,Preprocessed_Dataset/cmmd/cmmd_2312.jpg,Benign,non-cancer,D1-0870,train
cmmd,Preprocessed_Dataset/cmmd/cmmd_2313.jpg,Benign,non-cancer,D1-0871,train
cmmd,Preprocessed_Dataset/cmmd/cmmd_2314.jpg,Benign,non-cancer,D1-0872,train
cmmd,Preprocessed_Dataset/cmmd/cmmd_2315.jpg,Benign,non-cancer,D1-0873,test
cmmd,Preprocessed_Dataset/cmmd/cmmd_2316.jpg,Benign,non-cancer,D1-0874,val
cmmd,Preprocessed_Dataset/cmmd/cmmd_2317.jpg,Benign,non-cancer,D1-0875,test
cmmd,Preprocessed_Dataset/cmmd/cmmd_2318.jpg,Benign,non-cancer,D1-0876,train
cmmd,Preprocessed_Dataset/cmmd/cmmd_2319.jpg,Benign,non-cancer,D1-0877,test
cmmd,Preprocessed_Dataset/cmmd/cmmd_2320.jpg,Benign,non-cancer,D1-0878,train
cmmd,Preprocessed_Dataset/cmmd/cmmd_2321.jpg,Benign,non-cancer,D1-0879,train
cmmd,Preprocessed_Dataset/cmmd/cmmd_2322.jpg,Benign,non-cancer,D1-0880,train
cmmd,Preprocessed_Dataset/cmmd/cmmd_2323.jpg,Benign,non-cancer,D1-0881,train
cmmd,Preprocessed_Dataset/cmmd/cmmd_2324.jpg,Benign,non-cancer,D1-0882,test
cmmd,Preprocessed_Dataset/cmmd/cmmd_2325.jpg,Benign,non-cancer,D1-0883,val
cmmd,Preprocessed_Dataset/cmmd/cmmd_2326.jpg,Benign,non-cancer,D1-0884,test
cmmd,Preprocessed_Dataset/cmmd/cmmd_2327.jpg,Benign,non-cancer,D1-0885,train
cmmd,Preprocessed_Dataset/cmmd/cmmd_2328.jpg,Benign,non-cancer,D1-0886,train
cmmd,Preprocessed_Dataset/cmmd/cmmd_2329.jpg,Benign,non-cancer,D1-0887,val
cmmd,Preprocessed_Dataset/cmmd/cmmd_2330.jpg,Benign,non-cancer,D1-0888,train
cmmd,Preprocessed_Dataset/cmmd/cmmd_2331.jpg,Benign,non-cancer,D1-0889,train
cmmd,Preprocessed_Dataset/cmmd/cmmd_2332.jpg,Benign,non-cancer,D1-0890,val
cmmd,Preprocessed_Dataset/cmmd/cmmd_2333.jpg,Benign,non-cancer,D1-0891,train
cmmd,Preprocessed_Dataset/cmmd/cmmd_2334.jpg,Benign,non-cancer,D1-0892,train
cmmd,Preprocessed_Dataset/cmmd/cmmd_2335.jpg,Benign,non-cancer,D1-0893,train
cmmd,Preprocessed_Dataset/cmmd/cmmd_2336.jpg,Benign,non-cancer,D1-0894,train
cmmd,Preprocessed_Dataset/cmmd/cmmd_2337.jpg,Benign,non-cancer,D1-0895,train
cmmd,Preprocessed_Dataset/cmmd/cmmd_2338.jpg,Benign,non-cancer,D1-0896,train
cmmd,Preprocessed_Dataset/cmmd/cmmd_2339.jpg,Benign,non-cancer,D1-0897,train
cmmd,Preprocessed_Dataset/cmmd/cmmd_2340.jpg,Benign,non-cancer,D1-0898,train
cmmd,Preprocessed_Dataset/cmmd/cmmd_2341.jpg,Benign,non-cancer,D1-0899,train
cmmd,Preprocessed_Dataset/cmmd/cmmd_2342.jpg,Benign,non-cancer,D1-0900,test
cmmd,Preprocessed_Dataset/cmmd/cmmd_2343.jpg,Benign,non-cancer,D1-0901,train
cmmd,Preprocessed_Dataset/cmmd/cmmd_2344.jpg,Benign,non-cancer,D1-0902,val
cmmd,Preprocessed_Dataset/cmmd/cmmd_2345.jpg,Benign,non-cancer,D1-0903,train
cmmd,Preprocessed_Dataset/cmmd/cmmd_2346.jpg,Benign,non-cancer,D1-0904,train
cmmd,Preprocessed_Dataset/cmmd/cmmd_2347.jpg,Benign,non-cancer,D1-0905,train
cmmd,Preprocessed_Dataset/cmmd/cmmd_2348.jpg,Benign,non-cancer,D1-0906,train
cmmd,Preprocessed_Dataset/cmmd/cmmd_2349.jpg,Benign,non-cancer,D1-0907,test
cmmd,Preprocessed_Dataset/cmmd/cmmd_2350.jpg,Benign,non-cancer,D1-0908,train
cmmd,Preprocessed_Dataset/cmmd/cmmd_2351.jpg,Benign,non-cancer,D1-0909,train
cmmd,Preprocessed_Dataset/cmmd/cmmd_2352.jpg,Benign,non-cancer,D1-0910,train
cmmd,Preprocessed_Dataset/cmmd/cmmd_2353.jpg,Benign,non-cancer,D1-0911,test
cmmd,Preprocessed_Dataset/cmmd/cmmd_2354.jpg,Benign,non-cancer,D1-0912,test
cmmd,Preprocessed_Dataset/cmmd/cmmd_2355.jpg,Benign,non-cancer,D1-0913,train
cmmd,Preprocessed_Dataset/cmmd/cmmd_2356.jpg,Benign,non-cancer,D1-0914,train
cmmd,Preprocessed_Dataset/cmmd/cmmd_2357.jpg,Benign,non-cancer,D1-0915,train
cmmd,Preprocessed_Dataset/cmmd/cmmd_2358.jpg,Benign,non-cancer,D1-0916,train
cmmd,Preprocessed_Dataset/cmmd/cmmd_2359.jpg,Benign,non-cancer,D1-0917,train
cmmd,Preprocessed_Dataset/cmmd/cmmd_2360.jpg,Benign,non-cancer,D1-0918,train
cmmd,Preprocessed_Dataset/cmmd/cmmd_2361.jpg,Benign,non-cancer,D1-0919,train
cmmd,Preprocessed_Dataset/cmmd/cmmd_2362.jpg,Benign,non-cancer,D1-0920,train
cmmd,Preprocessed_Dataset/cmmd/cmmd_2363.jpg,Benign,non-cancer,D1-0921,test
cmmd,Preprocessed_Dataset/cmmd/cmmd_2364.jpg,Benign,non-cancer,D1-0922,train
cmmd,Preprocessed_Dataset/cmmd/cmmd_2365.jpg,Benign,non-cancer,D1-0923,train
cmmd,Preprocessed_Dataset/cmmd/cmmd_2366.jpg,Benign,non-cancer,D1-0924,train
cmmd,Preprocessed_Dataset/cmmd/cmmd_2367.jpg,Benign,non-cancer,D1-0925,train
cmmd,Preprocessed_Dataset/cmmd/cmmd_2368.jpg,Benign,non-cancer,D1-0926,test
cmmd,Preprocessed_Dataset/cmmd/cmmd_2369.jpg,Benign,non-cancer,D1-0927,train
cmmd,Preprocessed_Dataset/cmmd/cmmd_2370.jpg,Benign,non-cancer,D1-0928,train
cmmd,Preprocessed_Dataset/cmmd/cmmd_2371.jpg,Benign,non-cancer,D1-0929,train
cmmd,Preprocessed_Dataset/cmmd/cmmd_2372.jpg,Benign,non-cancer,D1-0930,train
cmmd,Preprocessed_Dataset/cmmd/cmmd_2373.jpg,Benign,non-cancer,D1-0931,test
cmmd,Preprocessed_Dataset/cmmd/cmmd_2374.jpg,Benign,non-cancer,D1-0932,train
cmmd,Preprocessed_Dataset/cmmd/cmmd_2375.jpg,Benign,non-cancer,D1-0933,train
cmmd,Preprocessed_Dataset/cmmd/cmmd_2376.jpg,Benign,non-cancer,D1-0934,train
cmmd,Preprocessed_Dataset/cmmd/cmmd_2377.jpg,Benign,non-cancer,D1-0935,train
cmmd,Preprocessed_Dataset/cmmd/cmmd_2378.jpg,Benign,non-cancer,D1-0936,test
cmmd,Preprocessed_Dataset/cmmd/cmmd_2379.jpg,Benign,non-cancer,D1-0937,val
cmmd,Preprocessed_Dataset/cmmd/cmmd_2380.jpg,Benign,non-cancer,D1-0938,train
cmmd,Preprocessed_Dataset/cmmd/cmmd_2381.jpg,Benign,non-cancer,D1-0939,train
cmmd,Preprocessed_Dataset/cmmd/cmmd_2382.jpg,Benign,non-cancer,D1-0940,train
cmmd,Preprocessed_Dataset/cmmd/cmmd_2383.jpg,Benign,non-cancer,D1-0941,train
cmmd,Preprocessed_Dataset/cmmd/cmmd_2384.jpg,Benign,non-cancer,D1-0942,train
cmmd,Preprocessed_Dataset/cmmd/cmmd_2385.jpg,Benign,non-cancer,D1-0943,val
cmmd,Preprocessed_Dataset/cmmd/cmmd_2386.jpg,Benign,non-cancer,D1-0944,test
cmmd,Preprocessed_Dataset/cmmd/cmmd_2387.jpg,Benign,non-cancer,D1-0945,train
cmmd,Preprocessed_Dataset/cmmd/cmmd_2388.jpg,Benign,non-cancer,D1-0946,val
cmmd,Preprocessed_Dataset/cmmd/cmmd_2389.jpg,Benign,non-cancer,D1-0947,train
cmmd,Preprocessed_Dataset/cmmd/cmmd_2390.jpg,Benign,non-cancer,D1-0948,test
cmmd,Preprocessed_Dataset/cmmd/cmmd_2391.jpg,Benign,non-cancer,D1-0949,test
cmmd,Preprocessed_Dataset/cmmd/cmmd_2392.jpg,Benign,non-cancer,D1-0950,train
cmmd,Preprocessed_Dataset/cmmd/cmmd_2393.jpg,Benign,non-cancer,D1-0951,val
cmmd,Preprocessed_Dataset/cmmd/cmmd_2394.jpg,Benign,non-cancer,D1-0952,train
cmmd,Preprocessed_Dataset/cmmd/cmmd_2395.jpg,Benign,non-cancer,D1-0953,train
cmmd,Preprocessed_Dataset/cmmd/cmmd_2396.jpg,Benign,non-cancer,D1-0954,test
cmmd,Preprocessed_Dataset/cmmd/cmmd_2397.jpg,Benign,non-cancer,D1-0955,train
cmmd,Preprocessed_Dataset/cmmd/cmmd_2398.jpg,Benign,non-cancer,D1-0956,train
cmmd,Preprocessed_Dataset/cmmd/cmmd_2399.jpg,Benign,non-cancer,D1-0957,train
cmmd,Preprocessed_Dataset/cmmd/cmmd_2400.jpg,Benign,non-cancer,D1-0958,train
cmmd,Preprocessed_Dataset/cmmd/cmmd_2401.jpg,Benign,non-cancer,D1-0959,train
cmmd,Preprocessed_Dataset/cmmd/cmmd_2402.jpg,Benign,non-cancer,D1-0960,train
cmmd,Preprocessed_Dataset/cmmd/cmmd_2403.jpg,Benign,non-cancer,D1-0961,val
cmmd,Preprocessed_Dataset/cmmd/cmmd_2404.jpg,Benign,non-cancer,D1-0962,train
cmmd,Preprocessed_Dataset/cmmd/cmmd_2405.jpg,Benign,non-cancer,D1-0963,test
cmmd,Preprocessed_Dataset/cmmd/cmmd_2406.jpg,Benign,non-cancer,D1-0964,train
cmmd,Preprocessed_Dataset/cmmd/cmmd_2407.jpg,Benign,non-cancer,D1-0965,train
cmmd,Preprocessed_Dataset/cmmd/cmmd_2408.jpg,Benign,non-cancer,D1-0966,train
cmmd,Preprocessed_Dataset/cmmd/cmmd_2409.jpg,Benign,non-cancer,D1-0967,train
cmmd,Preprocessed_Dataset/cmmd/cmmd_2410.jpg,Benign,non-cancer,D1-0968,train
cmmd,Preprocessed_Dataset/cmmd/cmmd_2411.jpg,Benign,non-cancer,D1-0969,val
cmmd,Preprocessed_Dataset/cmmd/cmmd_2412.jpg,Benign,non-cancer,D1-0970,train
cmmd,Preprocessed_Dataset/cmmd/cmmd_2413.jpg,Benign,non-cancer,D1-0971,train
cmmd,Preprocessed_Dataset/cmmd/cmmd_2414.jpg,Benign,non-cancer,D1-0972,val
cmmd,Preprocessed_Dataset/cmmd/cmmd_2415.jpg,Benign,non-cancer,D1-0973,val
cmmd,Preprocessed_Dataset/cmmd/cmmd_2416.jpg,Benign,non-cancer,D1-0974,val
cmmd,Preprocessed_Dataset/cmmd/cmmd_2417.jpg,Benign,non-cancer,D1-0975,train
cmmd,Preprocessed_Dataset/cmmd/cmmd_2418.jpg,Benign,non-cancer,D1-0976,train
cmmd,Preprocessed_Dataset/cmmd/cmmd_2419.jpg,Benign,non-cancer,D1-0977,train
cmmd,Preprocessed_Dataset/cmmd/cmmd_2420.jpg,Benign,non-cancer,D1-0978,val
cmmd,Preprocessed_Dataset/cmmd/cmmd_2421.jpg,Benign,non-cancer,D1-0979,test
cmmd,Preprocessed_Dataset/cmmd/cmmd_2422.jpg,Benign,non-cancer,D1-0980,train
cmmd,Preprocessed_Dataset/cmmd/cmmd_2423.jpg,Benign,non-cancer,D1-0981,val
cmmd,Preprocessed_Dataset/cmmd/cmmd_2424.jpg,Benign,non-cancer,D1-0982,test
cmmd,Preprocessed_Dataset/cmmd/cmmd_2425.jpg,Benign,non-cancer,D1-0983,train
cmmd,Preprocessed_Dataset/cmmd/cmmd_2426.jpg,Benign,non-cancer,D1-0984,train
cmmd,Preprocessed_Dataset/cmmd/cmmd_2427.jpg,Benign,non-cancer,D1-0985,train
cmmd,Preprocessed_Dataset/cmmd/cmmd_2428.jpg,Benign,non-cancer,D1-0986,train
cmmd,Preprocessed_Dataset/cmmd/cmmd_2429.jpg,Benign,non-cancer,D1-0987,train
cmmd,Preprocessed_Dataset/cmmd/cmmd_2430.jpg,Benign,non-cancer,D1-0988,val
cmmd,Preprocessed_Dataset/cmmd/cmmd_2431.jpg,Benign,non-cancer,D1-0989,train
cmmd,Preprocessed_Dataset/cmmd/cmmd_2432.jpg,Benign,non-cancer,D1-0990,train
cmmd,Preprocessed_Dataset/cmmd/cmmd_2433.jpg,Benign,non-cancer,D1-0991,train
cmmd,Preprocessed_Dataset/cmmd/cmmd_2434.jpg,Benign,non-cancer,D1-0992,train
cmmd,Preprocessed_Dataset/cmmd/cmmd_2435.jpg,Benign,non-cancer,D1-0993,train
cmmd,Preprocessed_Dataset/cmmd/cmmd_2436.jpg,Benign,non-cancer,D1-0994,train
cmmd,Preprocessed_Dataset/cmmd/cmmd_2437.jpg,Benign,non-cancer,D1-0995,val
cmmd,Preprocessed_Dataset/cmmd/cmmd_2438.jpg,Benign,non-cancer,D1-0996,test
cmmd,Preprocessed_Dataset/cmmd/cmmd_2439.jpg,Benign,non-cancer,D1-0997,train
cmmd,Preprocessed_Dataset/cmmd/cmmd_2440.jpg,Benign,non-cancer,D1-0998,train
cmmd,Preprocessed_Dataset/cmmd/cmmd_2441.jpg,Benign,non-cancer,D1-0999,test
cmmd,Preprocessed_Dataset/cmmd/cmmd_2442.jpg,Benign,non-cancer,D1-1000,train
cmmd,Preprocessed_Dataset/cmmd/cmmd_2443.jpg,Benign,non-cancer,D1-1001,test
cmmd,Preprocessed_Dataset/cmmd/cmmd_2444.jpg,Benign,non-cancer,D1-1002,train
cmmd,Preprocessed_Dataset/cmmd/cmmd_2445.jpg,Benign,non-cancer,D1-1003,train
cmmd,Preprocessed_Dataset/cmmd/cmmd_2446.jpg,Benign,non-cancer,D1-1004,train
cmmd,Preprocessed_Dataset/cmmd/cmmd_2447.jpg,Benign,non-cancer,D1-1005,train
cmmd,Preprocessed_Dataset/cmmd/cmmd_2448.jpg,Benign,non-cancer,D1-1006,train
cmmd,Preprocessed_Dataset/cmmd/cmmd_2449.jpg,Benign,non-cancer,D1-1007,val
cmmd,Preprocessed_Dataset/cmmd/cmmd_2450.jpg,Benign,non-cancer,D1-1008,train
cmmd,Preprocessed_Dataset/cmmd/cmmd_2451.jpg,Benign,non-cancer,D1-1009,train
cmmd,Preprocessed_Dataset/cmmd/cmmd_2452.jpg,Benign,non-cancer,D1-1010,train
cmmd,Preprocessed_Dataset/cmmd/cmmd_2453.jpg,Benign,non-cancer,D1-1011,test
cmmd,Preprocessed_Dataset/cmmd/cmmd_2454.jpg,Benign,non-cancer,D1-1012,train
cmmd,Preprocessed_Dataset/cmmd/cmmd_2455.jpg,Benign,non-cancer,D1-1013,train
cmmd,Preprocessed_Dataset/cmmd/cmmd_2456.jpg,Benign,non-cancer,D1-1014,train
cmmd,Preprocessed_Dataset/cmmd/cmmd_2457.jpg,Benign,non-cancer,D1-1015,val
cmmd,Preprocessed_Dataset/cmmd/cmmd_2458.jpg,Benign,non-cancer,D1-1016,train
cmmd,Preprocessed_Dataset/cmmd/cmmd_2459.jpg,Benign,non-cancer,D1-1017,val
cmmd,Preprocessed_Dataset/cmmd/cmmd_2460.jpg,Benign,non-cancer,D1-1018,train
cmmd,Preprocessed_Dataset/cmmd/cmmd_2461.jpg,Benign,non-cancer,D1-1019,train
cmmd,Preprocessed_Dataset/cmmd/cmmd_2462.jpg,Benign,non-cancer,D1-1020,train
cmmd,Preprocessed_Dataset/cmmd/cmmd_2463.jpg,Benign,non-cancer,D1-1021,train
cmmd,Preprocessed_Dataset/cmmd/cmmd_2464.jpg,Benign,non-cancer,D1-1022,val
cmmd,Preprocessed_Dataset/cmmd/cmmd_2465.jpg,Benign,non-cancer,D1-1023,train
cmmd,Preprocessed_Dataset/cmmd/cmmd_2466.jpg,Benign,non-cancer,D1-1024,train
cmmd,Preprocessed_Dataset/cmmd/cmmd_2467.jpg,Benign,non-cancer,D1-1025,train
cmmd,Preprocessed_Dataset/cmmd/cmmd_2468.jpg,Benign,non-cancer,D1-1026,train
cmmd,Preprocessed_Dataset/cmmd/cmmd_2469.jpg,Benign,non-cancer,D1-1027,train
cmmd,Preprocessed_Dataset/cmmd/cmmd_2470.jpg,Benign,non-cancer,D1-1028,train
cmmd,Preprocessed_Dataset/cmmd/cmmd_2471.jpg,Benign,non-cancer,D1-1029,train
cmmd,Preprocessed_Dataset/cmmd/cmmd_2472.jpg,Benign,non-cancer,D1-1030,train
cmmd,Preprocessed_Dataset/cmmd/cmmd_2473.jpg,Benign,non-cancer,D1-1031,train
cmmd,Preprocessed_Dataset/cmmd/cmmd_2474.jpg,Benign,non-cancer,D1-1032,train
cmmd,Preprocessed_Dataset/cmmd/cmmd_2475.jpg,Benign,non-cancer,D1-1033,train
cmmd,Preprocessed_Dataset/cmmd/cmmd_2476.jpg,Benign,non-cancer,D1-1034,train
cmmd,Preprocessed_Dataset/cmmd/cmmd_2477.jpg,Benign,non-cancer,D1-1035,train
cmmd,Preprocessed_Dataset/cmmd/cmmd_2478.jpg,Benign,non-cancer,D1-1036,test
cmmd,Preprocessed_Dataset/cmmd/cmmd_2479.jpg,Benign,non-cancer,D1-1037,train
cmmd,Preprocessed_Dataset/cmmd/cmmd_2480.jpg,Benign,non-cancer,D1-1038,test
cmmd,Preprocessed_Dataset/cmmd/cmmd_2481.jpg,Benign,non-cancer,D1-1039,val
cmmd,Preprocessed_Dataset/cmmd/cmmd_2482.jpg,Benign,non-cancer,D1-1040,test
cmmd,Preprocessed_Dataset/cmmd/cmmd_2483.jpg,Benign,non-cancer,D1-1041,test
cmmd,Preprocessed_Dataset/cmmd/cmmd_2484.jpg,Malignant,cancer,D1-1042,train
cmmd,Preprocessed_Dataset/cmmd/cmmd_2485.jpg,Malignant,cancer,D1-1045,test
cmmd,Preprocessed_Dataset/cmmd/cmmd_2486.jpg,Malignant,cancer,D1-1047,train
cmmd,Preprocessed_Dataset/cmmd/cmmd_2487.jpg,Benign,non-cancer,D1-1048,train
cmmd,Preprocessed_Dataset/cmmd/cmmd_2488.jpg,Malignant,cancer,D1-1050,train
cmmd,Preprocessed_Dataset/cmmd/cmmd_2489.jpg,Malignant,cancer,D1-1053,train
cmmd,Preprocessed_Dataset/cmmd/cmmd_2490.jpg,Malignant,cancer,D1-1054,val
cmmd,Preprocessed_Dataset/cmmd/cmmd_2491.jpg,Malignant,cancer,D1-1055,val
cmmd,Preprocessed_Dataset/cmmd/cmmd_2492.jpg,Malignant,cancer,D1-1056,train
cmmd,Preprocessed_Dataset/cmmd/cmmd_2493.jpg,Malignant,cancer,D1-1057,train
cmmd,Preprocessed_Dataset/cmmd/cmmd_2494.jpg,Benign,non-cancer,D1-1059,train
cmmd,Preprocessed_Dataset/cmmd/cmmd_2495.jpg,Malignant,cancer,D1-1061,train
cmmd,Preprocessed_Dataset/cmmd/cmmd_2496.jpg,Malignant,cancer,D1-1066,train
cmmd,Preprocessed_Dataset/cmmd/cmmd_2497.jpg,Malignant,cancer,D1-1068,train
cmmd,Preprocessed_Dataset/cmmd/cmmd_2498.jpg,Malignant,cancer,D1-1069,test
cmmd,Preprocessed_Dataset/cmmd/cmmd_2499.jpg,Malignant,cancer,D1-1071,test
cmmd,Preprocessed_Dataset/cmmd/cmmd_2500.jpg,Malignant,cancer,D1-1074,train
cmmd,Preprocessed_Dataset/cmmd/cmmd_2501.jpg,Malignant,cancer,D1-1076,train
cmmd,Preprocessed_Dataset/cmmd/cmmd_2502.jpg,Malignant,cancer,D1-1077,train
cmmd,Preprocessed_Dataset/cmmd/cmmd_2503.jpg,Malignant,cancer,D1-1078,train
cmmd,Preprocessed_Dataset/cmmd/cmmd_2504.jpg,Malignant,cancer,D1-1079,train
cmmd,Preprocessed_Dataset/cmmd/cmmd_2505.jpg,Malignant,cancer,D1-1080,train
cmmd,Preprocessed_Dataset/cmmd/cmmd_2506.jpg,Malignant,cancer,D1-1081,train
cmmd,Preprocessed_Dataset/cmmd/cmmd_2507.jpg,Malignant,cancer,D1-1082,train
cmmd,Preprocessed_Dataset/cmmd/cmmd_2508.jpg,Malignant,cancer,D1-1087,test
cmmd,Preprocessed_Dataset/cmmd/cmmd_2509.jpg,Malignant,cancer,D1-1094,val
cmmd,Preprocessed_Dataset/cmmd/cmmd_2510.jpg,Malignant,cancer,D1-1095,train
cmmd,Preprocessed_Dataset/cmmd/cmmd_2511.jpg,Malignant,cancer,D1-1098,train
cmmd,Preprocessed_Dataset/cmmd/cmmd_2512.jpg,Malignant,cancer,D1-1100,train
cmmd,Preprocessed_Dataset/cmmd/cmmd_2513.jpg,Malignant,cancer,D1-1101,train
cmmd,Preprocessed_Dataset/cmmd/cmmd_2514.jpg,Malignant,cancer,D1-1106,test
cmmd,Preprocessed_Dataset/cmmd/cmmd_2515.jpg,Malignant,cancer,D1-1107,test
cmmd,Preprocessed_Dataset/cmmd/cmmd_2516.jpg,Malignant,cancer,D1-1111,train
cmmd,Preprocessed_Dataset/cmmd/cmmd_2517.jpg,Malignant,cancer,D1-1115,train
cmmd,Preprocessed_Dataset/cmmd/cmmd_2518.jpg,Malignant,cancer,D1-1118,train
cmmd,Preprocessed_Dataset/cmmd/cmmd_2519.jpg,Malignant,cancer,D1-1120,train
cmmd,Preprocessed_Dataset/cmmd/cmmd_2520.jpg,Malignant,cancer,D1-1124,train
cmmd,Preprocessed_Dataset/cmmd/cmmd_2521.jpg,Malignant,cancer,D1-1125,train
cmmd,Preprocessed_Dataset/cmmd/cmmd_2522.jpg,Malignant,cancer,D1-1126,test
cmmd,Preprocessed_Dataset/cmmd/cmmd_2523.jpg,Malignant,cancer,D1-1129,train
cmmd,Preprocessed_Dataset/cmmd/cmmd_2524.jpg,Malignant,cancer,D1-1133,train
cmmd,Preprocessed_Dataset/cmmd/cmmd_2525.jpg,Malignant,cancer,D1-1135,test
cmmd,Preprocessed_Dataset/cmmd/cmmd_2526.jpg,Malignant,cancer,D1-1138,train
cmmd,Preprocessed_Dataset/cmmd/cmmd_2527.jpg,Malignant,cancer,D1-1139,train
cmmd,Preprocessed_Dataset/cmmd/cmmd_2528.jpg,Malignant,cancer,D1-1140,train
cmmd,Preprocessed_Dataset/cmmd/cmmd_2529.jpg,Malignant,cancer,D1-1149,test
cmmd,Preprocessed_Dataset/cmmd/cmmd_2530.jpg,Malignant,cancer,D1-1150,train
cmmd,Preprocessed_Dataset/cmmd/cmmd_2531.jpg,Malignant,cancer,D1-1151,train
cmmd,Preprocessed_Dataset/cmmd/cmmd_2532.jpg,Malignant,cancer,D1-1154,train
cmmd,Preprocessed_Dataset/cmmd/cmmd_2533.jpg,Malignant,cancer,D1-1155,train
cmmd,Preprocessed_Dataset/cmmd/cmmd_2534.jpg,Malignant,cancer,D1-1156,val
cmmd,Preprocessed_Dataset/cmmd/cmmd_2535.jpg,Malignant,cancer,D1-1163,train
cmmd,Preprocessed_Dataset/cmmd/cmmd_2536.jpg,Malignant,cancer,D1-1166,train
cmmd,Preprocessed_Dataset/cmmd/cmmd_2537.jpg,Malignant,cancer,D1-1167,train
cmmd,Preprocessed_Dataset/cmmd/cmmd_2538.jpg,Malignant,cancer,D1-1168,train
cmmd,Preprocessed_Dataset/cmmd/cmmd_2539.jpg,Malignant,cancer,D1-1169,val
cmmd,Preprocessed_Dataset/cmmd/cmmd_2540.jpg,Malignant,cancer,D1-1170,train
cmmd,Preprocessed_Dataset/cmmd/cmmd_2541.jpg,Malignant,cancer,D1-1173,val
cmmd,Preprocessed_Dataset/cmmd/cmmd_2542.jpg,Malignant,cancer,D1-1174,train
cmmd,Preprocessed_Dataset/cmmd/cmmd_2543.jpg,Malignant,cancer,D1-1178,train
cmmd,Preprocessed_Dataset/cmmd/cmmd_2544.jpg,Malignant,cancer,D1-1180,train
cmmd,Preprocessed_Dataset/cmmd/cmmd_2545.jpg,Malignant,cancer,D1-1181,train
cmmd,Preprocessed_Dataset/cmmd/cmmd_2546.jpg,Malignant,cancer,D1-1183,train
cmmd,Preprocessed_Dataset/cmmd/cmmd_2547.jpg,Malignant,cancer,D1-1184,test
cmmd,Preprocessed_Dataset/cmmd/cmmd_2548.jpg,Malignant,cancer,D1-1185,train
cmmd,Preprocessed_Dataset/cmmd/cmmd_2549.jpg,Malignant,cancer,D1-1187,train
cmmd,Preprocessed_Dataset/cmmd/cmmd_2550.jpg,Malignant,cancer,D1-1189,test
cmmd,Preprocessed_Dataset/cmmd/cmmd_2551.jpg,Malignant,cancer,D1-1192,train
cmmd,Preprocessed_Dataset/cmmd/cmmd_2552.jpg,Malignant,cancer,D1-1193,train
cmmd,Preprocessed_Dataset/cmmd/cmmd_2553.jpg,Malignant,cancer,D1-1196,train
cmmd,Preprocessed_Dataset/cmmd/cmmd_2554.jpg,Malignant,cancer,D1-1197,train
cmmd,Preprocessed_Dataset/cmmd/cmmd_2555.jpg,Malignant,cancer,D1-1199,train
cmmd,Preprocessed_Dataset/cmmd/cmmd_2556.jpg,Malignant,cancer,D1-1200,train
cmmd,Preprocessed_Dataset/cmmd/cmmd_2557.jpg,Malignant,cancer,D1-1201,train
cmmd,Preprocessed_Dataset/cmmd/cmmd_2558.jpg,Malignant,cancer,D1-1203,train
cmmd,Preprocessed_Dataset/cmmd/cmmd_2559.jpg,Malignant,cancer,D1-1205,val
cmmd,Preprocessed_Dataset/cmmd/cmmd_2560.jpg,Malignant,cancer,D1-1206,train
cmmd,Preprocessed_Dataset/cmmd/cmmd_2561.jpg,Malignant,cancer,D1-1208,val
cmmd,Preprocessed_Dataset/cmmd/cmmd_2562.jpg,Malignant,cancer,D1-1211,train
cmmd,Preprocessed_Dataset/cmmd/cmmd_2563.jpg,Malignant,cancer,D1-1213,test
cmmd,Preprocessed_Dataset/cmmd/cmmd_2564.jpg,Malignant,cancer,D1-1218,train
cmmd,Preprocessed_Dataset/cmmd/cmmd_2565.jpg,Benign,non-cancer,D1-1220,train
cmmd,Preprocessed_Dataset/cmmd/cmmd_2566.jpg,Malignant,cancer,D1-1221,train
cmmd,Preprocessed_Dataset/cmmd/cmmd_2567.jpg,Malignant,cancer,D1-1225,test
cmmd,Preprocessed_Dataset/cmmd/cmmd_2568.jpg,Malignant,cancer,D1-1231,train
cmmd,Preprocessed_Dataset/cmmd/cmmd_2569.jpg,Malignant,cancer,D1-1233,train
cmmd,Preprocessed_Dataset/cmmd/cmmd_2570.jpg,Malignant,cancer,D1-1235,train
cmmd,Preprocessed_Dataset/cmmd/cmmd_2571.jpg,Malignant,cancer,D1-1239,train
cmmd,Preprocessed_Dataset/cmmd/cmmd_2572.jpg,Malignant,cancer,D1-1249,train
cmmd,Preprocessed_Dataset/cmmd/cmmd_2573.jpg,Malignant,cancer,D1-1251,train
cmmd,Preprocessed_Dataset/cmmd/cmmd_2574.jpg,Malignant,cancer,D1-1252,train
cmmd,Preprocessed_Dataset/cmmd/cmmd_2575.jpg,Malignant,cancer,D1-1254,train
cmmd,Preprocessed_Dataset/cmmd/cmmd_2576.jpg,Malignant,cancer,D1-1255,train
cmmd,Preprocessed_Dataset/cmmd/cmmd_2577.jpg,Malignant,cancer,D1-1257,val
cmmd,Preprocessed_Dataset/cmmd/cmmd_2578.jpg,Malignant,cancer,D1-1260,train
cmmd,Preprocessed_Dataset/cmmd/cmmd_2579.jpg,Malignant,cancer,D1-1263,train
cmmd,Preprocessed_Dataset/cmmd/cmmd_2580.jpg,Malignant,cancer,D1-1264,train
cmmd,Preprocessed_Dataset/cmmd/cmmd_2581.jpg,Malignant,cancer,D1-1271,train
cmmd,Preprocessed_Dataset/cmmd/cmmd_2582.jpg,Malignant,cancer,D1-1272,train
cmmd,Preprocessed_Dataset/cmmd/cmmd_2583.jpg,Malignant,cancer,D1-1275,train
cmmd,Preprocessed_Dataset/cmmd/cmmd_2584.jpg,Malignant,cancer,D1-1277,val
cmmd,Preprocessed_Dataset/cmmd/cmmd_2585.jpg,Malignant,cancer,D1-1279,train
cmmd,Preprocessed_Dataset/cmmd/cmmd_2586.jpg,Malignant,cancer,D1-1281,train
cmmd,Preprocessed_Dataset/cmmd/cmmd_2587.jpg,Malignant,cancer,D1-1286,train
cmmd,Preprocessed_Dataset/cmmd/cmmd_2588.jpg,Malignant,cancer,D1-1289,val
cmmd,Preprocessed_Dataset/cmmd/cmmd_2589.jpg,Malignant,cancer,D1-1292,train
cmmd,Preprocessed_Dataset/cmmd/cmmd_2590.jpg,Malignant,cancer,D1-1293,val
cmmd,Preprocessed_Dataset/cmmd/cmmd_2591.jpg,Malignant,cancer,D1-1296,train
cmmd,Preprocessed_Dataset/cmmd/cmmd_2592.jpg,Malignant,cancer,D1-1297,val
cmmd,Preprocessed_Dataset/cmmd/cmmd_2593.jpg,Malignant,cancer,D1-1299,train
cmmd,Preprocessed_Dataset/cmmd/cmmd_2594.jpg,Malignant,cancer,D1-1304,train
cmmd,Preprocessed_Dataset/cmmd/cmmd_2595.jpg,Malignant,cancer,D1-1305,train
cmmd,Preprocessed_Dataset/cmmd/cmmd_2596.jpg,Malignant,cancer,D1-1306,val
cmmd,Preprocessed_Dataset/cmmd/cmmd_2597.jpg,Malignant,cancer,D1-1308,train
cmmd,Preprocessed_Dataset/cmmd/cmmd_2598.jpg,Malignant,cancer,D1-1309,train
cmmd,Preprocessed_Dataset/cmmd/cmmd_2599.jpg,Malignant,cancer,D1-1311,train
cmmd,Preprocessed_Dataset/cmmd/cmmd_2600.jpg,Malignant,cancer,D1-1312,val
cmmd,Preprocessed_Dataset/cmmd/cmmd_2601.jpg,Malignant,cancer,D1-1315,train
cmmd,Preprocessed_Dataset/cmmd/cmmd_2602.jpg,Malignant,cancer,D1-1317,train
cmmd,Preprocessed_Dataset/cmmd/cmmd_2603.jpg,Malignant,cancer,D1-1318,train
cmmd,Preprocessed_Dataset/cmmd/cmmd_2604.jpg,Malignant,cancer,D1-1319,train
cmmd,Preprocessed_Dataset/cmmd/cmmd_2605.jpg,Malignant,cancer,D1-1326,train
cmmd,Preprocessed_Dataset/cmmd/cmmd_2606.jpg,Malignant,cancer,D1-1328,train
cmmd,Preprocessed_Dataset/cmmd/cmmd_2607.jpg,Malignant,cancer,D1-1329,train
cmmd,Preprocessed_Dataset/cmmd/cmmd_2608.jpg,Malignant,cancer,D1-1330,train
cmmd,Preprocessed_Dataset/cmmd/cmmd_2609.jpg,Malignant,cancer,D1-1332,train
cmmd,Preprocessed_Dataset/cmmd/cmmd_2610.jpg,Malignant,cancer,D1-1337,train
cmmd,Preprocessed_Dataset/cmmd/cmmd_2611.jpg,Malignant,cancer,D1-1340,train
cmmd,Preprocessed_Dataset/cmmd/cmmd_2612.jpg,Malignant,cancer,D1-1341,train
cmmd,Preprocessed_Dataset/cmmd/cmmd_2613.jpg,Malignant,cancer,D1-1342,train
cmmd,Preprocessed_Dataset/cmmd/cmmd_2614.jpg,Malignant,cancer,D1-1343,train
cmmd,Preprocessed_Dataset/cmmd/cmmd_2615.jpg,Malignant,cancer,D1-1344,train
cmmd,Preprocessed_Dataset/cmmd/cmmd_2616.jpg,Malignant,cancer,D1-1345,test
cmmd,Preprocessed_Dataset/cmmd/cmmd_2617.jpg,Malignant,cancer,D1-1346,train
cmmd,Preprocessed_Dataset/cmmd/cmmd_2618.jpg,Malignant,cancer,D1-1347,train
cmmd,Preprocessed_Dataset/cmmd/cmmd_2619.jpg,Malignant,cancer,D1-1349,train
cmmd,Preprocessed_Dataset/cmmd/cmmd_2620.jpg,Malignant,cancer,D1-1351,train
cmmd,Preprocessed_Dataset/cmmd/cmmd_2621.jpg,Malignant,cancer,D1-1355,train
cmmd,Preprocessed_Dataset/cmmd/cmmd_2622.jpg,Malignant,cancer,D1-1357,train
cmmd,Preprocessed_Dataset/cmmd/cmmd_2623.jpg,Malignant,cancer,D1-1359,train
cmmd,Preprocessed_Dataset/cmmd/cmmd_2624.jpg,Malignant,cancer,D1-1362,train
cmmd,Preprocessed_Dataset/cmmd/cmmd_2625.jpg,Malignant,cancer,D1-1364,val
cmmd,Preprocessed_Dataset/cmmd/cmmd_2626.jpg,Malignant,cancer,D1-1366,val
cmmd,Preprocessed_Dataset/cmmd/cmmd_2627.jpg,Malignant,cancer,D1-1367,train
cmmd,Preprocessed_Dataset/cmmd/cmmd_2628.jpg,Malignant,cancer,D1-1373,train
cmmd,Preprocessed_Dataset/cmmd/cmmd_2629.jpg,Malignant,cancer,D1-1375,train
cmmd,Preprocessed_Dataset/cmmd/cmmd_2630.jpg,Malignant,cancer,D1-1376,train
cmmd,Preprocessed_Dataset/cmmd/cmmd_2631.jpg,Malignant,cancer,D1-1377,val
cmmd,Preprocessed_Dataset/cmmd/cmmd_2632.jpg,Malignant,cancer,D1-1379,val
cmmd,Preprocessed_Dataset/cmmd/cmmd_2633.jpg,Malignant,cancer,D1-1380,train
cmmd,Preprocessed_Dataset/cmmd/cmmd_2634.jpg,Malignant,cancer,D1-1381,val
cmmd,Preprocessed_Dataset/cmmd/cmmd_2635.jpg,Malignant,cancer,D1-1384,train
cmmd,Preprocessed_Dataset/cmmd/cmmd_2636.jpg,Malignant,cancer,D1-1392,train
cmmd,Preprocessed_Dataset/cmmd/cmmd_2637.jpg,Malignant,cancer,D1-1393,train
cmmd,Preprocessed_Dataset/cmmd/cmmd_2638.jpg,Malignant,cancer,D1-1395,val
cmmd,Preprocessed_Dataset/cmmd/cmmd_2639.jpg,Malignant,cancer,D1-1397,test
cmmd,Preprocessed_Dataset/cmmd/cmmd_2640.jpg,Malignant,cancer,D1-1399,train
cmmd,Preprocessed_Dataset/cmmd/cmmd_2641.jpg,Malignant,cancer,D1-1402,train
cmmd,Preprocessed_Dataset/cmmd/cmmd_2642.jpg,Malignant,cancer,D1-1403,train
cmmd,Preprocessed_Dataset/cmmd/cmmd_2643.jpg,Malignant,cancer,D1-1405,train
cmmd,Preprocessed_Dataset/cmmd/cmmd_2644.jpg,Malignant,cancer,D1-1406,test
cmmd,Preprocessed_Dataset/cmmd/cmmd_2645.jpg,Malignant,cancer,D1-1411,train
cmmd,Preprocessed_Dataset/cmmd/cmmd_2646.jpg,Malignant,cancer,D1-1413,val
cmmd,Preprocessed_Dataset/cmmd/cmmd_2647.jpg,Malignant,cancer,D1-1417,val
cmmd,Preprocessed_Dataset/cmmd/cmmd_2648.jpg,Malignant,cancer,D1-1418,val
cmmd,Preprocessed_Dataset/cmmd/cmmd_2649.jpg,Malignant,cancer,D1-1421,val
cmmd,Preprocessed_Dataset/cmmd/cmmd_2650.jpg,Malignant,cancer,D1-1426,val
cmmd,Preprocessed_Dataset/cmmd/cmmd_2651.jpg,Malignant,cancer,D1-1427,train
cmmd,Preprocessed_Dataset/cmmd/cmmd_2652.jpg,Malignant,cancer,D1-1431,train
cmmd,Preprocessed_Dataset/cmmd/cmmd_2653.jpg,Malignant,cancer,D1-1432,test
cmmd,Preprocessed_Dataset/cmmd/cmmd_2654.jpg,Malignant,cancer,D1-1433,val
cmmd,Preprocessed_Dataset/cmmd/cmmd_2655.jpg,Malignant,cancer,D1-1434,train
cmmd,Preprocessed_Dataset/cmmd/cmmd_2656.jpg,Malignant,cancer,D1-1435,train
cmmd,Preprocessed_Dataset/cmmd/cmmd_2657.jpg,Malignant,cancer,D1-1437,train
cmmd,Preprocessed_Dataset/cmmd/cmmd_2658.jpg,Malignant,cancer,D1-1438,train
cmmd,Preprocessed_Dataset/cmmd/cmmd_2659.jpg,Malignant,cancer,D1-1442,train
cmmd,Preprocessed_Dataset/cmmd/cmmd_2660.jpg,Malignant,cancer,D1-1444,train
cmmd,Preprocessed_Dataset/cmmd/cmmd_2661.jpg,Malignant,cancer,D1-1445,train
cmmd,Preprocessed_Dataset/cmmd/cmmd_2662.jpg,Malignant,cancer,D1-1452,train
cmmd,Preprocessed_Dataset/cmmd/cmmd_2663.jpg,Malignant,cancer,D1-1457,train
cmmd,Preprocessed_Dataset/cmmd/cmmd_2664.jpg,Malignant,cancer,D1-1469,train
cmmd,Preprocessed_Dataset/cmmd/cmmd_2665.jpg,Malignant,cancer,D1-1470,test
cmmd,Preprocessed_Dataset/cmmd/cmmd_2666.jpg,Malignant,cancer,D1-1478,train
cmmd,Preprocessed_Dataset/cmmd/cmmd_2667.jpg,Malignant,cancer,D1-1480,train
cmmd,Preprocessed_Dataset/cmmd/cmmd_2668.jpg,Malignant,cancer,D1-1481,train
cmmd,Preprocessed_Dataset/cmmd/cmmd_2669.jpg,Malignant,cancer,D1-1483,train
cmmd,Preprocessed_Dataset/cmmd/cmmd_2670.jpg,Malignant,cancer,D1-1484,train
cmmd,Preprocessed_Dataset/cmmd/cmmd_2671.jpg,Malignant,cancer,D1-1488,train
cmmd,Preprocessed_Dataset/cmmd/cmmd_2672.jpg,Malignant,cancer,D1-1490,train
cmmd,Preprocessed_Dataset/cmmd/cmmd_2673.jpg,Malignant,cancer,D1-1492,train
cmmd,Preprocessed_Dataset/cmmd/cmmd_2674.jpg,Malignant,cancer,D1-1493,train
cmmd,Preprocessed_Dataset/cmmd/cmmd_2675.jpg,Malignant,cancer,D1-1494,train
cmmd,Preprocessed_Dataset/cmmd/cmmd_2676.jpg,Malignant,cancer,D1-1498,train
cmmd,Preprocessed_Dataset/cmmd/cmmd_2677.jpg,Malignant,cancer,D1-1506,train
cmmd,Preprocessed_Dataset/cmmd/cmmd_2678.jpg,Malignant,cancer,D1-1509,train
cmmd,Preprocessed_Dataset/cmmd/cmmd_2679.jpg,Malignant,cancer,D1-1510,train
cmmd,Preprocessed_Dataset/cmmd/cmmd_2680.jpg,Malignant,cancer,D1-1517,train
cmmd,Preprocessed_Dataset/cmmd/cmmd_2681.jpg,Malignant,cancer,D1-1518,train
cmmd,Preprocessed_Dataset/cmmd/cmmd_2682.jpg,Malignant,cancer,D1-1519,train
cmmd,Preprocessed_Dataset/cmmd/cmmd_2683.jpg,Malignant,cancer,D1-1523,train
cmmd,Preprocessed_Dataset/cmmd/cmmd_2684.jpg,Malignant,cancer,D1-1525,test
cmmd,Preprocessed_Dataset/cmmd/cmmd_2685.jpg,Malignant,cancer,D1-1526,train
cmmd,Preprocessed_Dataset/cmmd/cmmd_2686.jpg,Malignant,cancer,D1-1527,train
cmmd,Preprocessed_Dataset/cmmd/cmmd_2687.jpg,Malignant,cancer,D1-1528,train
cmmd,Preprocessed_Dataset/cmmd/cmmd_2688.jpg,Malignant,cancer,D1-1529,test
cmmd,Preprocessed_Dataset/cmmd/cmmd_2689.jpg,Malignant,cancer,D1-1530,train
cmmd,Preprocessed_Dataset/cmmd/cmmd_2690.jpg,Malignant,cancer,D1-1532,val
cmmd,Preprocessed_Dataset/cmmd/cmmd_2691.jpg,Malignant,cancer,D1-1533,train
cmmd,Preprocessed_Dataset/cmmd/cmmd_2692.jpg,Malignant,cancer,D1-1534,train
cmmd,Preprocessed_Dataset/cmmd/cmmd_2693.jpg,Malignant,cancer,D1-1536,train
cmmd,Preprocessed_Dataset/cmmd/cmmd_2694.jpg,Malignant,cancer,D1-1539,train
cmmd,Preprocessed_Dataset/cmmd/cmmd_2695.jpg,Malignant,cancer,D1-1544,train
cmmd,Preprocessed_Dataset/cmmd/cmmd_2696.jpg,Malignant,cancer,D1-1545,train
cmmd,Preprocessed_Dataset/cmmd/cmmd_2697.jpg,Malignant,cancer,D1-1548,train
cmmd,Preprocessed_Dataset/cmmd/cmmd_2698.jpg,Malignant,cancer,D1-1550,train
cmmd,Preprocessed_Dataset/cmmd/cmmd_2699.jpg,Malignant,cancer,D1-1551,val
cmmd,Preprocessed_Dataset/cmmd/cmmd_2700.jpg,Malignant,cancer,D1-1553,train
cmmd,Preprocessed_Dataset/cmmd/cmmd_2701.jpg,Malignant,cancer,D1-1554,train
cmmd,Preprocessed_Dataset/cmmd/cmmd_2702.jpg,Malignant,cancer,D1-1555,val
cmmd,Preprocessed_Dataset/cmmd/cmmd_2703.jpg,Malignant,cancer,D1-1558,train
cmmd,Preprocessed_Dataset/cmmd/cmmd_2704.jpg,Malignant,cancer,D1-1559,train
cmmd,Preprocessed_Dataset/cmmd/cmmd_2705.jpg,Malignant,cancer,D1-1561,train
cmmd,Preprocessed_Dataset/cmmd/cmmd_2706.jpg,Malignant,cancer,D1-1562,val
cmmd,Preprocessed_Dataset/cmmd/cmmd_2707.jpg,Malignant,cancer,D1-1563,train
cmmd,Preprocessed_Dataset/cmmd/cmmd_2708.jpg,Malignant,cancer,D1-1565,train
cmmd,Preprocessed_Dataset/cmmd/cmmd_2709.jpg,Malignant,cancer,D1-1569,train
cmmd,Preprocessed_Dataset/cmmd/cmmd_2710.jpg,Malignant,cancer,D1-1572,test
cmmd,Preprocessed_Dataset/cmmd/cmmd_2711.jpg,Malignant,cancer,D1-1575,train
cmmd,Preprocessed_Dataset/cmmd/cmmd_2712.jpg,Malignant,cancer,D1-1576,train
cmmd,Preprocessed_Dataset/cmmd/cmmd_2713.jpg,Malignant,cancer,D1-1577,test
cmmd,Preprocessed_Dataset/cmmd/cmmd_2714.jpg,Malignant,cancer,D1-1578,train
cmmd,Preprocessed_Dataset/cmmd/cmmd_2715.jpg,Malignant,cancer,D1-1580,train
cmmd,Preprocessed_Dataset/cmmd/cmmd_2716.jpg,Malignant,cancer,D1-1586,test
cmmd,Preprocessed_Dataset/cmmd/cmmd_2717.jpg,Malignant,cancer,D1-1588,val
cmmd,Preprocessed_Dataset/cmmd/cmmd_2718.jpg,Malignant,cancer,D1-1590,train
cmmd,Preprocessed_Dataset/cmmd/cmmd_2719.jpg,Malignant,cancer,D1-1594,val
cmmd,Preprocessed_Dataset/cmmd/cmmd_2720.jpg,Malignant,cancer,D1-1598,test
cmmd,Preprocessed_Dataset/cmmd/cmmd_2721.jpg,Malignant,cancer,D1-1599,test
cmmd,Preprocessed_Dataset/cmmd/cmmd_2722.jpg,Malignant,cancer,D1-1601,train
cmmd,Preprocessed_Dataset/cmmd/cmmd_2723.jpg,Malignant,cancer,D1-1605,test
cmmd,Preprocessed_Dataset/cmmd/cmmd_2724.jpg,Malignant,cancer,D1-1607,train
cmmd,Preprocessed_Dataset/cmmd/cmmd_2725.jpg,Malignant,cancer,D1-1608,train
cmmd,Preprocessed_Dataset/cmmd/cmmd_2726.jpg,Malignant,cancer,D1-1609,train
cmmd,Preprocessed_Dataset/cmmd/cmmd_2727.jpg,Malignant,cancer,D1-1613,train
cmmd,Preprocessed_Dataset/cmmd/cmmd_2728.jpg,Malignant,cancer,D1-1614,train
cmmd,Preprocessed_Dataset/cmmd/cmmd_2729.jpg,Malignant,cancer,D1-1616,train
cmmd,Preprocessed_Dataset/cmmd/cmmd_2730.jpg,Malignant,cancer,D1-1617,train
cmmd,Preprocessed_Dataset/cmmd/cmmd_2731.jpg,Malignant,cancer,D1-1623,test
cmmd,Preprocessed_Dataset/cmmd/cmmd_2732.jpg,Malignant,cancer,D1-1627,train
cmmd,Preprocessed_Dataset/cmmd/cmmd_2733.jpg,Malignant,cancer,D1-1633,train
cmmd,Preprocessed_Dataset/cmmd/cmmd_2734.jpg,Malignant,cancer,D1-1634,train
cmmd,Preprocessed_Dataset/cmmd/cmmd_2735.jpg,Malignant,cancer,D1-1635,test
cmmd,Preprocessed_Dataset/cmmd/cmmd_2736.jpg,Malignant,cancer,D1-1636,test
cmmd,Preprocessed_Dataset/cmmd/cmmd_2737.jpg,Malignant,cancer,D1-1637,train
cmmd,Preprocessed_Dataset/cmmd/cmmd_2738.jpg,Malignant,cancer,D1-1639,train
cmmd,Preprocessed_Dataset/cmmd/cmmd_2739.jpg,Malignant,cancer,D1-1640,val
cmmd,Preprocessed_Dataset/cmmd/cmmd_2740.jpg,Malignant,cancer,D1-1641,train
cmmd,Preprocessed_Dataset/cmmd/cmmd_2741.jpg,Malignant,cancer,D1-1643,train
cmmd,Preprocessed_Dataset/cmmd/cmmd_2742.jpg,Malignant,cancer,D1-1644,train
cmmd,Preprocessed_Dataset/cmmd/cmmd_2743.jpg,Malignant,cancer,D1-1648,val
cmmd,Preprocessed_Dataset/cmmd/cmmd_2744.jpg,Malignant,cancer,D1-1650,train
cmmd,Preprocessed_Dataset/cmmd/cmmd_2745.jpg,Malignant,cancer,D1-1651,train
cmmd,Preprocessed_Dataset/cmmd/cmmd_2746.jpg,Malignant,cancer,D1-1652,train
cmmd,Preprocessed_Dataset/cmmd/cmmd_2747.jpg,Malignant,cancer,D1-1653,train
cmmd,Preprocessed_Dataset/cmmd/cmmd_2748.jpg,Malignant,cancer,D1-1660,train
cmmd,Preprocessed_Dataset/cmmd/cmmd_2749.jpg,Malignant,cancer,D1-1661,val
cmmd,Preprocessed_Dataset/cmmd/cmmd_2750.jpg,Malignant,cancer,D1-1666,train
cmmd,Preprocessed_Dataset/cmmd/cmmd_2751.jpg,Malignant,cancer,D1-1672,train
cmmd,Preprocessed_Dataset/cmmd/cmmd_2752.jpg,Benign,non-cancer,D1-1673,train
cmmd,Preprocessed_Dataset/cmmd/cmmd_2753.jpg,Malignant,cancer,D1-1674,test
cmmd,Preprocessed_Dataset/cmmd/cmmd_2754.jpg,Malignant,cancer,D1-1677,train
cmmd,Preprocessed_Dataset/cmmd/cmmd_2755.jpg,Malignant,cancer,D1-1685,train
cmmd,Preprocessed_Dataset/cmmd/cmmd_2756.jpg,Malignant,cancer,D1-1687,val
cmmd,Preprocessed_Dataset/cmmd/cmmd_2757.jpg,Malignant,cancer,D1-1689,test
cmmd,Preprocessed_Dataset/cmmd/cmmd_2758.jpg,Malignant,cancer,D1-1690,test
cmmd,Preprocessed_Dataset/cmmd/cmmd_2759.jpg,Malignant,cancer,D1-1691,val
cmmd,Preprocessed_Dataset/cmmd/cmmd_2760.jpg,Malignant,cancer,D1-1693,val
cmmd,Preprocessed_Dataset/cmmd/cmmd_2761.jpg,Malignant,cancer,D1-1694,train
cmmd,Preprocessed_Dataset/cmmd/cmmd_2762.jpg,Malignant,cancer,D1-1696,train
cmmd,Preprocessed_Dataset/cmmd/cmmd_2763.jpg,Malignant,cancer,D1-1698,train
cmmd,Preprocessed_Dataset/cmmd/cmmd_2764.jpg,Malignant,cancer,D1-1704,train
cmmd,Preprocessed_Dataset/cmmd/cmmd_2765.jpg,Malignant,cancer,D1-1708,val
cmmd,Preprocessed_Dataset/cmmd/cmmd_2766.jpg,Malignant,cancer,D1-1710,train
cmmd,Preprocessed_Dataset/cmmd/cmmd_2767.jpg,Malignant,cancer,D1-1713,train
cmmd,Preprocessed_Dataset/cmmd/cmmd_2768.jpg,Malignant,cancer,D1-1714,val
cmmd,Preprocessed_Dataset/cmmd/cmmd_2769.jpg,Malignant,cancer,D1-1715,train
cmmd,Preprocessed_Dataset/cmmd/cmmd_2770.jpg,Malignant,cancer,D1-1716,train
cmmd,Preprocessed_Dataset/cmmd/cmmd_2771.jpg,Malignant,cancer,D1-1717,train
cmmd,Preprocessed_Dataset/cmmd/cmmd_2772.jpg,Malignant,cancer,D1-1718,val
cmmd,Preprocessed_Dataset/cmmd/cmmd_2773.jpg,Malignant,cancer,D1-1719,train
cmmd,Preprocessed_Dataset/cmmd/cmmd_2774.jpg,Malignant,cancer,D1-1721,train
cmmd,Preprocessed_Dataset/cmmd/cmmd_2775.jpg,Malignant,cancer,D1-1723,train
cmmd,Preprocessed_Dataset/cmmd/cmmd_2776.jpg,Malignant,cancer,D1-1726,train
cmmd,Preprocessed_Dataset/cmmd/cmmd_2777.jpg,Malignant,cancer,D1-1727,train
cmmd,Preprocessed_Dataset/cmmd/cmmd_2778.jpg,Malignant,cancer,D1-1730,train
cmmd,Preprocessed_Dataset/cmmd/cmmd_2779.jpg,Malignant,cancer,D1-1731,train
cmmd,Preprocessed_Dataset/cmmd/cmmd_2780.jpg,Malignant,cancer,D1-1732,train
cmmd,Preprocessed_Dataset/cmmd/cmmd_2781.jpg,Malignant,cancer,D1-1734,train
cmmd,Preprocessed_Dataset/cmmd/cmmd_2782.jpg,Malignant,cancer,D1-1737,train
cmmd,Preprocessed_Dataset/cmmd/cmmd_2783.jpg,Malignant,cancer,D1-1740,train
cmmd,Preprocessed_Dataset/cmmd/cmmd_2784.jpg,Malignant,cancer,D1-1743,train
cmmd,Preprocessed_Dataset/cmmd/cmmd_2785.jpg,Malignant,cancer,D1-1746,val
cmmd,Preprocessed_Dataset/cmmd/cmmd_2786.jpg,Malignant,cancer,D1-1749,train
cmmd,Preprocessed_Dataset/cmmd/cmmd_2787.jpg,Malignant,cancer,D1-1750,train
cmmd,Preprocessed_Dataset/cmmd/cmmd_2788.jpg,Malignant,cancer,D1-1751,test
cmmd,Preprocessed_Dataset/cmmd/cmmd_2789.jpg,Malignant,cancer,D1-1752,train
cmmd,Preprocessed_Dataset/cmmd/cmmd_2790.jpg,Malignant,cancer,D1-1753,train
cmmd,Preprocessed_Dataset/cmmd/cmmd_2791.jpg,Malignant,cancer,D1-1756,train
cmmd,Preprocessed_Dataset/cmmd/cmmd_2792.jpg,Malignant,cancer,D1-1757,train
cmmd,Preprocessed_Dataset/cmmd/cmmd_2793.jpg,Malignant,cancer,D1-1758,train
cmmd,Preprocessed_Dataset/cmmd/cmmd_2794.jpg,Malignant,cancer,D1-1761,val
cmmd,Preprocessed_Dataset/cmmd/cmmd_2795.jpg,Malignant,cancer,D1-1765,train
cmmd,Preprocessed_Dataset/cmmd/cmmd_2796.jpg,Malignant,cancer,D1-1766,train
cmmd,Preprocessed_Dataset/cmmd/cmmd_2797.jpg,Malignant,cancer,D1-1768,train
cmmd,Preprocessed_Dataset/cmmd/cmmd_2798.jpg,Malignant,cancer,D1-1769,val
cmmd,Preprocessed_Dataset/cmmd/cmmd_2799.jpg,Malignant,cancer,D1-1771,train
cmmd,Preprocessed_Dataset/cmmd/cmmd_2800.jpg,Malignant,cancer,D1-1775,train
cmmd,Preprocessed_Dataset/cmmd/cmmd_2801.jpg,Malignant,cancer,D2-0001,test
cmmd,Preprocessed_Dataset/cmmd/cmmd_2802.jpg,Malignant,cancer,D2-0002,train
cmmd,Preprocessed_Dataset/cmmd/cmmd_2803.jpg,Malignant,cancer,D2-0003,train
cmmd,Preprocessed_Dataset/cmmd/cmmd_2804.jpg,Malignant,cancer,D2-0004,train
cmmd,Preprocessed_Dataset/cmmd/cmmd_2805.jpg,Malignant,cancer,D2-0005,test
cmmd,Preprocessed_Dataset/cmmd/cmmd_2806.jpg,Malignant,cancer,D2-0006,train
cmmd,Preprocessed_Dataset/cmmd/cmmd_2807.jpg,Malignant,cancer,D2-0007,test
cmmd,Preprocessed_Dataset/cmmd/cmmd_2808.jpg,Malignant,cancer,D2-0008,train
cmmd,Preprocessed_Dataset/cmmd/cmmd_2809.jpg,Malignant,cancer,D2-0009,train
cmmd,Preprocessed_Dataset/cmmd/cmmd_2810.jpg,Malignant,cancer,D2-0010,test
cmmd,Preprocessed_Dataset/cmmd/cmmd_2811.jpg,Malignant,cancer,D2-0011,train
cmmd,Preprocessed_Dataset/cmmd/cmmd_2812.jpg,Malignant,cancer,D2-0012,train
cmmd,Preprocessed_Dataset/cmmd/cmmd_2813.jpg,Malignant,cancer,D2-0013,val
cmmd,Preprocessed_Dataset/cmmd/cmmd_2814.jpg,Malignant,cancer,D2-0014,train
cmmd,Preprocessed_Dataset/cmmd/cmmd_2815.jpg,Malignant,cancer,D2-0015,train
cmmd,Preprocessed_Dataset/cmmd/cmmd_2816.jpg,Malignant,cancer,D2-0016,train
cmmd,Preprocessed_Dataset/cmmd/cmmd_2817.jpg,Malignant,cancer,D2-0017,train
cmmd,Preprocessed_Dataset/cmmd/cmmd_2818.jpg,Malignant,cancer,D2-0018,train
cmmd,Preprocessed_Dataset/cmmd/cmmd_2819.jpg,Malignant,cancer,D2-0019,train
cmmd,Preprocessed_Dataset/cmmd/cmmd_2820.jpg,Malignant,cancer,D2-0020,train
cmmd,Preprocessed_Dataset/cmmd/cmmd_2821.jpg,Malignant,cancer,D2-0021,train
cmmd,Preprocessed_Dataset/cmmd/cmmd_2822.jpg,Malignant,cancer,D2-0022,val
cmmd,Preprocessed_Dataset/cmmd/cmmd_2823.jpg,Malignant,cancer,D2-0023,train
cmmd,Preprocessed_Dataset/cmmd/cmmd_2824.jpg,Malignant,cancer,D2-0024,train
cmmd,Preprocessed_Dataset/cmmd/cmmd_2825.jpg,Malignant,cancer,D2-0025,train
cmmd,Preprocessed_Dataset/cmmd/cmmd_2826.jpg,Malignant,cancer,D2-0026,train
cmmd,Preprocessed_Dataset/cmmd/cmmd_2827.jpg,Malignant,cancer,D2-0027,train
cmmd,Preprocessed_Dataset/cmmd/cmmd_2828.jpg,Malignant,cancer,D2-0028,test
cmmd,Preprocessed_Dataset/cmmd/cmmd_2829.jpg,Malignant,cancer,D2-0029,train
cmmd,Preprocessed_Dataset/cmmd/cmmd_2830.jpg,Malignant,cancer,D2-0030,train
cmmd,Preprocessed_Dataset/cmmd/cmmd_2831.jpg,Malignant,cancer,D2-0031,train
cmmd,Preprocessed_Dataset/cmmd/cmmd_2832.jpg,Malignant,cancer,D2-0032,train
cmmd,Preprocessed_Dataset/cmmd/cmmd_2833.jpg,Malignant,cancer,D2-0033,train
cmmd,Preprocessed_Dataset/cmmd/cmmd_2834.jpg,Malignant,cancer,D2-0034,train
cmmd,Preprocessed_Dataset/cmmd/cmmd_2835.jpg,Malignant,cancer,D2-0035,train
cmmd,Preprocessed_Dataset/cmmd/cmmd_2836.jpg,Malignant,cancer,D2-0036,test
cmmd,Preprocessed_Dataset/cmmd/cmmd_2837.jpg,Malignant,cancer,D2-0037,train
cmmd,Preprocessed_Dataset/cmmd/cmmd_2838.jpg,Malignant,cancer,D2-0038,train
cmmd,Preprocessed_Dataset/cmmd/cmmd_2839.jpg,Malignant,cancer,D2-0039,val
cmmd,Preprocessed_Dataset/cmmd/cmmd_2840.jpg,Malignant,cancer,D2-0040,train
cmmd,Preprocessed_Dataset/cmmd/cmmd_2841.jpg,Malignant,cancer,D2-0041,train
cmmd,Preprocessed_Dataset/cmmd/cmmd_2842.jpg,Malignant,cancer,D2-0042,test
cmmd,Preprocessed_Dataset/cmmd/cmmd_2843.jpg,Malignant,cancer,D2-0043,train
cmmd,Preprocessed_Dataset/cmmd/cmmd_2844.jpg,Malignant,cancer,D2-0044,val
cmmd,Preprocessed_Dataset/cmmd/cmmd_2845.jpg,Malignant,cancer,D2-0045,train
cmmd,Preprocessed_Dataset/cmmd/cmmd_2846.jpg,Malignant,cancer,D2-0046,train
cmmd,Preprocessed_Dataset/cmmd/cmmd_2847.jpg,Malignant,cancer,D2-0047,train
cmmd,Preprocessed_Dataset/cmmd/cmmd_2848.jpg,Malignant,cancer,D2-0048,val
cmmd,Preprocessed_Dataset/cmmd/cmmd_2849.jpg,Malignant,cancer,D2-0049,train
cmmd,Preprocessed_Dataset/cmmd/cmmd_2850.jpg,Malignant,cancer,D2-0050,train
cmmd,Preprocessed_Dataset/cmmd/cmmd_2851.jpg,Malignant,cancer,D2-0051,train
cmmd,Preprocessed_Dataset/cmmd/cmmd_2852.jpg,Malignant,cancer,D2-0052,train
cmmd,Preprocessed_Dataset/cmmd/cmmd_2853.jpg,Malignant,cancer,D2-0053,train
cmmd,Preprocessed_Dataset/cmmd/cmmd_2854.jpg,Malignant,cancer,D2-0054,train
cmmd,Preprocessed_Dataset/cmmd/cmmd_2855.jpg,Malignant,cancer,D2-0055,val
cmmd,Preprocessed_Dataset/cmmd/cmmd_2856.jpg,Malignant,cancer,D2-0056,train
cmmd,Preprocessed_Dataset/cmmd/cmmd_2857.jpg,Malignant,cancer,D2-0057,train
cmmd,Preprocessed_Dataset/cmmd/cmmd_2858.jpg,Malignant,cancer,D2-0058,train
cmmd,Preprocessed_Dataset/cmmd/cmmd_2859.jpg,Malignant,cancer,D2-0059,test
cmmd,Preprocessed_Dataset/cmmd/cmmd_2860.jpg,Malignant,cancer,D2-0060,train
cmmd,Preprocessed_Dataset/cmmd/cmmd_2861.jpg,Malignant,cancer,D2-0061,val
cmmd,Preprocessed_Dataset/cmmd/cmmd_2862.jpg,Malignant,cancer,D2-0062,train
cmmd,Preprocessed_Dataset/cmmd/cmmd_2863.jpg,Malignant,cancer,D2-0063,val
cmmd,Preprocessed_Dataset/cmmd/cmmd_2864.jpg,Malignant,cancer,D2-0064,train
cmmd,Preprocessed_Dataset/cmmd/cmmd_2865.jpg,Malignant,cancer,D2-0065,train
cmmd,Preprocessed_Dataset/cmmd/cmmd_2866.jpg,Malignant,cancer,D2-0066,train
cmmd,Preprocessed_Dataset/cmmd/cmmd_2867.jpg,Malignant,cancer,D2-0067,train
cmmd,Preprocessed_Dataset/cmmd/cmmd_2868.jpg,Malignant,cancer,D2-0068,val
cmmd,Preprocessed_Dataset/cmmd/cmmd_2869.jpg,Malignant,cancer,D2-0069,val
cmmd,Preprocessed_Dataset/cmmd/cmmd_2870.jpg,Malignant,cancer,D2-0070,train
cmmd,Preprocessed_Dataset/cmmd/cmmd_2871.jpg,Malignant,cancer,D2-0071,test
cmmd,Preprocessed_Dataset/cmmd/cmmd_2872.jpg,Malignant,cancer,D2-0072,train
cmmd,Preprocessed_Dataset/cmmd/cmmd_2873.jpg,Malignant,cancer,D2-0073,test
cmmd,Preprocessed_Dataset/cmmd/cmmd_2874.jpg,Malignant,cancer,D2-0074,train
cmmd,Preprocessed_Dataset/cmmd/cmmd_2875.jpg,Malignant,cancer,D2-0075,val
cmmd,Preprocessed_Dataset/cmmd/cmmd_2876.jpg,Malignant,cancer,D2-0076,test
cmmd,Preprocessed_Dataset/cmmd/cmmd_2877.jpg,Malignant,cancer,D2-0077,test
cmmd,Preprocessed_Dataset/cmmd/cmmd_2878.jpg,Malignant,cancer,D2-0078,test
cmmd,Preprocessed_Dataset/cmmd/cmmd_2879.jpg,Malignant,cancer,D2-0079,train
cmmd,Preprocessed_Dataset/cmmd/cmmd_2880.jpg,Malignant,cancer,D2-0080,train
cmmd,Preprocessed_Dataset/cmmd/cmmd_2881.jpg,Malignant,cancer,D2-0081,val
cmmd,Preprocessed_Dataset/cmmd/cmmd_2882.jpg,Malignant,cancer,D2-0082,test
cmmd,Preprocessed_Dataset/cmmd/cmmd_2883.jpg,Malignant,cancer,D2-0083,test
cmmd,Preprocessed_Dataset/cmmd/cmmd_2884.jpg,Malignant,cancer,D2-0084,val
cmmd,Preprocessed_Dataset/cmmd/cmmd_2885.jpg,Malignant,cancer,D2-0085,train
cmmd,Preprocessed_Dataset/cmmd/cmmd_2886.jpg,Malignant,cancer,D2-0086,train
cmmd,Preprocessed_Dataset/cmmd/cmmd_2887.jpg,Malignant,cancer,D2-0087,train
cmmd,Preprocessed_Dataset/cmmd/cmmd_2888.jpg,Malignant,cancer,D2-0088,train
cmmd,Preprocessed_Dataset/cmmd/cmmd_2889.jpg,Malignant,cancer,D2-0089,test
cmmd,Preprocessed_Dataset/cmmd/cmmd_2890.jpg,Benign,non-cancer,D2-0090,test
cmmd,Preprocessed_Dataset/cmmd/cmmd_2891.jpg,Malignant,cancer,D2-0091,train
cmmd,Preprocessed_Dataset/cmmd/cmmd_2892.jpg,Benign,non-cancer,D2-0092,train
cmmd,Preprocessed_Dataset/cmmd/cmmd_2893.jpg,Malignant,cancer,D2-0093,val
cmmd,Preprocessed_Dataset/cmmd/cmmd_2894.jpg,Malignant,cancer,D2-0094,test
cmmd,Preprocessed_Dataset/cmmd/cmmd_2895.jpg,Malignant,cancer,D2-0095,train
cmmd,Preprocessed_Dataset/cmmd/cmmd_2896.jpg,Malignant,cancer,D2-0096,test
cmmd,Preprocessed_Dataset/cmmd/cmmd_2897.jpg,Malignant,cancer,D2-0097,test
cmmd,Preprocessed_Dataset/cmmd/cmmd_2898.jpg,Malignant,cancer,D2-0098,train
cmmd,Preprocessed_Dataset/cmmd/cmmd_2899.jpg,Malignant,cancer,D2-0099,train
cmmd,Preprocessed_Dataset/cmmd/cmmd_2900.jpg,Malignant,cancer,D2-0100,train
cmmd,Preprocessed_Dataset/cmmd/cmmd_2901.jpg,Malignant,cancer,D2-0101,val
cmmd,Preprocessed_Dataset/cmmd/cmmd_2902.jpg,Malignant,cancer,D2-0102,test
cmmd,Preprocessed_Dataset/cmmd/cmmd_2903.jpg,Malignant,cancer,D2-0103,train
cmmd,Preprocessed_Dataset/cmmd/cmmd_2904.jpg,Malignant,cancer,D2-0104,train
cmmd,Preprocessed_Dataset/cmmd/cmmd_2905.jpg,Malignant,cancer,D2-0105,train
cmmd,Preprocessed_Dataset/cmmd/cmmd_2906.jpg,Malignant,cancer,D2-0106,train
cmmd,Preprocessed_Dataset/cmmd/cmmd_2907.jpg,Malignant,cancer,D2-0107,val
cmmd,Preprocessed_Dataset/cmmd/cmmd_2908.jpg,Malignant,cancer,D2-0108,train
cmmd,Preprocessed_Dataset/cmmd/cmmd_2909.jpg,Malignant,cancer,D2-0109,train
cmmd,Preprocessed_Dataset/cmmd/cmmd_2910.jpg,Malignant,cancer,D2-0110,train
cmmd,Preprocessed_Dataset/cmmd/cmmd_2911.jpg,Malignant,cancer,D2-0111,train
cmmd,Preprocessed_Dataset/cmmd/cmmd_2912.jpg,Malignant,cancer,D2-0112,train
cmmd,Preprocessed_Dataset/cmmd/cmmd_2913.jpg,Malignant,cancer,D2-0113,train
cmmd,Preprocessed_Dataset/cmmd/cmmd_2914.jpg,Malignant,cancer,D2-0114,train
cmmd,Preprocessed_Dataset/cmmd/cmmd_2915.jpg,Malignant,cancer,D2-0115,train
cmmd,Preprocessed_Dataset/cmmd/cmmd_2916.jpg,Malignant,cancer,D2-0116,train
cmmd,Preprocessed_Dataset/cmmd/cmmd_2917.jpg,Malignant,cancer,D2-0117,train
cmmd,Preprocessed_Dataset/cmmd/cmmd_2918.jpg,Malignant,cancer,D2-0118,train
cmmd,Preprocessed_Dataset/cmmd/cmmd_2919.jpg,Malignant,cancer,D2-0119,val
cmmd,Preprocessed_Dataset/cmmd/cmmd_2920.jpg,Malignant,cancer,D2-0120,train
cmmd,Preprocessed_Dataset/cmmd/cmmd_2921.jpg,Malignant,cancer,D2-0121,test
cmmd,Preprocessed_Dataset/cmmd/cmmd_2922.jpg,Malignant,cancer,D2-0122,val
cmmd,Preprocessed_Dataset/cmmd/cmmd_2923.jpg,Malignant,cancer,D2-0123,val
cmmd,Preprocessed_Dataset/cmmd/cmmd_2924.jpg,Malignant,cancer,D2-0124,val
cmmd,Preprocessed_Dataset/cmmd/cmmd_2925.jpg,Malignant,cancer,D2-0125,test
cmmd,Preprocessed_Dataset/cmmd/cmmd_2926.jpg,Malignant,cancer,D2-0126,train
cmmd,Preprocessed_Dataset/cmmd/cmmd_2927.jpg,Malignant,cancer,D2-0127,train
cmmd,Preprocessed_Dataset/cmmd/cmmd_2928.jpg,Malignant,cancer,D2-0128,train
cmmd,Preprocessed_Dataset/cmmd/cmmd_2929.jpg,Malignant,cancer,D2-0129,test
cmmd,Preprocessed_Dataset/cmmd/cmmd_2930.jpg,Malignant,cancer,D2-0130,train
cmmd,Preprocessed_Dataset/cmmd/cmmd_2931.jpg,Malignant,cancer,D2-0131,train
cmmd,Preprocessed_Dataset/cmmd/cmmd_2932.jpg,Malignant,cancer,D2-0132,train
cmmd,Preprocessed_Dataset/cmmd/cmmd_2933.jpg,Malignant,cancer,D2-0133,train
cmmd,Preprocessed_Dataset/cmmd/cmmd_2934.jpg,Malignant,cancer,D2-0134,train
cmmd,Preprocessed_Dataset/cmmd/cmmd_2935.jpg,Malignant,cancer,D2-0135,test
cmmd,Preprocessed_Dataset/cmmd/cmmd_2936.jpg,Malignant,cancer,D2-0136,val
cmmd,Preprocessed_Dataset/cmmd/cmmd_2937.jpg,Malignant,cancer,D2-0137,test
cmmd,Preprocessed_Dataset/cmmd/cmmd_2938.jpg,Malignant,cancer,D2-0138,train
cmmd,Preprocessed_Dataset/cmmd/cmmd_2939.jpg,Malignant,cancer,D2-0139,train
cmmd,Preprocessed_Dataset/cmmd/cmmd_2940.jpg,Malignant,cancer,D2-0140,test
cmmd,Preprocessed_Dataset/cmmd/cmmd_2941.jpg,Malignant,cancer,D2-0141,train
cmmd,Preprocessed_Dataset/cmmd/cmmd_2942.jpg,Malignant,cancer,D2-0142,train
cmmd,Preprocessed_Dataset/cmmd/cmmd_2943.jpg,Malignant,cancer,D2-0143,train
cmmd,Preprocessed_Dataset/cmmd/cmmd_2944.jpg,Malignant,cancer,D2-0144,train
cmmd,Preprocessed_Dataset/cmmd/cmmd_2945.jpg,Malignant,cancer,D2-0145,train
cmmd,Preprocessed_Dataset/cmmd/cmmd_2946.jpg,Malignant,cancer,D2-0146,train
cmmd,Preprocessed_Dataset/cmmd/cmmd_2947.jpg,Malignant,cancer,D2-0147,val
cmmd,Preprocessed_Dataset/cmmd/cmmd_2948.jpg,Malignant,cancer,D2-0148,train
cmmd,Preprocessed_Dataset/cmmd/cmmd_2949.jpg,Malignant,cancer,D2-0149,train
cmmd,Preprocessed_Dataset/cmmd/cmmd_2950.jpg,Malignant,cancer,D2-0150,train
cmmd,Preprocessed_Dataset/cmmd/cmmd_2951.jpg,Malignant,cancer,D2-0151,train
cmmd,Preprocessed_Dataset/cmmd/cmmd_2952.jpg,Malignant,cancer,D2-0152,train
cmmd,Preprocessed_Dataset/cmmd/cmmd_2953.jpg,Malignant,cancer,D2-0153,train
cmmd,Preprocessed_Dataset/cmmd/cmmd_2954.jpg,Malignant,cancer,D2-0154,train
cmmd,Preprocessed_Dataset/cmmd/cmmd_2955.jpg,Malignant,cancer,D2-0155,train
cmmd,Preprocessed_Dataset/cmmd/cmmd_2956.jpg,Malignant,cancer,D2-0156,train
cmmd,Preprocessed_Dataset/cmmd/cmmd_2957.jpg,Malignant,cancer,D2-0157,test
cmmd,Preprocessed_Dataset/cmmd/cmmd_2958.jpg,Benign,non-cancer,D2-0158,train
cmmd,Preprocessed_Dataset/cmmd/cmmd_2959.jpg,Malignant,cancer,D2-0159,train
cmmd,Preprocessed_Dataset/cmmd/cmmd_2960.jpg,Malignant,cancer,D2-0160,train
cmmd,Preprocessed_Dataset/cmmd/cmmd_2961.jpg,Malignant,cancer,D2-0161,train
cmmd,Preprocessed_Dataset/cmmd/cmmd_2962.jpg,Malignant,cancer,D2-0162,train
cmmd,Preprocessed_Dataset/cmmd/cmmd_2963.jpg,Malignant,cancer,D2-0163,train
cmmd,Preprocessed_Dataset/cmmd/cmmd_2964.jpg,Malignant,cancer,D2-0164,val
cmmd,Preprocessed_Dataset/cmmd/cmmd_2965.jpg,Malignant,cancer,D2-0165,val
cmmd,Preprocessed_Dataset/cmmd/cmmd_2966.jpg,Malignant,cancer,D2-0166,train
cmmd,Preprocessed_Dataset/cmmd/cmmd_2967.jpg,Malignant,cancer,D2-0167,train
cmmd,Preprocessed_Dataset/cmmd/cmmd_2968.jpg,Malignant,cancer,D2-0168,val
cmmd,Preprocessed_Dataset/cmmd/cmmd_2969.jpg,Malignant,cancer,D2-0169,train
cmmd,Preprocessed_Dataset/cmmd/cmmd_2970.jpg,Malignant,cancer,D2-0170,train
cmmd,Preprocessed_Dataset/cmmd/cmmd_2971.jpg,Malignant,cancer,D2-0171,train
cmmd,Preprocessed_Dataset/cmmd/cmmd_2972.jpg,Malignant,cancer,D2-0172,train
cmmd,Preprocessed_Dataset/cmmd/cmmd_2973.jpg,Malignant,cancer,D2-0173,train
cmmd,Preprocessed_Dataset/cmmd/cmmd_2974.jpg,Malignant,cancer,D2-0174,train
cmmd,Preprocessed_Dataset/cmmd/cmmd_2975.jpg,Malignant,cancer,D2-0175,train
cmmd,Preprocessed_Dataset/cmmd/cmmd_2976.jpg,Malignant,cancer,D2-0176,train
cmmd,Preprocessed_Dataset/cmmd/cmmd_2977.jpg,Malignant,cancer,D2-0177,train
cmmd,Preprocessed_Dataset/cmmd/cmmd_2978.jpg,Malignant,cancer,D2-0178,train
cmmd,Preprocessed_Dataset/cmmd/cmmd_2979.jpg,Malignant,cancer,D2-0179,test
cmmd,Preprocessed_Dataset/cmmd/cmmd_2980.jpg,Malignant,cancer,D2-0180,train
cmmd,Preprocessed_Dataset/cmmd/cmmd_2981.jpg,Malignant,cancer,D2-0181,test
cmmd,Preprocessed_Dataset/cmmd/cmmd_2982.jpg,Malignant,cancer,D2-0182,train
cmmd,Preprocessed_Dataset/cmmd/cmmd_2983.jpg,Malignant,cancer,D2-0183,train
cmmd,Preprocessed_Dataset/cmmd/cmmd_2984.jpg,Malignant,cancer,D2-0184,train
cmmd,Preprocessed_Dataset/cmmd/cmmd_2985.jpg,Malignant,cancer,D2-0185,train
cmmd,Preprocessed_Dataset/cmmd/cmmd_2986.jpg,Malignant,cancer,D2-0186,test
cmmd,Preprocessed_Dataset/cmmd/cmmd_2987.jpg,Malignant,cancer,D2-0187,test
cmmd,Preprocessed_Dataset/cmmd/cmmd_2988.jpg,Malignant,cancer,D2-0188,val
cmmd,Preprocessed_Dataset/cmmd/cmmd_2989.jpg,Malignant,cancer,D2-0189,val
cmmd,Preprocessed_Dataset/cmmd/cmmd_2990.jpg,Malignant,cancer,D2-0190,val
cmmd,Preprocessed_Dataset/cmmd/cmmd_2991.jpg,Malignant,cancer,D2-0191,train
cmmd,Preprocessed_Dataset/cmmd/cmmd_2992.jpg,Malignant,cancer,D2-0192,train
cmmd,Preprocessed_Dataset/cmmd/cmmd_2993.jpg,Malignant,cancer,D2-0193,train
cmmd,Preprocessed_Dataset/cmmd/cmmd_2994.jpg,Malignant,cancer,D2-0194,train
cmmd,Preprocessed_Dataset/cmmd/cmmd_2995.jpg,Malignant,cancer,D2-0195,train
cmmd,Preprocessed_Dataset/cmmd/cmmd_2996.jpg,Malignant,cancer,D2-0196,train
cmmd,Preprocessed_Dataset/cmmd/cmmd_2997.jpg,Malignant,cancer,D2-0197,test
cmmd,Preprocessed_Dataset/cmmd/cmmd_2998.jpg,Malignant,cancer,D2-0198,train
cmmd,Preprocessed_Dataset/cmmd/cmmd_2999.jpg,Malignant,cancer,D2-0199,train
cmmd,Preprocessed_Dataset/cmmd/cmmd_3000.jpg,Malignant,cancer,D2-0200,train
cmmd,Preprocessed_Dataset/cmmd/cmmd_3001.jpg,Malignant,cancer,D2-0201,train
cmmd,Preprocessed_Dataset/cmmd/cmmd_3002.jpg,Malignant,cancer,D2-0202,val
cmmd,Preprocessed_Dataset/cmmd/cmmd_3003.jpg,Malignant,cancer,D2-0203,train
cmmd,Preprocessed_Dataset/cmmd/cmmd_3004.jpg,Malignant,cancer,D2-0204,train
cmmd,Preprocessed_Dataset/cmmd/cmmd_3005.jpg,Malignant,cancer,D2-0205,val
cmmd,Preprocessed_Dataset/cmmd/cmmd_3006.jpg,Malignant,cancer,D2-0206,train
cmmd,Preprocessed_Dataset/cmmd/cmmd_3007.jpg,Malignant,cancer,D2-0207,train
cmmd,Preprocessed_Dataset/cmmd/cmmd_3008.jpg,Malignant,cancer,D2-0208,val
cmmd,Preprocessed_Dataset/cmmd/cmmd_3009.jpg,Malignant,cancer,D2-0209,train
cmmd,Preprocessed_Dataset/cmmd/cmmd_3010.jpg,Malignant,cancer,D2-0210,train
cmmd,Preprocessed_Dataset/cmmd/cmmd_3011.jpg,Malignant,cancer,D2-0211,train
cmmd,Preprocessed_Dataset/cmmd/cmmd_3012.jpg,Malignant,cancer,D2-0212,val
cmmd,Preprocessed_Dataset/cmmd/cmmd_3013.jpg,Malignant,cancer,D2-0213,train
cmmd,Preprocessed_Dataset/cmmd/cmmd_3014.jpg,Malignant,cancer,D2-0214,val
cmmd,Preprocessed_Dataset/cmmd/cmmd_3015.jpg,Malignant,cancer,D2-0215,val
cmmd,Preprocessed_Dataset/cmmd/cmmd_3016.jpg,Malignant,cancer,D2-0216,train
cmmd,Preprocessed_Dataset/cmmd/cmmd_3017.jpg,Malignant,cancer,D2-0217,train
cmmd,Preprocessed_Dataset/cmmd/cmmd_3018.jpg,Malignant,cancer,D2-0218,test
cmmd,Preprocessed_Dataset/cmmd/cmmd_3019.jpg,Malignant,cancer,D2-0219,train
cmmd,Preprocessed_Dataset/cmmd/cmmd_3020.jpg,Malignant,cancer,D2-0220,train
cmmd,Preprocessed_Dataset/cmmd/cmmd_3021.jpg,Malignant,cancer,D2-0221,test
cmmd,Preprocessed_Dataset/cmmd/cmmd_3022.jpg,Malignant,cancer,D2-0222,train
cmmd,Preprocessed_Dataset/cmmd/cmmd_3023.jpg,Malignant,cancer,D2-0223,val
cmmd,Preprocessed_Dataset/cmmd/cmmd_3024.jpg,Malignant,cancer,D2-0224,train
cmmd,Preprocessed_Dataset/cmmd/cmmd_3025.jpg,Malignant,cancer,D2-0225,val
cmmd,Preprocessed_Dataset/cmmd/cmmd_3026.jpg,Malignant,cancer,D2-0226,train
cmmd,Preprocessed_Dataset/cmmd/cmmd_3027.jpg,Malignant,cancer,D2-0227,train
cmmd,Preprocessed_Dataset/cmmd/cmmd_3028.jpg,Malignant,cancer,D2-0228,train
cmmd,Preprocessed_Dataset/cmmd/cmmd_3029.jpg,Malignant,cancer,D2-0229,test
cmmd,Preprocessed_Dataset/cmmd/cmmd_3030.jpg,Malignant,cancer,D2-0230,val
cmmd,Preprocessed_Dataset/cmmd/cmmd_3031.jpg,Malignant,cancer,D2-0231,train
cmmd,Preprocessed_Dataset/cmmd/cmmd_3032.jpg,Malignant,cancer,D2-0232,train
cmmd,Preprocessed_Dataset/cmmd/cmmd_3033.jpg,Malignant,cancer,D2-0233,val
cmmd,Preprocessed_Dataset/cmmd/cmmd_3034.jpg,Malignant,cancer,D2-0234,val
cmmd,Preprocessed_Dataset/cmmd/cmmd_3035.jpg,Malignant,cancer,D2-0235,train
cmmd,Preprocessed_Dataset/cmmd/cmmd_3036.jpg,Malignant,cancer,D2-0236,test
cmmd,Preprocessed_Dataset/cmmd/cmmd_3037.jpg,Malignant,cancer,D2-0237,train
cmmd,Preprocessed_Dataset/cmmd/cmmd_3038.jpg,Malignant,cancer,D2-0238,val
cmmd,Preprocessed_Dataset/cmmd/cmmd_3039.jpg,Malignant,cancer,D2-0239,test
cmmd,Preprocessed_Dataset/cmmd/cmmd_3040.jpg,Malignant,cancer,D2-0240,test
cmmd,Preprocessed_Dataset/cmmd/cmmd_3041.jpg,Malignant,cancer,D2-0241,train
cmmd,Preprocessed_Dataset/cmmd/cmmd_3042.jpg,Malignant,cancer,D2-0242,train
cmmd,Preprocessed_Dataset/cmmd/cmmd_3043.jpg,Malignant,cancer,D2-0243,val
cmmd,Preprocessed_Dataset/cmmd/cmmd_3044.jpg,Malignant,cancer,D2-0244,test
cmmd,Preprocessed_Dataset/cmmd/cmmd_3045.jpg,Malignant,cancer,D2-0245,train
cmmd,Preprocessed_Dataset/cmmd/cmmd_3046.jpg,Malignant,cancer,D2-0246,train
cmmd,Preprocessed_Dataset/cmmd/cmmd_3047.jpg,Malignant,cancer,D2-0247,train
cmmd,Preprocessed_Dataset/cmmd/cmmd_3048.jpg,Malignant,cancer,D2-0248,train
cmmd,Preprocessed_Dataset/cmmd/cmmd_3049.jpg,Malignant,cancer,D2-0249,val
cmmd,Preprocessed_Dataset/cmmd/cmmd_3050.jpg,Malignant,cancer,D2-0250,train
cmmd,Preprocessed_Dataset/cmmd/cmmd_3051.jpg,Malignant,cancer,D2-0251,train
cmmd,Preprocessed_Dataset/cmmd/cmmd_3052.jpg,Malignant,cancer,D2-0252,train
cmmd,Preprocessed_Dataset/cmmd/cmmd_3053.jpg,Malignant,cancer,D2-0253,train
cmmd,Preprocessed_Dataset/cmmd/cmmd_3054.jpg,Malignant,cancer,D2-0254,test
cmmd,Preprocessed_Dataset/cmmd/cmmd_3055.jpg,Malignant,cancer,D2-0255,train
cmmd,Preprocessed_Dataset/cmmd/cmmd_3056.jpg,Malignant,cancer,D2-0256,test
cmmd,Preprocessed_Dataset/cmmd/cmmd_3057.jpg,Malignant,cancer,D2-0257,train
cmmd,Preprocessed_Dataset/cmmd/cmmd_3058.jpg,Malignant,cancer,D2-0258,val
cmmd,Preprocessed_Dataset/cmmd/cmmd_3059.jpg,Benign,non-cancer,D2-0259,train
cmmd,Preprocessed_Dataset/cmmd/cmmd_3060.jpg,Malignant,cancer,D2-0260,train
cmmd,Preprocessed_Dataset/cmmd/cmmd_3061.jpg,Malignant,cancer,D2-0261,test
cmmd,Preprocessed_Dataset/cmmd/cmmd_3062.jpg,Malignant,cancer,D2-0262,val
cmmd,Preprocessed_Dataset/cmmd/cmmd_3063.jpg,Malignant,cancer,D2-0263,train
cmmd,Preprocessed_Dataset/cmmd/cmmd_3064.jpg,Malignant,cancer,D2-0264,test
cmmd,Preprocessed_Dataset/cmmd/cmmd_3065.jpg,Benign,non-cancer,D2-0265,train
cmmd,Preprocessed_Dataset/cmmd/cmmd_3066.jpg,Malignant,cancer,D2-0266,train
cmmd,Preprocessed_Dataset/cmmd/cmmd_3067.jpg,Malignant,cancer,D2-0267,train
cmmd,Preprocessed_Dataset/cmmd/cmmd_3068.jpg,Malignant,cancer,D2-0268,val
cmmd,Preprocessed_Dataset/cmmd/cmmd_3069.jpg,Malignant,cancer,D2-0269,train
cmmd,Preprocessed_Dataset/cmmd/cmmd_3070.jpg,Malignant,cancer,D2-0270,test
cmmd,Preprocessed_Dataset/cmmd/cmmd_3071.jpg,Malignant,cancer,D2-0271,val
cmmd,Preprocessed_Dataset/cmmd/cmmd_3072.jpg,Malignant,cancer,D2-0272,val
cmmd,Preprocessed_Dataset/cmmd/cmmd_3073.jpg,Malignant,cancer,D2-0273,train
cmmd,Preprocessed_Dataset/cmmd/cmmd_3074.jpg,Malignant,cancer,D2-0274,val
cmmd,Preprocessed_Dataset/cmmd/cmmd_3075.jpg,Malignant,cancer,D2-0275,train
cmmd,Preprocessed_Dataset/cmmd/cmmd_3076.jpg,Malignant,cancer,D2-0276,val
cmmd,Preprocessed_Dataset/cmmd/cmmd_3077.jpg,Malignant,cancer,D2-0277,train
cmmd,Preprocessed_Dataset/cmmd/cmmd_3078.jpg,Malignant,cancer,D2-0278,test
cmmd,Preprocessed_Dataset/cmmd/cmmd_3079.jpg,Malignant,cancer,D2-0279,train
cmmd,Preprocessed_Dataset/cmmd/cmmd_3080.jpg,Malignant,cancer,D2-0280,train
cmmd,Preprocessed_Dataset/cmmd/cmmd_3081.jpg,Malignant,cancer,D2-0281,test
cmmd,Preprocessed_Dataset/cmmd/cmmd_3082.jpg,Malignant,cancer,D2-0282,train
cmmd,Preprocessed_Dataset/cmmd/cmmd_3083.jpg,Malignant,cancer,D2-0283,train
cmmd,Preprocessed_Dataset/cmmd/cmmd_3084.jpg,Malignant,cancer,D2-0284,train
cmmd,Preprocessed_Dataset/cmmd/cmmd_3085.jpg,Malignant,cancer,D2-0285,train
cmmd,Preprocessed_Dataset/cmmd/cmmd_3086.jpg,Malignant,cancer,D2-0286,train
cmmd,Preprocessed_Dataset/cmmd/cmmd_3087.jpg,Malignant,cancer,D2-0287,train
cmmd,Preprocessed_Dataset/cmmd/cmmd_3088.jpg,Malignant,cancer,D2-0288,train
cmmd,Preprocessed_Dataset/cmmd/cmmd_3089.jpg,Malignant,cancer,D2-0289,train
cmmd,Preprocessed_Dataset/cmmd/cmmd_3090.jpg,Malignant,cancer,D2-0290,train
cmmd,Preprocessed_Dataset/cmmd/cmmd_3091.jpg,Malignant,cancer,D2-0291,train
cmmd,Preprocessed_Dataset/cmmd/cmmd_3092.jpg,Malignant,cancer,D2-0292,train
cmmd,Preprocessed_Dataset/cmmd/cmmd_3093.jpg,Malignant,cancer,D2-0293,train
cmmd,Preprocessed_Dataset/cmmd/cmmd_3094.jpg,Malignant,cancer,D2-0294,val
cmmd,Preprocessed_Dataset/cmmd/cmmd_3095.jpg,Malignant,cancer,D2-0295,val
cmmd,Preprocessed_Dataset/cmmd/cmmd_3096.jpg,Malignant,cancer,D2-0296,train
cmmd,Preprocessed_Dataset/cmmd/cmmd_3097.jpg,Malignant,cancer,D2-0297,test
cmmd,Preprocessed_Dataset/cmmd/cmmd_3098.jpg,Malignant,cancer,D2-0298,train
cmmd,Preprocessed_Dataset/cmmd/cmmd_3099.jpg,Malignant,cancer,D2-0299,train
cmmd,Preprocessed_Dataset/cmmd/cmmd_3100.jpg,Malignant,cancer,D2-0300,train
cmmd,Preprocessed_Dataset/cmmd/cmmd_3101.jpg,Malignant,cancer,D2-0301,val
cmmd,Preprocessed_Dataset/cmmd/cmmd_3102.jpg,Malignant,cancer,D2-0302,train
cmmd,Preprocessed_Dataset/cmmd/cmmd_3103.jpg,Malignant,cancer,D2-0303,train
cmmd,Preprocessed_Dataset/cmmd/cmmd_3104.jpg,Malignant,cancer,D2-0304,test
cmmd,Preprocessed_Dataset/cmmd/cmmd_3105.jpg,Malignant,cancer,D2-0305,train
cmmd,Preprocessed_Dataset/cmmd/cmmd_3106.jpg,Malignant,cancer,D2-0306,train
cmmd,Preprocessed_Dataset/cmmd/cmmd_3107.jpg,Malignant,cancer,D2-0307,test
cmmd,Preprocessed_Dataset/cmmd/cmmd_3108.jpg,Malignant,cancer,D2-0308,train
cmmd,Preprocessed_Dataset/cmmd/cmmd_3109.jpg,Malignant,cancer,D2-0309,train
cmmd,Preprocessed_Dataset/cmmd/cmmd_3110.jpg,Malignant,cancer,D2-0310,train
cmmd,Preprocessed_Dataset/cmmd/cmmd_3111.jpg,Malignant,cancer,D2-0311,val
cmmd,Preprocessed_Dataset/cmmd/cmmd_3112.jpg,Malignant,cancer,D2-0312,val
cmmd,Preprocessed_Dataset/cmmd/cmmd_3113.jpg,Malignant,cancer,D2-0313,train
cmmd,Preprocessed_Dataset/cmmd/cmmd_3114.jpg,Malignant,cancer,D2-0314,train
cmmd,Preprocessed_Dataset/cmmd/cmmd_3115.jpg,Malignant,cancer,D2-0315,train
cmmd,Preprocessed_Dataset/cmmd/cmmd_3116.jpg,Malignant,cancer,D2-0316,train
cmmd,Preprocessed_Dataset/cmmd/cmmd_3117.jpg,Malignant,cancer,D2-0317,test
cmmd,Preprocessed_Dataset/cmmd/cmmd_3118.jpg,Malignant,cancer,D2-0318,test
cmmd,Preprocessed_Dataset/cmmd/cmmd_3119.jpg,Malignant,cancer,D2-0319,test
cmmd,Preprocessed_Dataset/cmmd/cmmd_3120.jpg,Malignant,cancer,D2-0320,train
cmmd,Preprocessed_Dataset/cmmd/cmmd_3121.jpg,Malignant,cancer,D2-0321,val
cmmd,Preprocessed_Dataset/cmmd/cmmd_3122.jpg,Malignant,cancer,D2-0322,train
cmmd,Preprocessed_Dataset/cmmd/cmmd_3123.jpg,Malignant,cancer,D2-0323,test
cmmd,Preprocessed_Dataset/cmmd/cmmd_3124.jpg,Malignant,cancer,D2-0324,test
cmmd,Preprocessed_Dataset/cmmd/cmmd_3125.jpg,Malignant,cancer,D2-0325,train
cmmd,Preprocessed_Dataset/cmmd/cmmd_3126.jpg,Malignant,cancer,D2-0326,train
cmmd,Preprocessed_Dataset/cmmd/cmmd_3127.jpg,Malignant,cancer,D2-0327,train
cmmd,Preprocessed_Dataset/cmmd/cmmd_3128.jpg,Malignant,cancer,D2-0328,train
cmmd,Preprocessed_Dataset/cmmd/cmmd_3129.jpg,Malignant,cancer,D2-0329,train
cmmd,Preprocessed_Dataset/cmmd/cmmd_3130.jpg,Malignant,cancer,D2-0330,train
cmmd,Preprocessed_Dataset/cmmd/cmmd_3131.jpg,Malignant,cancer,D2-0331,train
cmmd,Preprocessed_Dataset/cmmd/cmmd_3132.jpg,Malignant,cancer,D2-0332,val
cmmd,Preprocessed_Dataset/cmmd/cmmd_3133.jpg,Malignant,cancer,D2-0333,train
cmmd,Preprocessed_Dataset/cmmd/cmmd_3134.jpg,Malignant,cancer,D2-0334,train
cmmd,Preprocessed_Dataset/cmmd/cmmd_3135.jpg,Malignant,cancer,D2-0335,train
cmmd,Preprocessed_Dataset/cmmd/cmmd_3136.jpg,Malignant,cancer,D2-0336,train
cmmd,Preprocessed_Dataset/cmmd/cmmd_3137.jpg,Malignant,cancer,D2-0337,test
cmmd,Preprocessed_Dataset/cmmd/cmmd_3138.jpg,Malignant,cancer,D2-0338,val
cmmd,Preprocessed_Dataset/cmmd/cmmd_3139.jpg,Malignant,cancer,D2-0339,train
cmmd,Preprocessed_Dataset/cmmd/cmmd_3140.jpg,Malignant,cancer,D2-0340,train
cmmd,Preprocessed_Dataset/cmmd/cmmd_3141.jpg,Malignant,cancer,D2-0341,train
cmmd,Preprocessed_Dataset/cmmd/cmmd_3142.jpg,Malignant,cancer,D2-0342,train
cmmd,Preprocessed_Dataset/cmmd/cmmd_3143.jpg,Malignant,cancer,D2-0343,val
cmmd,Preprocessed_Dataset/cmmd/cmmd_3144.jpg,Malignant,cancer,D2-0344,train
cmmd,Preprocessed_Dataset/cmmd/cmmd_3145.jpg,Malignant,cancer,D2-0345,train
cmmd,Preprocessed_Dataset/cmmd/cmmd_3146.jpg,Malignant,cancer,D2-0346,train
cmmd,Preprocessed_Dataset/cmmd/cmmd_3147.jpg,Malignant,cancer,D2-0347,train
cmmd,Preprocessed_Dataset/cmmd/cmmd_3148.jpg,Malignant,cancer,D2-0348,test
cmmd,Preprocessed_Dataset/cmmd/cmmd_3149.jpg,Malignant,cancer,D2-0349,train
cmmd,Preprocessed_Dataset/cmmd/cmmd_3150.jpg,Malignant,cancer,D2-0350,train
cmmd,Preprocessed_Dataset/cmmd/cmmd_3151.jpg,Malignant,cancer,D2-0351,train
cmmd,Preprocessed_Dataset/cmmd/cmmd_3152.jpg,Malignant,cancer,D2-0352,train
cmmd,Preprocessed_Dataset/cmmd/cmmd_3153.jpg,Malignant,cancer,D2-0353,train
cmmd,Preprocessed_Dataset/cmmd/cmmd_3154.jpg,Malignant,cancer,D2-0354,val
cmmd,Preprocessed_Dataset/cmmd/cmmd_3155.jpg,Malignant,cancer,D2-0355,train
cmmd,Preprocessed_Dataset/cmmd/cmmd_3156.jpg,Malignant,cancer,D2-0356,train
cmmd,Preprocessed_Dataset/cmmd/cmmd_3157.jpg,Malignant,cancer,D2-0357,train
cmmd,Preprocessed_Dataset/cmmd/cmmd_3158.jpg,Malignant,cancer,D2-0358,train
cmmd,Preprocessed_Dataset/cmmd/cmmd_3159.jpg,Malignant,cancer,D2-0359,train
cmmd,Preprocessed_Dataset/cmmd/cmmd_3160.jpg,Malignant,cancer,D2-0360,train
cmmd,Preprocessed_Dataset/cmmd/cmmd_3161.jpg,Malignant,cancer,D2-0361,test
cmmd,Preprocessed_Dataset/cmmd/cmmd_3162.jpg,Malignant,cancer,D2-0362,train
cmmd,Preprocessed_Dataset/cmmd/cmmd_3163.jpg,Malignant,cancer,D2-0363,train
cmmd,Preprocessed_Dataset/cmmd/cmmd_3164.jpg,Malignant,cancer,D2-0364,train
cmmd,Preprocessed_Dataset/cmmd/cmmd_3165.jpg,Malignant,cancer,D2-0365,train
cmmd,Preprocessed_Dataset/cmmd/cmmd_3166.jpg,Malignant,cancer,D2-0366,train
cmmd,Preprocessed_Dataset/cmmd/cmmd_3167.jpg,Malignant,cancer,D2-0367,train
cmmd,Preprocessed_Dataset/cmmd/cmmd_3168.jpg,Malignant,cancer,D2-0368,val
cmmd,Preprocessed_Dataset/cmmd/cmmd_3169.jpg,Malignant,cancer,D2-0369,val
cmmd,Preprocessed_Dataset/cmmd/cmmd_3170.jpg,Malignant,cancer,D2-0370,test
cmmd,Preprocessed_Dataset/cmmd/cmmd_3171.jpg,Malignant,cancer,D2-0371,train
cmmd,Preprocessed_Dataset/cmmd/cmmd_3172.jpg,Malignant,cancer,D2-0372,train
cmmd,Preprocessed_Dataset/cmmd/cmmd_3173.jpg,Malignant,cancer,D2-0373,train
cmmd,Preprocessed_Dataset/cmmd/cmmd_3174.jpg,Malignant,cancer,D2-0374,train
cmmd,Preprocessed_Dataset/cmmd/cmmd_3175.jpg,Malignant,cancer,D2-0375,train
cmmd,Preprocessed_Dataset/cmmd/cmmd_3176.jpg,Malignant,cancer,D2-0376,test
cmmd,Preprocessed_Dataset/cmmd/cmmd_3177.jpg,Malignant,cancer,D2-0377,train
cmmd,Preprocessed_Dataset/cmmd/cmmd_3178.jpg,Malignant,cancer,D2-0378,train
cmmd,Preprocessed_Dataset/cmmd/cmmd_3179.jpg,Malignant,cancer,D2-0379,train
cmmd,Preprocessed_Dataset/cmmd/cmmd_3180.jpg,Malignant,cancer,D2-0380,train
cmmd,Preprocessed_Dataset/cmmd/cmmd_3181.jpg,Malignant,cancer,D2-0381,train
cmmd,Preprocessed_Dataset/cmmd/cmmd_3182.jpg,Malignant,cancer,D2-0382,train
cmmd,Preprocessed_Dataset/cmmd/cmmd_3183.jpg,Malignant,cancer,D2-0383,train
cmmd,Preprocessed_Dataset/cmmd/cmmd_3184.jpg,Malignant,cancer,D2-0384,train
cmmd,Preprocessed_Dataset/cmmd/cmmd_3185.jpg,Malignant,cancer,D2-0385,train
cmmd,Preprocessed_Dataset/cmmd/cmmd_3186.jpg,Malignant,cancer,D2-0386,train
cmmd,Preprocessed_Dataset/cmmd/cmmd_3187.jpg,Malignant,cancer,D2-0387,train
cmmd,Preprocessed_Dataset/cmmd/cmmd_3188.jpg,Malignant,cancer,D2-0388,train
cmmd,Preprocessed_Dataset/cmmd/cmmd_3189.jpg,Malignant,cancer,D2-0389,train
cmmd,Preprocessed_Dataset/cmmd/cmmd_3190.jpg,Malignant,cancer,D2-0390,test
cmmd,Preprocessed_Dataset/cmmd/cmmd_3191.jpg,Malignant,cancer,D2-0391,train
cmmd,Preprocessed_Dataset/cmmd/cmmd_3192.jpg,Malignant,cancer,D2-0392,val
cmmd,Preprocessed_Dataset/cmmd/cmmd_3193.jpg,Malignant,cancer,D2-0393,train
cmmd,Preprocessed_Dataset/cmmd/cmmd_3194.jpg,Malignant,cancer,D2-0394,train
cmmd,Preprocessed_Dataset/cmmd/cmmd_3195.jpg,Malignant,cancer,D2-0395,val
cmmd,Preprocessed_Dataset/cmmd/cmmd_3196.jpg,Malignant,cancer,D2-0396,test
cmmd,Preprocessed_Dataset/cmmd/cmmd_3197.jpg,Malignant,cancer,D2-0397,val
cmmd,Preprocessed_Dataset/cmmd/cmmd_3198.jpg,Malignant,cancer,D2-0398,test
cmmd,Preprocessed_Dataset/cmmd/cmmd_3199.jpg,Malignant,cancer,D2-0399,test
cmmd,Preprocessed_Dataset/cmmd/cmmd_3200.jpg,Malignant,cancer,D2-0400,test
cmmd,Preprocessed_Dataset/cmmd/cmmd_3201.jpg,Malignant,cancer,D2-0401,test
cmmd,Preprocessed_Dataset/cmmd/cmmd_3202.jpg,Malignant,cancer,D2-0402,val
cmmd,Preprocessed_Dataset/cmmd/cmmd_3203.jpg,Malignant,cancer,D2-0403,train
cmmd,Preprocessed_Dataset/cmmd/cmmd_3204.jpg,Malignant,cancer,D2-0404,train
cmmd,Preprocessed_Dataset/cmmd/cmmd_3205.jpg,Malignant,cancer,D2-0405,train
cmmd,Preprocessed_Dataset/cmmd/cmmd_3206.jpg,Malignant,cancer,D2-0406,train
cmmd,Preprocessed_Dataset/cmmd/cmmd_3207.jpg,Malignant,cancer,D2-0407,train
cmmd,Preprocessed_Dataset/cmmd/cmmd_3208.jpg,Malignant,cancer,D2-0408,train
cmmd,Preprocessed_Dataset/cmmd/cmmd_3209.jpg,Malignant,cancer,D2-0409,train
cmmd,Preprocessed_Dataset/cmmd/cmmd_3210.jpg,Malignant,cancer,D2-0410,train
cmmd,Preprocessed_Dataset/cmmd/cmmd_3211.jpg,Malignant,cancer,D2-0411,train
cmmd,Preprocessed_Dataset/cmmd/cmmd_3212.jpg,Malignant,cancer,D2-0412,test
cmmd,Preprocessed_Dataset/cmmd/cmmd_3213.jpg,Malignant,cancer,D2-0413,val
cmmd,Preprocessed_Dataset/cmmd/cmmd_3214.jpg,Malignant,cancer,D2-0414,train
cmmd,Preprocessed_Dataset/cmmd/cmmd_3215.jpg,Malignant,cancer,D2-0415,train
cmmd,Preprocessed_Dataset/cmmd/cmmd_3216.jpg,Malignant,cancer,D2-0416,test
cmmd,Preprocessed_Dataset/cmmd/cmmd_3217.jpg,Malignant,cancer,D2-0417,train
cmmd,Preprocessed_Dataset/cmmd/cmmd_3218.jpg,Malignant,cancer,D2-0418,train
cmmd,Preprocessed_Dataset/cmmd/cmmd_3219.jpg,Malignant,cancer,D2-0419,train
cmmd,Preprocessed_Dataset/cmmd/cmmd_3220.jpg,Malignant,cancer,D2-0420,train
cmmd,Preprocessed_Dataset/cmmd/cmmd_3221.jpg,Malignant,cancer,D2-0421,test
cmmd,Preprocessed_Dataset/cmmd/cmmd_3222.jpg,Malignant,cancer,D2-0422,test
cmmd,Preprocessed_Dataset/cmmd/cmmd_3223.jpg,Malignant,cancer,D2-0423,train
cmmd,Preprocessed_Dataset/cmmd/cmmd_3224.jpg,Malignant,cancer,D2-0424,train
cmmd,Preprocessed_Dataset/cmmd/cmmd_3225.jpg,Malignant,cancer,D2-0425,train
cmmd,Preprocessed_Dataset/cmmd/cmmd_3226.jpg,Malignant,cancer,D2-0426,test
cmmd,Preprocessed_Dataset/cmmd/cmmd_3227.jpg,Malignant,cancer,D2-0427,train
cmmd,Preprocessed_Dataset/cmmd/cmmd_3228.jpg,Malignant,cancer,D2-0428,train
cmmd,Preprocessed_Dataset/cmmd/cmmd_3229.jpg,Malignant,cancer,D2-0429,train
cmmd,Preprocessed_Dataset/cmmd/cmmd_3230.jpg,Malignant,cancer,D2-0430,train
cmmd,Preprocessed_Dataset/cmmd/cmmd_3231.jpg,Malignant,cancer,D2-0431,train
cmmd,Preprocessed_Dataset/cmmd/cmmd_3232.jpg,Malignant,cancer,D2-0432,train
cmmd,Preprocessed_Dataset/cmmd/cmmd_3233.jpg,Malignant,cancer,D2-0433,test
cmmd,Preprocessed_Dataset/cmmd/cmmd_3234.jpg,Malignant,cancer,D2-0434,train
cmmd,Preprocessed_Dataset/cmmd/cmmd_3235.jpg,Malignant,cancer,D2-0435,train
cmmd,Preprocessed_Dataset/cmmd/cmmd_3236.jpg,Malignant,cancer,D2-0436,val
cmmd,Preprocessed_Dataset/cmmd/cmmd_3237.jpg,Malignant,cancer,D2-0437,train
cmmd,Preprocessed_Dataset/cmmd/cmmd_3238.jpg,Malignant,cancer,D2-0438,train
cmmd,Preprocessed_Dataset/cmmd/cmmd_3239.jpg,Malignant,cancer,D2-0439,train
cmmd,Preprocessed_Dataset/cmmd/cmmd_3240.jpg,Malignant,cancer,D2-0440,train
cmmd,Preprocessed_Dataset/cmmd/cmmd_3241.jpg,Malignant,cancer,D2-0441,train
cmmd,Preprocessed_Dataset/cmmd/cmmd_3242.jpg,Malignant,cancer,D2-0442,train
cmmd,Preprocessed_Dataset/cmmd/cmmd_3243.jpg,Malignant,cancer,D2-0443,train
cmmd,Preprocessed_Dataset/cmmd/cmmd_3244.jpg,Malignant,cancer,D2-0444,train
cmmd,Preprocessed_Dataset/cmmd/cmmd_3245.jpg,Malignant,cancer,D2-0445,train
cmmd,Preprocessed_Dataset/cmmd/cmmd_3246.jpg,Malignant,cancer,D2-0446,train
cmmd,Preprocessed_Dataset/cmmd/cmmd_3247.jpg,Malignant,cancer,D2-0447,train
cmmd,Preprocessed_Dataset/cmmd/cmmd_3248.jpg,Malignant,cancer,D2-0448,train
cmmd,Preprocessed_Dataset/cmmd/cmmd_3249.jpg,Malignant,cancer,D2-0449,train
cmmd,Preprocessed_Dataset/cmmd/cmmd_3250.jpg,Malignant,cancer,D2-0450,val
cmmd,Preprocessed_Dataset/cmmd/cmmd_3251.jpg,Malignant,cancer,D2-0451,train
cmmd,Preprocessed_Dataset/cmmd/cmmd_3252.jpg,Malignant,cancer,D2-0452,train
cmmd,Preprocessed_Dataset/cmmd/cmmd_3253.jpg,Malignant,cancer,D2-0453,test
cmmd,Preprocessed_Dataset/cmmd/cmmd_3254.jpg,Malignant,cancer,D2-0454,train
cmmd,Preprocessed_Dataset/cmmd/cmmd_3255.jpg,Malignant,cancer,D2-0455,val
cmmd,Preprocessed_Dataset/cmmd/cmmd_3256.jpg,Malignant,cancer,D2-0456,train
cmmd,Preprocessed_Dataset/cmmd/cmmd_3257.jpg,Malignant,cancer,D2-0457,val
cmmd,Preprocessed_Dataset/cmmd/cmmd_3258.jpg,Malignant,cancer,D2-0458,test
cmmd,Preprocessed_Dataset/cmmd/cmmd_3259.jpg,Malignant,cancer,D2-0459,test
cmmd,Preprocessed_Dataset/cmmd/cmmd_3260.jpg,Malignant,cancer,D2-0460,test
cmmd,Preprocessed_Dataset/cmmd/cmmd_3261.jpg,Malignant,cancer,D2-0461,val
cmmd,Preprocessed_Dataset/cmmd/cmmd_3262.jpg,Malignant,cancer,D2-0462,val
cmmd,Preprocessed_Dataset/cmmd/cmmd_3263.jpg,Malignant,cancer,D2-0463,train
cmmd,Preprocessed_Dataset/cmmd/cmmd_3264.jpg,Malignant,cancer,D2-0464,train
cmmd,Preprocessed_Dataset/cmmd/cmmd_3265.jpg,Malignant,cancer,D2-0465,train
cmmd,Preprocessed_Dataset/cmmd/cmmd_3266.jpg,Malignant,cancer,D2-0466,val
cmmd,Preprocessed_Dataset/cmmd/cmmd_3267.jpg,Malignant,cancer,D2-0467,train
cmmd,Preprocessed_Dataset/cmmd/cmmd_3268.jpg,Malignant,cancer,D2-0468,test
cmmd,Preprocessed_Dataset/cmmd/cmmd_3269.jpg,Malignant,cancer,D2-0469,val
cmmd,Preprocessed_Dataset/cmmd/cmmd_3270.jpg,Malignant,cancer,D2-0470,train
cmmd,Preprocessed_Dataset/cmmd/cmmd_3271.jpg,Malignant,cancer,D2-0471,test
cmmd,Preprocessed_Dataset/cmmd/cmmd_3272.jpg,Malignant,cancer,D2-0472,train
cmmd,Preprocessed_Dataset/cmmd/cmmd_3273.jpg,Malignant,cancer,D2-0473,train
cmmd,Preprocessed_Dataset/cmmd/cmmd_3274.jpg,Malignant,cancer,D2-0474,train
cmmd,Preprocessed_Dataset/cmmd/cmmd_3275.jpg,Malignant,cancer,D2-0475,train
cmmd,Preprocessed_Dataset/cmmd/cmmd_3276.jpg,Malignant,cancer,D2-0476,train
cmmd,Preprocessed_Dataset/cmmd/cmmd_3277.jpg,Malignant,cancer,D2-0477,train
cmmd,Preprocessed_Dataset/cmmd/cmmd_3278.jpg,Malignant,cancer,D2-0478,train
cmmd,Preprocessed_Dataset/cmmd/cmmd_3279.jpg,Malignant,cancer,D2-0479,val
cmmd,Preprocessed_Dataset/cmmd/cmmd_3280.jpg,Malignant,cancer,D2-0480,train
cmmd,Preprocessed_Dataset/cmmd/cmmd_3281.jpg,Malignant,cancer,D2-0481,train
cmmd,Preprocessed_Dataset/cmmd/cmmd_3282.jpg,Malignant,cancer,D2-0482,train
cmmd,Preprocessed_Dataset/cmmd/cmmd_3283.jpg,Malignant,cancer,D2-0483,train
cmmd,Preprocessed_Dataset/cmmd/cmmd_3284.jpg,Malignant,cancer,D2-0484,train
cmmd,Preprocessed_Dataset/cmmd/cmmd_3285.jpg,Malignant,cancer,D2-0485,test
cmmd,Preprocessed_Dataset/cmmd/cmmd_3286.jpg,Malignant,cancer,D2-0486,val
cmmd,Preprocessed_Dataset/cmmd/cmmd_3287.jpg,Malignant,cancer,D2-0487,train
cmmd,Preprocessed_Dataset/cmmd/cmmd_3288.jpg,Malignant,cancer,D2-0488,test
cmmd,Preprocessed_Dataset/cmmd/cmmd_3289.jpg,Malignant,cancer,D2-0489,train
cmmd,Preprocessed_Dataset/cmmd/cmmd_3290.jpg,Malignant,cancer,D2-0490,train
cmmd,Preprocessed_Dataset/cmmd/cmmd_3291.jpg,Malignant,cancer,D2-0491,train
cmmd,Preprocessed_Dataset/cmmd/cmmd_3292.jpg,Malignant,cancer,D2-0492,val
cmmd,Preprocessed_Dataset/cmmd/cmmd_3293.jpg,Malignant,cancer,D2-0493,train
cmmd,Preprocessed_Dataset/cmmd/cmmd_3294.jpg,Malignant,cancer,D2-0494,train
cmmd,Preprocessed_Dataset/cmmd/cmmd_3295.jpg,Malignant,cancer,D2-0495,train
cmmd,Preprocessed_Dataset/cmmd/cmmd_3296.jpg,Malignant,cancer,D2-0496,train
cmmd,Preprocessed_Dataset/cmmd/cmmd_3297.jpg,Malignant,cancer,D2-0497,test
cmmd,Preprocessed_Dataset/cmmd/cmmd_3298.jpg,Malignant,cancer,D2-0498,train
cmmd,Preprocessed_Dataset/cmmd/cmmd_3299.jpg,Malignant,cancer,D2-0499,train
cmmd,Preprocessed_Dataset/cmmd/cmmd_3300.jpg,Malignant,cancer,D2-0500,val
cmmd,Preprocessed_Dataset/cmmd/cmmd_3301.jpg,Malignant,cancer,D2-0501,val
cmmd,Preprocessed_Dataset/cmmd/cmmd_3302.jpg,Malignant,cancer,D2-0502,train
cmmd,Preprocessed_Dataset/cmmd/cmmd_3303.jpg,Malignant,cancer,D2-0503,train
cmmd,Preprocessed_Dataset/cmmd/cmmd_3304.jpg,Malignant,cancer,D2-0504,train
cmmd,Preprocessed_Dataset/cmmd/cmmd_3305.jpg,Malignant,cancer,D2-0505,val
cmmd,Preprocessed_Dataset/cmmd/cmmd_3306.jpg,Malignant,cancer,D2-0506,train
cmmd,Preprocessed_Dataset/cmmd/cmmd_3307.jpg,Malignant,cancer,D2-0507,train
cmmd,Preprocessed_Dataset/cmmd/cmmd_3308.jpg,Malignant,cancer,D2-0508,train
cmmd,Preprocessed_Dataset/cmmd/cmmd_3309.jpg,Malignant,cancer,D2-0509,train
cmmd,Preprocessed_Dataset/cmmd/cmmd_3310.jpg,Malignant,cancer,D2-0510,train
cmmd,Preprocessed_Dataset/cmmd/cmmd_3311.jpg,Malignant,cancer,D2-0511,train
cmmd,Preprocessed_Dataset/cmmd/cmmd_3312.jpg,Malignant,cancer,D2-0512,val
cmmd,Preprocessed_Dataset/cmmd/cmmd_3313.jpg,Malignant,cancer,D2-0513,train
cmmd,Preprocessed_Dataset/cmmd/cmmd_3314.jpg,Malignant,cancer,D2-0514,train
cmmd,Preprocessed_Dataset/cmmd/cmmd_3315.jpg,Malignant,cancer,D2-0515,val
cmmd,Preprocessed_Dataset/cmmd/cmmd_3316.jpg,Malignant,cancer,D2-0516,train
cmmd,Preprocessed_Dataset/cmmd/cmmd_3317.jpg,Malignant,cancer,D2-0517,val
cmmd,Preprocessed_Dataset/cmmd/cmmd_3318.jpg,Malignant,cancer,D2-0518,train
cmmd,Preprocessed_Dataset/cmmd/cmmd_3319.jpg,Malignant,cancer,D2-0519,train
cmmd,Preprocessed_Dataset/cmmd/cmmd_3320.jpg,Malignant,cancer,D2-0520,train
cmmd,Preprocessed_Dataset/cmmd/cmmd_3321.jpg,Malignant,cancer,D2-0521,train
cmmd,Preprocessed_Dataset/cmmd/cmmd_3322.jpg,Malignant,cancer,D2-0522,train
cmmd,Preprocessed_Dataset/cmmd/cmmd_3323.jpg,Malignant,cancer,D2-0523,test
cmmd,Preprocessed_Dataset/cmmd/cmmd_3324.jpg,Malignant,cancer,D2-0524,train
cmmd,Preprocessed_Dataset/cmmd/cmmd_3325.jpg,Malignant,cancer,D2-0525,test
cmmd,Preprocessed_Dataset/cmmd/cmmd_3326.jpg,Malignant,cancer,D2-0526,train
cmmd,Preprocessed_Dataset/cmmd/cmmd_3327.jpg,Malignant,cancer,D2-0527,test
cmmd,Preprocessed_Dataset/cmmd/cmmd_3328.jpg,Malignant,cancer,D2-0528,val
cmmd,Preprocessed_Dataset/cmmd/cmmd_3329.jpg,Malignant,cancer,D2-0529,train
cmmd,Preprocessed_Dataset/cmmd/cmmd_3330.jpg,Malignant,cancer,D2-0530,train
cmmd,Preprocessed_Dataset/cmmd/cmmd_3331.jpg,Malignant,cancer,D2-0531,val
cmmd,Preprocessed_Dataset/cmmd/cmmd_3332.jpg,Malignant,cancer,D2-0532,train
cmmd,Preprocessed_Dataset/cmmd/cmmd_3333.jpg,Malignant,cancer,D2-0533,train
cmmd,Preprocessed_Dataset/cmmd/cmmd_3334.jpg,Malignant,cancer,D2-0534,train
cmmd,Preprocessed_Dataset/cmmd/cmmd_3335.jpg,Malignant,cancer,D2-0535,test
cmmd,Preprocessed_Dataset/cmmd/cmmd_3336.jpg,Malignant,cancer,D2-0536,test
cmmd,Preprocessed_Dataset/cmmd/cmmd_3337.jpg,Malignant,cancer,D2-0537,train
cmmd,Preprocessed_Dataset/cmmd/cmmd_3338.jpg,Malignant,cancer,D2-0538,train
cmmd,Preprocessed_Dataset/cmmd/cmmd_3339.jpg,Malignant,cancer,D2-0539,test
cmmd,Preprocessed_Dataset/cmmd/cmmd_3340.jpg,Malignant,cancer,D2-0540,val
cmmd,Preprocessed_Dataset/cmmd/cmmd_3341.jpg,Malignant,cancer,D2-0541,train
cmmd,Preprocessed_Dataset/cmmd/cmmd_3342.jpg,Malignant,cancer,D2-0542,train
cmmd,Preprocessed_Dataset/cmmd/cmmd_3343.jpg,Malignant,cancer,D2-0543,train
cmmd,Preprocessed_Dataset/cmmd/cmmd_3344.jpg,Malignant,cancer,D2-0544,train
cmmd,Preprocessed_Dataset/cmmd/cmmd_3345.jpg,Malignant,cancer,D2-0545,val
cmmd,Preprocessed_Dataset/cmmd/cmmd_3346.jpg,Malignant,cancer,D2-0546,test
cmmd,Preprocessed_Dataset/cmmd/cmmd_3347.jpg,Malignant,cancer,D2-0547,train
cmmd,Preprocessed_Dataset/cmmd/cmmd_3348.jpg,Malignant,cancer,D2-0548,train
cmmd,Preprocessed_Dataset/cmmd/cmmd_3349.jpg,Malignant,cancer,D2-0549,train
cmmd,Preprocessed_Dataset/cmmd/cmmd_3350.jpg,Malignant,cancer,D2-0550,val
cmmd,Preprocessed_Dataset/cmmd/cmmd_3351.jpg,Malignant,cancer,D2-0551,test
cmmd,Preprocessed_Dataset/cmmd/cmmd_3352.jpg,Malignant,cancer,D2-0552,train
cmmd,Preprocessed_Dataset/cmmd/cmmd_3353.jpg,Malignant,cancer,D2-0553,val
cmmd,Preprocessed_Dataset/cmmd/cmmd_3354.jpg,Malignant,cancer,D2-0554,train
cmmd,Preprocessed_Dataset/cmmd/cmmd_3355.jpg,Malignant,cancer,D2-0555,val
cmmd,Preprocessed_Dataset/cmmd/cmmd_3356.jpg,Malignant,cancer,D2-0556,train
cmmd,Preprocessed_Dataset/cmmd/cmmd_3357.jpg,Malignant,cancer,D2-0557,train
cmmd,Preprocessed_Dataset/cmmd/cmmd_3358.jpg,Malignant,cancer,D2-0558,train
cmmd,Preprocessed_Dataset/cmmd/cmmd_3359.jpg,Malignant,cancer,D2-0559,train
cmmd,Preprocessed_Dataset/cmmd/cmmd_3360.jpg,Malignant,cancer,D2-0560,val
cmmd,Preprocessed_Dataset/cmmd/cmmd_3361.jpg,Malignant,cancer,D2-0561,train
cmmd,Preprocessed_Dataset/cmmd/cmmd_3362.jpg,Malignant,cancer,D2-0562,train
cmmd,Preprocessed_Dataset/cmmd/cmmd_3363.jpg,Malignant,cancer,D2-0563,train
cmmd,Preprocessed_Dataset/cmmd/cmmd_3364.jpg,Malignant,cancer,D2-0564,val
cmmd,Preprocessed_Dataset/cmmd/cmmd_3365.jpg,Malignant,cancer,D2-0565,train
cmmd,Preprocessed_Dataset/cmmd/cmmd_3366.jpg,Malignant,cancer,D2-0566,test
cmmd,Preprocessed_Dataset/cmmd/cmmd_3367.jpg,Malignant,cancer,D2-0567,test
cmmd,Preprocessed_Dataset/cmmd/cmmd_3368.jpg,Malignant,cancer,D2-0568,train
cmmd,Preprocessed_Dataset/cmmd/cmmd_3369.jpg,Malignant,cancer,D2-0569,train
cmmd,Preprocessed_Dataset/cmmd/cmmd_3370.jpg,Malignant,cancer,D2-0570,val
cmmd,Preprocessed_Dataset/cmmd/cmmd_3371.jpg,Malignant,cancer,D2-0571,test
cmmd,Preprocessed_Dataset/cmmd/cmmd_3372.jpg,Malignant,cancer,D2-0572,train
cmmd,Preprocessed_Dataset/cmmd/cmmd_3373.jpg,Malignant,cancer,D2-0573,train
cmmd,Preprocessed_Dataset/cmmd/cmmd_3374.jpg,Malignant,cancer,D2-0574,test
cmmd,Preprocessed_Dataset/cmmd/cmmd_3375.jpg,Malignant,cancer,D2-0575,train
cmmd,Preprocessed_Dataset/cmmd/cmmd_3376.jpg,Malignant,cancer,D2-0576,train
cmmd,Preprocessed_Dataset/cmmd/cmmd_3377.jpg,Malignant,cancer,D2-0577,val
cmmd,Preprocessed_Dataset/cmmd/cmmd_3378.jpg,Malignant,cancer,D2-0578,train
cmmd,Preprocessed_Dataset/cmmd/cmmd_3379.jpg,Malignant,cancer,D2-0579,train
cmmd,Preprocessed_Dataset/cmmd/cmmd_3380.jpg,Malignant,cancer,D2-0580,train
cmmd,Preprocessed_Dataset/cmmd/cmmd_3381.jpg,Malignant,cancer,D2-0581,train
cmmd,Preprocessed_Dataset/cmmd/cmmd_3382.jpg,Malignant,cancer,D2-0582,train
cmmd,Preprocessed_Dataset/cmmd/cmmd_3383.jpg,Malignant,cancer,D2-0583,train
cmmd,Preprocessed_Dataset/cmmd/cmmd_3384.jpg,Malignant,cancer,D2-0584,train
cmmd,Preprocessed_Dataset/cmmd/cmmd_3385.jpg,Malignant,cancer,D2-0585,val
cmmd,Preprocessed_Dataset/cmmd/cmmd_3386.jpg,Malignant,cancer,D2-0586,train
cmmd,Preprocessed_Dataset/cmmd/cmmd_3387.jpg,Malignant,cancer,D2-0587,train
cmmd,Preprocessed_Dataset/cmmd/cmmd_3388.jpg,Malignant,cancer,D2-0588,train
cmmd,Preprocessed_Dataset/cmmd/cmmd_3389.jpg,Malignant,cancer,D2-0589,train
cmmd,Preprocessed_Dataset/cmmd/cmmd_3390.jpg,Malignant,cancer,D2-0590,train
cmmd,Preprocessed_Dataset/cmmd/cmmd_3391.jpg,Malignant,cancer,D2-0591,train
cmmd,Preprocessed_Dataset/cmmd/cmmd_3392.jpg,Malignant,cancer,D2-0592,train
cmmd,Preprocessed_Dataset/cmmd/cmmd_3393.jpg,Malignant,cancer,D2-0593,val
cmmd,Preprocessed_Dataset/cmmd/cmmd_3394.jpg,Malignant,cancer,D2-0594,train
cmmd,Preprocessed_Dataset/cmmd/cmmd_3395.jpg,Malignant,cancer,D2-0595,val
cmmd,Preprocessed_Dataset/cmmd/cmmd_3396.jpg,Malignant,cancer,D2-0596,train
cmmd,Preprocessed_Dataset/cmmd/cmmd_3397.jpg,Malignant,cancer,D2-0597,train
cmmd,Preprocessed_Dataset/cmmd/cmmd_3398.jpg,Malignant,cancer,D2-0598,train
cmmd,Preprocessed_Dataset/cmmd/cmmd_3399.jpg,Malignant,cancer,D2-0599,train
cmmd,Preprocessed_Dataset/cmmd/cmmd_3400.jpg,Malignant,cancer,D2-0600,val
cmmd,Preprocessed_Dataset/cmmd/cmmd_3401.jpg,Malignant,cancer,D2-0601,train
cmmd,Preprocessed_Dataset/cmmd/cmmd_3402.jpg,Malignant,cancer,D2-0602,test
cmmd,Preprocessed_Dataset/cmmd/cmmd_3403.jpg,Malignant,cancer,D2-0603,val
cmmd,Preprocessed_Dataset/cmmd/cmmd_3404.jpg,Malignant,cancer,D2-0604,train
cmmd,Preprocessed_Dataset/cmmd/cmmd_3405.jpg,Malignant,cancer,D2-0605,train
cmmd,Preprocessed_Dataset/cmmd/cmmd_3406.jpg,Malignant,cancer,D2-0606,test
cmmd,Preprocessed_Dataset/cmmd/cmmd_3407.jpg,Malignant,cancer,D2-0607,train
cmmd,Preprocessed_Dataset/cmmd/cmmd_3408.jpg,Malignant,cancer,D2-0608,test
cmmd,Preprocessed_Dataset/cmmd/cmmd_3409.jpg,Malignant,cancer,D2-0609,train
cmmd,Preprocessed_Dataset/cmmd/cmmd_3410.jpg,Malignant,cancer,D2-0610,train
cmmd,Preprocessed_Dataset/cmmd/cmmd_3411.jpg,Malignant,cancer,D2-0611,test
cmmd,Preprocessed_Dataset/cmmd/cmmd_3412.jpg,Malignant,cancer,D2-0612,train
cmmd,Preprocessed_Dataset/cmmd/cmmd_3413.jpg,Malignant,cancer,D2-0613,train
cmmd,Preprocessed_Dataset/cmmd/cmmd_3414.jpg,Malignant,cancer,D2-0614,train
cmmd,Preprocessed_Dataset/cmmd/cmmd_3415.jpg,Malignant,cancer,D2-0615,train
cmmd,Preprocessed_Dataset/cmmd/cmmd_3416.jpg,Malignant,cancer,D2-0616,train
cmmd,Preprocessed_Dataset/cmmd/cmmd_3417.jpg,Malignant,cancer,D2-0617,test
cmmd,Preprocessed_Dataset/cmmd/cmmd_3418.jpg,Malignant,cancer,D2-0618,train
cmmd,Preprocessed_Dataset/cmmd/cmmd_3419.jpg,Malignant,cancer,D2-0619,test
cmmd,Preprocessed_Dataset/cmmd/cmmd_3420.jpg,Malignant,cancer,D2-0620,train
cmmd,Preprocessed_Dataset/cmmd/cmmd_3421.jpg,Malignant,cancer,D2-0621,val
cmmd,Preprocessed_Dataset/cmmd/cmmd_3422.jpg,Malignant,cancer,D2-0622,train
cmmd,Preprocessed_Dataset/cmmd/cmmd_3423.jpg,Malignant,cancer,D2-0623,train
cmmd,Preprocessed_Dataset/cmmd/cmmd_3424.jpg,Malignant,cancer,D2-0624,train
cmmd,Preprocessed_Dataset/cmmd/cmmd_3425.jpg,Malignant,cancer,D2-0625,val
cmmd,Preprocessed_Dataset/cmmd/cmmd_3426.jpg,Malignant,cancer,D2-0626,train
cmmd,Preprocessed_Dataset/cmmd/cmmd_3427.jpg,Malignant,cancer,D2-0627,train
cmmd,Preprocessed_Dataset/cmmd/cmmd_3428.jpg,Malignant,cancer,D2-0628,test
cmmd,Preprocessed_Dataset/cmmd/cmmd_3429.jpg,Malignant,cancer,D2-0629,test
cmmd,Preprocessed_Dataset/cmmd/cmmd_3430.jpg,Malignant,cancer,D2-0630,train
cmmd,Preprocessed_Dataset/cmmd/cmmd_3431.jpg,Malignant,cancer,D2-0631,train
cmmd,Preprocessed_Dataset/cmmd/cmmd_3432.jpg,Malignant,cancer,D2-0632,train
cmmd,Preprocessed_Dataset/cmmd/cmmd_3433.jpg,Malignant,cancer,D2-0633,test
cmmd,Preprocessed_Dataset/cmmd/cmmd_3434.jpg,Malignant,cancer,D2-0634,train
cmmd,Preprocessed_Dataset/cmmd/cmmd_3435.jpg,Malignant,cancer,D2-0635,train
cmmd,Preprocessed_Dataset/cmmd/cmmd_3436.jpg,Malignant,cancer,D2-0636,test
cmmd,Preprocessed_Dataset/cmmd/cmmd_3437.jpg,Malignant,cancer,D2-0637,val
cmmd,Preprocessed_Dataset/cmmd/cmmd_3438.jpg,Malignant,cancer,D2-0638,train
cmmd,Preprocessed_Dataset/cmmd/cmmd_3439.jpg,Malignant,cancer,D2-0639,train
cmmd,Preprocessed_Dataset/cmmd/cmmd_3440.jpg,Malignant,cancer,D2-0640,test
cmmd,Preprocessed_Dataset/cmmd/cmmd_3441.jpg,Malignant,cancer,D2-0641,train
cmmd,Preprocessed_Dataset/cmmd/cmmd_3442.jpg,Malignant,cancer,D2-0642,test
cmmd,Preprocessed_Dataset/cmmd/cmmd_3443.jpg,Malignant,cancer,D2-0643,train
cmmd,Preprocessed_Dataset/cmmd/cmmd_3444.jpg,Malignant,cancer,D2-0644,train
cmmd,Preprocessed_Dataset/cmmd/cmmd_3445.jpg,Malignant,cancer,D2-0645,train
cmmd,Preprocessed_Dataset/cmmd/cmmd_3446.jpg,Malignant,cancer,D2-0646,train
cmmd,Preprocessed_Dataset/cmmd/cmmd_3447.jpg,Malignant,cancer,D2-0647,val
cmmd,Preprocessed_Dataset/cmmd/cmmd_3448.jpg,Malignant,cancer,D2-0648,train
cmmd,Preprocessed_Dataset/cmmd/cmmd_3449.jpg,Malignant,cancer,D2-0649,train
cmmd,Preprocessed_Dataset/cmmd/cmmd_3450.jpg,Malignant,cancer,D2-0650,val
cmmd,Preprocessed_Dataset/cmmd/cmmd_3451.jpg,Malignant,cancer,D2-0651,train
cmmd,Preprocessed_Dataset/cmmd/cmmd_3452.jpg,Malignant,cancer,D2-0652,train
cmmd,Preprocessed_Dataset/cmmd/cmmd_3453.jpg,Malignant,cancer,D2-0653,train
cmmd,Preprocessed_Dataset/cmmd/cmmd_3454.jpg,Malignant,cancer,D2-0654,train
cmmd,Preprocessed_Dataset/cmmd/cmmd_3455.jpg,Malignant,cancer,D2-0655,train
cmmd,Preprocessed_Dataset/cmmd/cmmd_3456.jpg,Malignant,cancer,D2-0656,test
cmmd,Preprocessed_Dataset/cmmd/cmmd_3457.jpg,Malignant,cancer,D2-0657,train
cmmd,Preprocessed_Dataset/cmmd/cmmd_3458.jpg,Malignant,cancer,D2-0658,train
cmmd,Preprocessed_Dataset/cmmd/cmmd_3459.jpg,Malignant,cancer,D2-0659,val
cmmd,Preprocessed_Dataset/cmmd/cmmd_3460.jpg,Malignant,cancer,D2-0660,train
cmmd,Preprocessed_Dataset/cmmd/cmmd_3461.jpg,Malignant,cancer,D2-0661,train
cmmd,Preprocessed_Dataset/cmmd/cmmd_3462.jpg,Malignant,cancer,D2-0662,train
cmmd,Preprocessed_Dataset/cmmd/cmmd_3463.jpg,Malignant,cancer,D2-0663,test
cmmd,Preprocessed_Dataset/cmmd/cmmd_3464.jpg,Malignant,cancer,D2-0664,train
cmmd,Preprocessed_Dataset/cmmd/cmmd_3465.jpg,Malignant,cancer,D2-0665,train
cmmd,Preprocessed_Dataset/cmmd/cmmd_3466.jpg,Malignant,cancer,D2-0666,train
cmmd,Preprocessed_Dataset/cmmd/cmmd_3467.jpg,Malignant,cancer,D2-0667,train
cmmd,Preprocessed_Dataset/cmmd/cmmd_3468.jpg,Malignant,cancer,D2-0668,test
cmmd,Preprocessed_Dataset/cmmd/cmmd_3469.jpg,Malignant,cancer,D2-0669,train
cmmd,Preprocessed_Dataset/cmmd/cmmd_3470.jpg,Malignant,cancer,D2-0670,train
cmmd,Preprocessed_Dataset/cmmd/cmmd_3471.jpg,Malignant,cancer,D2-0671,test
cmmd,Preprocessed_Dataset/cmmd/cmmd_3472.jpg,Malignant,cancer,D2-0672,val
cmmd,Preprocessed_Dataset/cmmd/cmmd_3473.jpg,Malignant,cancer,D2-0673,val
cmmd,Preprocessed_Dataset/cmmd/cmmd_3474.jpg,Malignant,cancer,D2-0674,train
cmmd,Preprocessed_Dataset/cmmd/cmmd_3475.jpg,Malignant,cancer,D2-0675,train
cmmd,Preprocessed_Dataset/cmmd/cmmd_3476.jpg,Malignant,cancer,D2-0676,test
cmmd,Preprocessed_Dataset/cmmd/cmmd_3477.jpg,Malignant,cancer,D2-0677,train
cmmd,Preprocessed_Dataset/cmmd/cmmd_3478.jpg,Malignant,cancer,D2-0678,val
cmmd,Preprocessed_Dataset/cmmd/cmmd_3479.jpg,Malignant,cancer,D2-0679,test
cmmd,Preprocessed_Dataset/cmmd/cmmd_3480.jpg,Malignant,cancer,D2-0680,train
cmmd,Preprocessed_Dataset/cmmd/cmmd_3481.jpg,Malignant,cancer,D2-0681,train
cmmd,Preprocessed_Dataset/cmmd/cmmd_3482.jpg,Malignant,cancer,D2-0682,train
cmmd,Preprocessed_Dataset/cmmd/cmmd_3483.jpg,Malignant,cancer,D2-0683,val
cmmd,Preprocessed_Dataset/cmmd/cmmd_3484.jpg,Malignant,cancer,D2-0684,train
cmmd,Preprocessed_Dataset/cmmd/cmmd_3485.jpg,Malignant,cancer,D2-0685,train
cmmd,Preprocessed_Dataset/cmmd/cmmd_3486.jpg,Malignant,cancer,D2-0686,val
cmmd,Preprocessed_Dataset/cmmd/cmmd_3487.jpg,Malignant,cancer,D2-0687,test
cmmd,Preprocessed_Dataset/cmmd/cmmd_3488.jpg,Malignant,cancer,D2-0688,train
cmmd,Preprocessed_Dataset/cmmd/cmmd_3489.jpg,Malignant,cancer,D2-0689,train
cmmd,Preprocessed_Dataset/cmmd/cmmd_3490.jpg,Malignant,cancer,D2-0690,val
cmmd,Preprocessed_Dataset/cmmd/cmmd_3491.jpg,Malignant,cancer,D2-0691,train
cmmd,Preprocessed_Dataset/cmmd/cmmd_3492.jpg,Malignant,cancer,D2-0692,train
cmmd,Preprocessed_Dataset/cmmd/cmmd_3493.jpg,Malignant,cancer,D2-0693,val
cmmd,Preprocessed_Dataset/cmmd/cmmd_3494.jpg,Malignant,cancer,D2-0694,train
cmmd,Preprocessed_Dataset/cmmd/cmmd_3495.jpg,Malignant,cancer,D2-0695,train
cmmd,Preprocessed_Dataset/cmmd/cmmd_3496.jpg,Malignant,cancer,D2-0696,val
cmmd,Preprocessed_Dataset/cmmd/cmmd_3497.jpg,Malignant,cancer,D2-0697,train
cmmd,Preprocessed_Dataset/cmmd/cmmd_3498.jpg,Malignant,cancer,D2-0698,train
cmmd,Preprocessed_Dataset/cmmd/cmmd_3499.jpg,Malignant,cancer,D2-0699,train
cmmd,Preprocessed_Dataset/cmmd/cmmd_3500.jpg,Malignant,cancer,D2-0700,train
cmmd,Preprocessed_Dataset/cmmd/cmmd_3501.jpg,Benign,non-cancer,D2-0701,test
cmmd,Preprocessed_Dataset/cmmd/cmmd_3502.jpg,Malignant,cancer,D2-0702,train
cmmd,Preprocessed_Dataset/cmmd/cmmd_3503.jpg,Malignant,cancer,D2-0703,train
cmmd,Preprocessed_Dataset/cmmd/cmmd_3504.jpg,Malignant,cancer,D2-0704,test
cmmd,Preprocessed_Dataset/cmmd/cmmd_3505.jpg,Malignant,cancer,D2-0705,train
cmmd,Preprocessed_Dataset/cmmd/cmmd_3506.jpg,Malignant,cancer,D2-0706,train
cmmd,Preprocessed_Dataset/cmmd/cmmd_3507.jpg,Malignant,cancer,D2-0707,train
cmmd,Preprocessed_Dataset/cmmd/cmmd_3508.jpg,Malignant,cancer,D2-0708,train
cmmd,Preprocessed_Dataset/cmmd/cmmd_3509.jpg,Malignant,cancer,D2-0709,test
cmmd,Preprocessed_Dataset/cmmd/cmmd_3510.jpg,Malignant,cancer,D2-0710,train
cmmd,Preprocessed_Dataset/cmmd/cmmd_3511.jpg,Malignant,cancer,D2-0711,train
cmmd,Preprocessed_Dataset/cmmd/cmmd_3512.jpg,Malignant,cancer,D2-0712,train
cmmd,Preprocessed_Dataset/cmmd/cmmd_3513.jpg,Malignant,cancer,D2-0713,test
cmmd,Preprocessed_Dataset/cmmd/cmmd_3514.jpg,Malignant,cancer,D2-0714,train
cmmd,Preprocessed_Dataset/cmmd/cmmd_3515.jpg,Malignant,cancer,D2-0715,train
cmmd,Preprocessed_Dataset/cmmd/cmmd_3516.jpg,Malignant,cancer,D2-0716,val
cmmd,Preprocessed_Dataset/cmmd/cmmd_3517.jpg,Malignant,cancer,D2-0717,val
cmmd,Preprocessed_Dataset/cmmd/cmmd_3518.jpg,Malignant,cancer,D2-0718,train
cmmd,Preprocessed_Dataset/cmmd/cmmd_3519.jpg,Malignant,cancer,D2-0719,test
cmmd,Preprocessed_Dataset/cmmd/cmmd_3520.jpg,Malignant,cancer,D2-0720,train
cmmd,Preprocessed_Dataset/cmmd/cmmd_3521.jpg,Malignant,cancer,D2-0721,train
cmmd,Preprocessed_Dataset/cmmd/cmmd_3522.jpg,Malignant,cancer,D2-0722,train
cmmd,Preprocessed_Dataset/cmmd/cmmd_3523.jpg,Malignant,cancer,D2-0723,train
cmmd,Preprocessed_Dataset/cmmd/cmmd_3524.jpg,Malignant,cancer,D2-0724,train
cmmd,Preprocessed_Dataset/cmmd/cmmd_3525.jpg,Malignant,cancer,D2-0725,val
cmmd,Preprocessed_Dataset/cmmd/cmmd_3526.jpg,Malignant,cancer,D2-0726,train
cmmd,Preprocessed_Dataset/cmmd/cmmd_3527.jpg,Malignant,cancer,D2-0727,val
cmmd,Preprocessed_Dataset/cmmd/cmmd_3528.jpg,Malignant,cancer,D2-0728,val
cmmd,Preprocessed_Dataset/cmmd/cmmd_3529.jpg,Malignant,cancer,D2-0729,train
cmmd,Preprocessed_Dataset/cmmd/cmmd_3530.jpg,Malignant,cancer,D2-0730,test
cmmd,Preprocessed_Dataset/cmmd/cmmd_3531.jpg,Malignant,cancer,D2-0731,test
cmmd,Preprocessed_Dataset/cmmd/cmmd_3532.jpg,Malignant,cancer,D2-0732,val
cmmd,Preprocessed_Dataset/cmmd/cmmd_3533.jpg,Malignant,cancer,D2-0733,train
cmmd,Preprocessed_Dataset/cmmd/cmmd_3534.jpg,Malignant,cancer,D2-0734,train
cmmd,Preprocessed_Dataset/cmmd/cmmd_3535.jpg,Malignant,cancer,D2-0735,train
cmmd,Preprocessed_Dataset/cmmd/cmmd_3536.jpg,Malignant,cancer,D2-0736,val
cmmd,Preprocessed_Dataset/cmmd/cmmd_3537.jpg,Malignant,cancer,D2-0737,test
cmmd,Preprocessed_Dataset/cmmd/cmmd_3538.jpg,Malignant,cancer,D2-0738,train
cmmd,Preprocessed_Dataset/cmmd/cmmd_3539.jpg,Malignant,cancer,D2-0739,train
cmmd,Preprocessed_Dataset/cmmd/cmmd_3540.jpg,Malignant,cancer,D2-0740,train
cmmd,Preprocessed_Dataset/cmmd/cmmd_3541.jpg,Malignant,cancer,D2-0741,train
cmmd,Preprocessed_Dataset/cmmd/cmmd_3542.jpg,Malignant,cancer,D2-0742,train
cmmd,Preprocessed_Dataset/cmmd/cmmd_3543.jpg,Malignant,cancer,D2-0743,train
cmmd,Preprocessed_Dataset/cmmd/cmmd_3544.jpg,Malignant,cancer,D2-0744,train
cmmd,Preprocessed_Dataset/cmmd/cmmd_3545.jpg,Malignant,cancer,D2-0745,train
cmmd,Preprocessed_Dataset/cmmd/cmmd_3546.jpg,Malignant,cancer,D2-0746,test
cmmd,Preprocessed_Dataset/cmmd/cmmd_3547.jpg,Malignant,cancer,D2-0747,train
cmmd,Preprocessed_Dataset/cmmd/cmmd_3548.jpg,Malignant,cancer,D2-0748,train
cmmd,Preprocessed_Dataset/cmmd/cmmd_3549.jpg,Malignant,cancer,D2-0749,train
cmmd,Preprocessed_Dataset/cmmd/cmmd_3550.jpg,Benign,non-cancer,D1.5-0021,train
cmmd,Preprocessed_Dataset/cmmd/cmmd_3551.jpg,Benign,non-cancer,D1.5-0032,train
cmmd,Preprocessed_Dataset/cmmd/cmmd_3552.jpg,Benign,non-cancer,D1.5-0034,train
cmmd,Preprocessed_Dataset/cmmd/cmmd_3553.jpg,Benign,non-cancer,D1.5-0035,train
cmmd,Preprocessed_Dataset/cmmd/cmmd_3554.jpg,Benign,non-cancer,D1.5-0039,val
cmmd,Preprocessed_Dataset/cmmd/cmmd_3555.jpg,Benign,non-cancer,D1.5-0087,val
cmmd,Preprocessed_Dataset/cmmd/cmmd_3556.jpg,Malignant,cancer,D1.5-0089,train
cmmd,Preprocessed_Dataset/cmmd/cmmd_3557.jpg,Benign,non-cancer,D1.5-0121,train
cmmd,Preprocessed_Dataset/cmmd/cmmd_3558.jpg,Malignant,cancer,D1.5-0173,train
cmmd,Preprocessed_Dataset/cmmd/cmmd_3559.jpg,Malignant,cancer,D1.5-0202,train
cmmd,Preprocessed_Dataset/cmmd/cmmd_3560.jpg,Benign,non-cancer,D1.5-0203,train
cmmd,Preprocessed_Dataset/cmmd/cmmd_3561.jpg,Malignant,cancer,D1.5-0207,val
cmmd,Preprocessed_Dataset/cmmd/cmmd_3562.jpg,Benign,non-cancer,D1.5-0213,test
cmmd,Preprocessed_Dataset/cmmd/cmmd_3563.jpg,Benign,non-cancer,D1.5-0221,train
cmmd,Preprocessed_Dataset/cmmd/cmmd_3564.jpg,Malignant,cancer,D1.5-0223,train
cmmd,Preprocessed_Dataset/cmmd/cmmd_3565.jpg,Benign,non-cancer,D1.5-0245,train
cmmd,Preprocessed_Dataset/cmmd/cmmd_3566.jpg,Benign,non-cancer,D1.5-0246,val
cmmd,Preprocessed_Dataset/cmmd/cmmd_3567.jpg,Benign,non-cancer,D1.5-0250,test
cmmd,Preprocessed_Dataset/cmmd/cmmd_3568.jpg,Benign,non-cancer,D1.5-0254,train
cmmd,Preprocessed_Dataset/cmmd/cmmd_3569.jpg,Benign,non-cancer,D1.5-0257,train
cmmd,Preprocessed_Dataset/cmmd/cmmd_3570.jpg,Benign,non-cancer,D1.5-0263,train
cmmd,Preprocessed_Dataset/cmmd/cmmd_3571.jpg,Benign,non-cancer,D1.5-0273,train
cmmd,Preprocessed_Dataset/cmmd/cmmd_3572.jpg,Benign,non-cancer,D1.5-0274,test
cmmd,Preprocessed_Dataset/cmmd/cmmd_3573.jpg,Benign,non-cancer,D1.5-0275,train
cmmd,Preprocessed_Dataset/cmmd/cmmd_3574.jpg,Benign,non-cancer,D1.5-0279,train
cmmd,Preprocessed_Dataset/cmmd/cmmd_3575.jpg,Benign,non-cancer,D1.5-0281,val
cmmd,Preprocessed_Dataset/cmmd/cmmd_3576.jpg,Benign,non-cancer,D1.5-0295,train
cmmd,Preprocessed_Dataset/cmmd/cmmd_3577.jpg,Benign,non-cancer,D1.5-0300,train
cmmd,Preprocessed_Dataset/cmmd/cmmd_3578.jpg,Malignant,cancer,D1.5-0310,train
cmmd,Preprocessed_Dataset/cmmd/cmmd_3579.jpg,Malignant,cancer,D1.5-0335,val
cmmd,Preprocessed_Dataset/cmmd/cmmd_3580.jpg,Malignant,cancer,D1.5-0373,train
cmmd,Preprocessed_Dataset/cmmd/cmmd_3581.jpg,Malignant,cancer,D1.5-0609,train
cmmd,Preprocessed_Dataset/cmmd/cmmd_3582.jpg,Malignant,cancer,D1.5-0666,test
cmmd,Preprocessed_Dataset/cmmd/cmmd_3583.jpg,Benign,non-cancer,D1.5-0681,val
cmmd,Preprocessed_Dataset/cmmd/cmmd_3584.jpg,Benign,non-cancer,D1.5-0687,val
cmmd,Preprocessed_Dataset/cmmd/cmmd_3585.jpg,Benign,non-cancer,D1.5-0708,train
cmmd,Preprocessed_Dataset/cmmd/cmmd_3586.jpg,Benign,non-cancer,D1.5-0742,train
cmmd,Preprocessed_Dataset/cmmd/cmmd_3587.jpg,Benign,non-cancer,D1.5-0750,val
cmmd,Preprocessed_Dataset/cmmd/cmmd_3588.jpg,Benign,non-cancer,D1.5-0759,train
cmmd,Preprocessed_Dataset/cmmd/cmmd_3589.jpg,Benign,non-cancer,D1.5-0764,test
cmmd,Preprocessed_Dataset/cmmd/cmmd_3590.jpg,Benign,non-cancer,D1.5-0767,train
cmmd,Preprocessed_Dataset/cmmd/cmmd_3591.jpg,Benign,non-cancer,D1.5-0770,train
cmmd,Preprocessed_Dataset/cmmd/cmmd_3592.jpg,Benign,non-cancer,D1.5-0774,train
cmmd,Preprocessed_Dataset/cmmd/cmmd_3593.jpg,Benign,non-cancer,D1.5-0786,test
cmmd,Preprocessed_Dataset/cmmd/cmmd_3594.jpg,Benign,non-cancer,D1.5-0788,train
cmmd,Preprocessed_Dataset/cmmd/cmmd_3595.jpg,Benign,non-cancer,D1.5-0801,train
cmmd,Preprocessed_Dataset/cmmd/cmmd_3596.jpg,Benign,non-cancer,D1.5-0802,train
cmmd,Preprocessed_Dataset/cmmd/cmmd_3597.jpg,Benign,non-cancer,D1.5-0816,train
cmmd,Preprocessed_Dataset/cmmd/cmmd_3598.jpg,Benign,non-cancer,D1.5-0820,test
cmmd,Preprocessed_Dataset/cmmd/cmmd_3599.jpg,Benign,non-cancer,D1.5-0828,test
cmmd,Preprocessed_Dataset/cmmd/cmmd_3600.jpg,Benign,non-cancer,D1.5-0830,train
cmmd,Preprocessed_Dataset/cmmd/cmmd_3601.jpg,Benign,non-cancer,D1.5-0845,train
cmmd,Preprocessed_Dataset/cmmd/cmmd_3602.jpg,Benign,non-cancer,D1.5-0853,val
cmmd,Preprocessed_Dataset/cmmd/cmmd_3603.jpg,Benign,non-cancer,D1.5-0862,test
cmmd,Preprocessed_Dataset/cmmd/cmmd_3604.jpg,Benign,non-cancer,D1.5-0863,test
cmmd,Preprocessed_Dataset/cmmd/cmmd_3605.jpg,Benign,non-cancer,D1.5-0869,train
cmmd,Preprocessed_Dataset/cmmd/cmmd_3606.jpg,Benign,non-cancer,D1.5-0874,train
cmmd,Preprocessed_Dataset/cmmd/cmmd_3607.jpg,Benign,non-cancer,D1.5-0875,train
cmmd,Preprocessed_Dataset/cmmd/cmmd_3608.jpg,Benign,non-cancer,D1.5-0876,test
cmmd,Preprocessed_Dataset/cmmd/cmmd_3609.jpg,Benign,non-cancer,D1.5-0884,train
cmmd,Preprocessed_Dataset/cmmd/cmmd_3610.jpg,Benign,non-cancer,D1.5-0892,train
cmmd,Preprocessed_Dataset/cmmd/cmmd_3611.jpg,Benign,non-cancer,D1.5-0894,train
cmmd,Preprocessed_Dataset/cmmd/cmmd_3612.jpg,Benign,non-cancer,D1.5-0901,train
cmmd,Preprocessed_Dataset/cmmd/cmmd_3613.jpg,Benign,non-cancer,D1.5-0904,train
cmmd,Preprocessed_Dataset/cmmd/cmmd_3614.jpg,Benign,non-cancer,D1.5-0908,train
cmmd,Preprocessed_Dataset/cmmd/cmmd_3615.jpg,Benign,non-cancer,D1.5-0919,train
cmmd,Preprocessed_Dataset/cmmd/cmmd_3616.jpg,Benign,non-cancer,D1.5-0929,test
cmmd,Preprocessed_Dataset/cmmd/cmmd_3617.jpg,Benign,non-cancer,D1.5-0931,val
cmmd,Preprocessed_Dataset/cmmd/cmmd_3618.jpg,Benign,non-cancer,D1.5-0932,train
cmmd,Preprocessed_Dataset/cmmd/cmmd_3619.jpg,Benign,non-cancer,D1.5-0955,train
cmmd,Preprocessed_Dataset/cmmd/cmmd_3620.jpg,Benign,non-cancer,D1.5-0990,train
cmmd,Preprocessed_Dataset/cmmd/cmmd_3621.jpg,Benign,non-cancer,D1.5-0991,train
cmmd,Preprocessed_Dataset/cmmd/cmmd_3622.jpg,Benign,non-cancer,D1.5-0999,train
cmmd,Preprocessed_Dataset/cmmd/cmmd_3623.jpg,Benign,non-cancer,D1.5-1009,train
cmmd,Preprocessed_Dataset/cmmd/cmmd_3624.jpg,Benign,non-cancer,D1.5-1029,train
cmmd,Preprocessed_Dataset/cmmd/cmmd_3625.jpg,Benign,non-cancer,D1.5-1036,train
cmmd,Preprocessed_Dataset/cmmd/cmmd_3626.jpg,Benign,non-cancer,D1.5-1059,train
cmmd,Preprocessed_Dataset/cmmd/cmmd_3627.jpg,Benign,non-cancer,D1.5-1220,test
cmmd,Preprocessed_Dataset/cmmd/cmmd_3628.jpg,Malignant,cancer,D1.5-1340,test
cmmd,Preprocessed_Dataset/cmmd/cmmd_3629.jpg,Malignant,cancer,D1.5-1590,val
cmmd,Preprocessed_Dataset/cmmd/cmmd_3630.jpg,Benign,non-cancer,D1.5-1673,train
cmmd,Preprocessed_Dataset/cmmd/cmmd_3631.jpg,Malignant,cancer,D2-0001,test
cmmd,Preprocessed_Dataset/cmmd/cmmd_3632.jpg,Malignant,cancer,D2-0002,train
cmmd,Preprocessed_Dataset/cmmd/cmmd_3633.jpg,Malignant,cancer,D2-0003,train
cmmd,Preprocessed_Dataset/cmmd/cmmd_3634.jpg,Malignant,cancer,D2-0004,train
cmmd,Preprocessed_Dataset/cmmd/cmmd_3635.jpg,Malignant,cancer,D2-0005,test
cmmd,Preprocessed_Dataset/cmmd/cmmd_3636.jpg,Malignant,cancer,D2-0006,train
cmmd,Preprocessed_Dataset/cmmd/cmmd_3637.jpg,Malignant,cancer,D2-0007,test
cmmd,Preprocessed_Dataset/cmmd/cmmd_3638.jpg,Malignant,cancer,D2-0008,train
cmmd,Preprocessed_Dataset/cmmd/cmmd_3639.jpg,Malignant,cancer,D2-0009,train
cmmd,Preprocessed_Dataset/cmmd/cmmd_3640.jpg,Malignant,cancer,D2-0010,test
cmmd,Preprocessed_Dataset/cmmd/cmmd_3641.jpg,Malignant,cancer,D2-0011,train
cmmd,Preprocessed_Dataset/cmmd/cmmd_3642.jpg,Malignant,cancer,D2-0012,train
cmmd,Preprocessed_Dataset/cmmd/cmmd_3643.jpg,Malignant,cancer,D2-0013,val
cmmd,Preprocessed_Dataset/cmmd/cmmd_3644.jpg,Malignant,cancer,D2-0014,train
cmmd,Preprocessed_Dataset/cmmd/cmmd_3645.jpg,Malignant,cancer,D2-0015,train
cmmd,Preprocessed_Dataset/cmmd/cmmd_3646.jpg,Malignant,cancer,D2-0016,train
cmmd,Preprocessed_Dataset/cmmd/cmmd_3647.jpg,Malignant,cancer,D2-0017,train
cmmd,Preprocessed_Dataset/cmmd/cmmd_3648.jpg,Malignant,cancer,D2-0018,train
cmmd,Preprocessed_Dataset/cmmd/cmmd_3649.jpg,Malignant,cancer,D2-0019,train
cmmd,Preprocessed_Dataset/cmmd/cmmd_3650.jpg,Malignant,cancer,D2-0020,train
cmmd,Preprocessed_Dataset/cmmd/cmmd_3651.jpg,Malignant,cancer,D2-0021,train
cmmd,Preprocessed_Dataset/cmmd/cmmd_3652.jpg,Malignant,cancer,D2-0022,val
cmmd,Preprocessed_Dataset/cmmd/cmmd_3653.jpg,Malignant,cancer,D2-0023,train
cmmd,Preprocessed_Dataset/cmmd/cmmd_3654.jpg,Malignant,cancer,D2-0024,train
cmmd,Preprocessed_Dataset/cmmd/cmmd_3655.jpg,Malignant,cancer,D2-0025,train
cmmd,Preprocessed_Dataset/cmmd/cmmd_3656.jpg,Malignant,cancer,D2-0026,train
cmmd,Preprocessed_Dataset/cmmd/cmmd_3657.jpg,Malignant,cancer,D2-0027,train
cmmd,Preprocessed_Dataset/cmmd/cmmd_3658.jpg,Malignant,cancer,D2-0028,test
cmmd,Preprocessed_Dataset/cmmd/cmmd_3659.jpg,Malignant,cancer,D2-0029,train
cmmd,Preprocessed_Dataset/cmmd/cmmd_3660.jpg,Malignant,cancer,D2-0030,train
cmmd,Preprocessed_Dataset/cmmd/cmmd_3661.jpg,Malignant,cancer,D2-0031,train
cmmd,Preprocessed_Dataset/cmmd/cmmd_3662.jpg,Malignant,cancer,D2-0032,train
cmmd,Preprocessed_Dataset/cmmd/cmmd_3663.jpg,Malignant,cancer,D2-0033,train
cmmd,Preprocessed_Dataset/cmmd/cmmd_3664.jpg,Malignant,cancer,D2-0034,train
cmmd,Preprocessed_Dataset/cmmd/cmmd_3665.jpg,Malignant,cancer,D2-0035,train
cmmd,Preprocessed_Dataset/cmmd/cmmd_3666.jpg,Malignant,cancer,D2-0036,test
cmmd,Preprocessed_Dataset/cmmd/cmmd_3667.jpg,Malignant,cancer,D2-0037,train
cmmd,Preprocessed_Dataset/cmmd/cmmd_3668.jpg,Malignant,cancer,D2-0038,train
cmmd,Preprocessed_Dataset/cmmd/cmmd_3669.jpg,Malignant,cancer,D2-0039,val
cmmd,Preprocessed_Dataset/cmmd/cmmd_3670.jpg,Malignant,cancer,D2-0040,train
cmmd,Preprocessed_Dataset/cmmd/cmmd_3671.jpg,Malignant,cancer,D2-0041,train
cmmd,Preprocessed_Dataset/cmmd/cmmd_3672.jpg,Malignant,cancer,D2-0042,test
cmmd,Preprocessed_Dataset/cmmd/cmmd_3673.jpg,Malignant,cancer,D2-0043,train
cmmd,Preprocessed_Dataset/cmmd/cmmd_3674.jpg,Malignant,cancer,D2-0044,val
cmmd,Preprocessed_Dataset/cmmd/cmmd_3675.jpg,Malignant,cancer,D2-0045,train
cmmd,Preprocessed_Dataset/cmmd/cmmd_3676.jpg,Malignant,cancer,D2-0046,train
cmmd,Preprocessed_Dataset/cmmd/cmmd_3677.jpg,Malignant,cancer,D2-0047,train
cmmd,Preprocessed_Dataset/cmmd/cmmd_3678.jpg,Malignant,cancer,D2-0048,val
cmmd,Preprocessed_Dataset/cmmd/cmmd_3679.jpg,Malignant,cancer,D2-0049,train
cmmd,Preprocessed_Dataset/cmmd/cmmd_3680.jpg,Malignant,cancer,D2-0050,train
cmmd,Preprocessed_Dataset/cmmd/cmmd_3681.jpg,Malignant,cancer,D2-0051,train
cmmd,Preprocessed_Dataset/cmmd/cmmd_3682.jpg,Malignant,cancer,D2-0052,train
cmmd,Preprocessed_Dataset/cmmd/cmmd_3683.jpg,Malignant,cancer,D2-0053,train
cmmd,Preprocessed_Dataset/cmmd/cmmd_3684.jpg,Malignant,cancer,D2-0054,train
cmmd,Preprocessed_Dataset/cmmd/cmmd_3685.jpg,Malignant,cancer,D2-0055,val
cmmd,Preprocessed_Dataset/cmmd/cmmd_3686.jpg,Malignant,cancer,D2-0056,train
cmmd,Preprocessed_Dataset/cmmd/cmmd_3687.jpg,Malignant,cancer,D2-0057,train
cmmd,Preprocessed_Dataset/cmmd/cmmd_3688.jpg,Malignant,cancer,D2-0058,train
cmmd,Preprocessed_Dataset/cmmd/cmmd_3689.jpg,Malignant,cancer,D2-0059,test
cmmd,Preprocessed_Dataset/cmmd/cmmd_3690.jpg,Malignant,cancer,D2-0060,train
cmmd,Preprocessed_Dataset/cmmd/cmmd_3691.jpg,Malignant,cancer,D2-0061,val
cmmd,Preprocessed_Dataset/cmmd/cmmd_3692.jpg,Malignant,cancer,D2-0062,train
cmmd,Preprocessed_Dataset/cmmd/cmmd_3693.jpg,Malignant,cancer,D2-0063,val
cmmd,Preprocessed_Dataset/cmmd/cmmd_3694.jpg,Malignant,cancer,D2-0064,train
cmmd,Preprocessed_Dataset/cmmd/cmmd_3695.jpg,Malignant,cancer,D2-0065,train
cmmd,Preprocessed_Dataset/cmmd/cmmd_3696.jpg,Malignant,cancer,D2-0066,train
cmmd,Preprocessed_Dataset/cmmd/cmmd_3697.jpg,Malignant,cancer,D2-0067,train
cmmd,Preprocessed_Dataset/cmmd/cmmd_3698.jpg,Malignant,cancer,D2-0068,val
cmmd,Preprocessed_Dataset/cmmd/cmmd_3699.jpg,Malignant,cancer,D2-0069,val
cmmd,Preprocessed_Dataset/cmmd/cmmd_3700.jpg,Malignant,cancer,D2-0070,train
cmmd,Preprocessed_Dataset/cmmd/cmmd_3701.jpg,Malignant,cancer,D2-0071,test
cmmd,Preprocessed_Dataset/cmmd/cmmd_3702.jpg,Malignant,cancer,D2-0072,train
cmmd,Preprocessed_Dataset/cmmd/cmmd_3703.jpg,Malignant,cancer,D2-0073,test
cmmd,Preprocessed_Dataset/cmmd/cmmd_3704.jpg,Malignant,cancer,D2-0074,train
cmmd,Preprocessed_Dataset/cmmd/cmmd_3705.jpg,Malignant,cancer,D2-0075,val
cmmd,Preprocessed_Dataset/cmmd/cmmd_3706.jpg,Malignant,cancer,D2-0076,test
cmmd,Preprocessed_Dataset/cmmd/cmmd_3707.jpg,Malignant,cancer,D2-0077,test
cmmd,Preprocessed_Dataset/cmmd/cmmd_3708.jpg,Malignant,cancer,D2-0078,test
cmmd,Preprocessed_Dataset/cmmd/cmmd_3709.jpg,Malignant,cancer,D2-0079,train
cmmd,Preprocessed_Dataset/cmmd/cmmd_3710.jpg,Malignant,cancer,D2-0080,train
cmmd,Preprocessed_Dataset/cmmd/cmmd_3711.jpg,Malignant,cancer,D2-0081,val
cmmd,Preprocessed_Dataset/cmmd/cmmd_3712.jpg,Malignant,cancer,D2-0082,test
cmmd,Preprocessed_Dataset/cmmd/cmmd_3713.jpg,Malignant,cancer,D2-0083,test
cmmd,Preprocessed_Dataset/cmmd/cmmd_3714.jpg,Malignant,cancer,D2-0084,val
cmmd,Preprocessed_Dataset/cmmd/cmmd_3715.jpg,Malignant,cancer,D2-0085,train
cmmd,Preprocessed_Dataset/cmmd/cmmd_3716.jpg,Malignant,cancer,D2-0086,train
cmmd,Preprocessed_Dataset/cmmd/cmmd_3717.jpg,Malignant,cancer,D2-0087,train
cmmd,Preprocessed_Dataset/cmmd/cmmd_3718.jpg,Malignant,cancer,D2-0088,train
cmmd,Preprocessed_Dataset/cmmd/cmmd_3719.jpg,Malignant,cancer,D2-0089,test
cmmd,Preprocessed_Dataset/cmmd/cmmd_3720.jpg,Benign,non-cancer,D2-0090,test
cmmd,Preprocessed_Dataset/cmmd/cmmd_3721.jpg,Malignant,cancer,D2-0091,train
cmmd,Preprocessed_Dataset/cmmd/cmmd_3722.jpg,Benign,non-cancer,D2-0092,train
cmmd,Preprocessed_Dataset/cmmd/cmmd_3723.jpg,Malignant,cancer,D2-0093,val
cmmd,Preprocessed_Dataset/cmmd/cmmd_3724.jpg,Malignant,cancer,D2-0094,test
cmmd,Preprocessed_Dataset/cmmd/cmmd_3725.jpg,Malignant,cancer,D2-0095,train
cmmd,Preprocessed_Dataset/cmmd/cmmd_3726.jpg,Malignant,cancer,D2-0096,test
cmmd,Preprocessed_Dataset/cmmd/cmmd_3727.jpg,Malignant,cancer,D2-0097,test
cmmd,Preprocessed_Dataset/cmmd/cmmd_3728.jpg,Malignant,cancer,D2-0098,train
cmmd,Preprocessed_Dataset/cmmd/cmmd_3729.jpg,Malignant,cancer,D2-0099,train
cmmd,Preprocessed_Dataset/cmmd/cmmd_3730.jpg,Malignant,cancer,D2-0100,train
cmmd,Preprocessed_Dataset/cmmd/cmmd_3731.jpg,Malignant,cancer,D2-0101,val
cmmd,Preprocessed_Dataset/cmmd/cmmd_3732.jpg,Malignant,cancer,D2-0102,test
cmmd,Preprocessed_Dataset/cmmd/cmmd_3733.jpg,Malignant,cancer,D2-0103,train
cmmd,Preprocessed_Dataset/cmmd/cmmd_3734.jpg,Malignant,cancer,D2-0104,train
cmmd,Preprocessed_Dataset/cmmd/cmmd_3735.jpg,Malignant,cancer,D2-0105,train
cmmd,Preprocessed_Dataset/cmmd/cmmd_3736.jpg,Malignant,cancer,D2-0106,train
cmmd,Preprocessed_Dataset/cmmd/cmmd_3737.jpg,Malignant,cancer,D2-0107,val
cmmd,Preprocessed_Dataset/cmmd/cmmd_3738.jpg,Malignant,cancer,D2-0108,train
cmmd,Preprocessed_Dataset/cmmd/cmmd_3739.jpg,Malignant,cancer,D2-0109,train
cmmd,Preprocessed_Dataset/cmmd/cmmd_3740.jpg,Malignant,cancer,D2-0110,train
cmmd,Preprocessed_Dataset/cmmd/cmmd_3741.jpg,Malignant,cancer,D2-0111,train
cmmd,Preprocessed_Dataset/cmmd/cmmd_3742.jpg,Malignant,cancer,D2-0112,train
cmmd,Preprocessed_Dataset/cmmd/cmmd_3743.jpg,Malignant,cancer,D2-0113,train
cmmd,Preprocessed_Dataset/cmmd/cmmd_3744.jpg,Malignant,cancer,D2-0114,train
cmmd,Preprocessed_Dataset/cmmd/cmmd_3745.jpg,Malignant,cancer,D2-0115,train
cmmd,Preprocessed_Dataset/cmmd/cmmd_3746.jpg,Malignant,cancer,D2-0116,train
cmmd,Preprocessed_Dataset/cmmd/cmmd_3747.jpg,Malignant,cancer,D2-0117,train
cmmd,Preprocessed_Dataset/cmmd/cmmd_3748.jpg,Malignant,cancer,D2-0118,train
cmmd,Preprocessed_Dataset/cmmd/cmmd_3749.jpg,Malignant,cancer,D2-0119,val
cmmd,Preprocessed_Dataset/cmmd/cmmd_3750.jpg,Malignant,cancer,D2-0120,train
cmmd,Preprocessed_Dataset/cmmd/cmmd_3751.jpg,Malignant,cancer,D2-0121,test
cmmd,Preprocessed_Dataset/cmmd/cmmd_3752.jpg,Malignant,cancer,D2-0122,val
cmmd,Preprocessed_Dataset/cmmd/cmmd_3753.jpg,Malignant,cancer,D2-0123,val
cmmd,Preprocessed_Dataset/cmmd/cmmd_3754.jpg,Malignant,cancer,D2-0125,test
cmmd,Preprocessed_Dataset/cmmd/cmmd_3755.jpg,Malignant,cancer,D2-0126,train
cmmd,Preprocessed_Dataset/cmmd/cmmd_3756.jpg,Malignant,cancer,D2-0127,train
cmmd,Preprocessed_Dataset/cmmd/cmmd_3757.jpg,Malignant,cancer,D2-0128,train
cmmd,Preprocessed_Dataset/cmmd/cmmd_3758.jpg,Malignant,cancer,D2-0129,test
cmmd,Preprocessed_Dataset/cmmd/cmmd_3759.jpg,Malignant,cancer,D2-0130,train
cmmd,Preprocessed_Dataset/cmmd/cmmd_3760.jpg,Malignant,cancer,D2-0131,train
cmmd,Preprocessed_Dataset/cmmd/cmmd_3761.jpg,Malignant,cancer,D2-0132,train
cmmd,Preprocessed_Dataset/cmmd/cmmd_3762.jpg,Malignant,cancer,D2-0133,train
cmmd,Preprocessed_Dataset/cmmd/cmmd_3763.jpg,Malignant,cancer,D2-0134,train
cmmd,Preprocessed_Dataset/cmmd/cmmd_3764.jpg,Malignant,cancer,D2-0135,test
cmmd,Preprocessed_Dataset/cmmd/cmmd_3765.jpg,Malignant,cancer,D2-0136,val
cmmd,Preprocessed_Dataset/cmmd/cmmd_3766.jpg,Malignant,cancer,D2-0137,test
cmmd,Preprocessed_Dataset/cmmd/cmmd_3767.jpg,Malignant,cancer,D2-0138,train
cmmd,Preprocessed_Dataset/cmmd/cmmd_3768.jpg,Malignant,cancer,D2-0139,train
cmmd,Preprocessed_Dataset/cmmd/cmmd_3769.jpg,Malignant,cancer,D2-0140,test
cmmd,Preprocessed_Dataset/cmmd/cmmd_3770.jpg,Malignant,cancer,D2-0141,train
cmmd,Preprocessed_Dataset/cmmd/cmmd_3771.jpg,Malignant,cancer,D2-0142,train
cmmd,Preprocessed_Dataset/cmmd/cmmd_3772.jpg,Malignant,cancer,D2-0143,train
cmmd,Preprocessed_Dataset/cmmd/cmmd_3773.jpg,Malignant,cancer,D2-0144,train
cmmd,Preprocessed_Dataset/cmmd/cmmd_3774.jpg,Malignant,cancer,D2-0145,train
cmmd,Preprocessed_Dataset/cmmd/cmmd_3775.jpg,Malignant,cancer,D2-0146,train
cmmd,Preprocessed_Dataset/cmmd/cmmd_3776.jpg,Malignant,cancer,D2-0147,val
cmmd,Preprocessed_Dataset/cmmd/cmmd_3777.jpg,Malignant,cancer,D2-0148,train
cmmd,Preprocessed_Dataset/cmmd/cmmd_3778.jpg,Malignant,cancer,D2-0149,train
cmmd,Preprocessed_Dataset/cmmd/cmmd_3779.jpg,Malignant,cancer,D2-0150,train
cmmd,Preprocessed_Dataset/cmmd/cmmd_3780.jpg,Malignant,cancer,D2-0151,train
cmmd,Preprocessed_Dataset/cmmd/cmmd_3781.jpg,Malignant,cancer,D2-0152,train
cmmd,Preprocessed_Dataset/cmmd/cmmd_3782.jpg,Malignant,cancer,D2-0153,train
cmmd,Preprocessed_Dataset/cmmd/cmmd_3783.jpg,Malignant,cancer,D2-0154,train
cmmd,Preprocessed_Dataset/cmmd/cmmd_3784.jpg,Malignant,cancer,D2-0155,train
cmmd,Preprocessed_Dataset/cmmd/cmmd_3785.jpg,Malignant,cancer,D2-0156,train
cmmd,Preprocessed_Dataset/cmmd/cmmd_3786.jpg,Malignant,cancer,D2-0157,test
cmmd,Preprocessed_Dataset/cmmd/cmmd_3787.jpg,Benign,non-cancer,D2-0158,train
cmmd,Preprocessed_Dataset/cmmd/cmmd_3788.jpg,Malignant,cancer,D2-0159,train
cmmd,Preprocessed_Dataset/cmmd/cmmd_3789.jpg,Malignant,cancer,D2-0160,train
cmmd,Preprocessed_Dataset/cmmd/cmmd_3790.jpg,Malignant,cancer,D2-0161,train
cmmd,Preprocessed_Dataset/cmmd/cmmd_3791.jpg,Malignant,cancer,D2-0162,train
cmmd,Preprocessed_Dataset/cmmd/cmmd_3792.jpg,Malignant,cancer,D2-0163,train
cmmd,Preprocessed_Dataset/cmmd/cmmd_3793.jpg,Malignant,cancer,D2-0164,val
cmmd,Preprocessed_Dataset/cmmd/cmmd_3794.jpg,Malignant,cancer,D2-0165,val
cmmd,Preprocessed_Dataset/cmmd/cmmd_3795.jpg,Malignant,cancer,D2-0166,train
cmmd,Preprocessed_Dataset/cmmd/cmmd_3796.jpg,Malignant,cancer,D2-0167,train
cmmd,Preprocessed_Dataset/cmmd/cmmd_3797.jpg,Malignant,cancer,D2-0168,val
cmmd,Preprocessed_Dataset/cmmd/cmmd_3798.jpg,Malignant,cancer,D2-0169,train
cmmd,Preprocessed_Dataset/cmmd/cmmd_3799.jpg,Malignant,cancer,D2-0170,train
cmmd,Preprocessed_Dataset/cmmd/cmmd_3800.jpg,Malignant,cancer,D2-0171,train
cmmd,Preprocessed_Dataset/cmmd/cmmd_3801.jpg,Malignant,cancer,D2-0172,train
cmmd,Preprocessed_Dataset/cmmd/cmmd_3802.jpg,Malignant,cancer,D2-0173,train
cmmd,Preprocessed_Dataset/cmmd/cmmd_3803.jpg,Malignant,cancer,D2-0174,train
cmmd,Preprocessed_Dataset/cmmd/cmmd_3804.jpg,Malignant,cancer,D2-0175,train
cmmd,Preprocessed_Dataset/cmmd/cmmd_3805.jpg,Malignant,cancer,D2-0176,train
cmmd,Preprocessed_Dataset/cmmd/cmmd_3806.jpg,Malignant,cancer,D2-0177,train
cmmd,Preprocessed_Dataset/cmmd/cmmd_3807.jpg,Malignant,cancer,D2-0178,train
cmmd,Preprocessed_Dataset/cmmd/cmmd_3808.jpg,Malignant,cancer,D2-0179,test
cmmd,Preprocessed_Dataset/cmmd/cmmd_3809.jpg,Malignant,cancer,D2-0180,train
cmmd,Preprocessed_Dataset/cmmd/cmmd_3810.jpg,Malignant,cancer,D2-0181,test
cmmd,Preprocessed_Dataset/cmmd/cmmd_3811.jpg,Malignant,cancer,D2-0182,train
cmmd,Preprocessed_Dataset/cmmd/cmmd_3812.jpg,Malignant,cancer,D2-0183,train
cmmd,Preprocessed_Dataset/cmmd/cmmd_3813.jpg,Malignant,cancer,D2-0184,train
cmmd,Preprocessed_Dataset/cmmd/cmmd_3814.jpg,Malignant,cancer,D2-0185,train
cmmd,Preprocessed_Dataset/cmmd/cmmd_3815.jpg,Malignant,cancer,D2-0186,test
cmmd,Preprocessed_Dataset/cmmd/cmmd_3816.jpg,Malignant,cancer,D2-0187,test
cmmd,Preprocessed_Dataset/cmmd/cmmd_3817.jpg,Malignant,cancer,D2-0188,val
cmmd,Preprocessed_Dataset/cmmd/cmmd_3818.jpg,Malignant,cancer,D2-0189,val
cmmd,Preprocessed_Dataset/cmmd/cmmd_3819.jpg,Malignant,cancer,D2-0190,val
cmmd,Preprocessed_Dataset/cmmd/cmmd_3820.jpg,Malignant,cancer,D2-0191,train
cmmd,Preprocessed_Dataset/cmmd/cmmd_3821.jpg,Malignant,cancer,D2-0192,train
cmmd,Preprocessed_Dataset/cmmd/cmmd_3822.jpg,Malignant,cancer,D2-0193,train
cmmd,Preprocessed_Dataset/cmmd/cmmd_3823.jpg,Malignant,cancer,D2-0194,train
cmmd,Preprocessed_Dataset/cmmd/cmmd_3824.jpg,Malignant,cancer,D2-0195,train
cmmd,Preprocessed_Dataset/cmmd/cmmd_3825.jpg,Malignant,cancer,D2-0196,train
cmmd,Preprocessed_Dataset/cmmd/cmmd_3826.jpg,Malignant,cancer,D2-0197,test
cmmd,Preprocessed_Dataset/cmmd/cmmd_3827.jpg,Malignant,cancer,D2-0198,train
cmmd,Preprocessed_Dataset/cmmd/cmmd_3828.jpg,Malignant,cancer,D2-0199,train
cmmd,Preprocessed_Dataset/cmmd/cmmd_3829.jpg,Malignant,cancer,D2-0200,train
cmmd,Preprocessed_Dataset/cmmd/cmmd_3830.jpg,Malignant,cancer,D2-0201,train
cmmd,Preprocessed_Dataset/cmmd/cmmd_3831.jpg,Malignant,cancer,D2-0202,val
cmmd,Preprocessed_Dataset/cmmd/cmmd_3832.jpg,Malignant,cancer,D2-0203,train
cmmd,Preprocessed_Dataset/cmmd/cmmd_3833.jpg,Malignant,cancer,D2-0204,train
cmmd,Preprocessed_Dataset/cmmd/cmmd_3834.jpg,Malignant,cancer,D2-0205,val
cmmd,Preprocessed_Dataset/cmmd/cmmd_3835.jpg,Malignant,cancer,D2-0206,train
cmmd,Preprocessed_Dataset/cmmd/cmmd_3836.jpg,Malignant,cancer,D2-0207,train
cmmd,Preprocessed_Dataset/cmmd/cmmd_3837.jpg,Malignant,cancer,D2-0208,val
cmmd,Preprocessed_Dataset/cmmd/cmmd_3838.jpg,Malignant,cancer,D2-0209,train
cmmd,Preprocessed_Dataset/cmmd/cmmd_3839.jpg,Malignant,cancer,D2-0210,train
cmmd,Preprocessed_Dataset/cmmd/cmmd_3840.jpg,Malignant,cancer,D2-0211,train
cmmd,Preprocessed_Dataset/cmmd/cmmd_3841.jpg,Malignant,cancer,D2-0212,val
cmmd,Preprocessed_Dataset/cmmd/cmmd_3842.jpg,Malignant,cancer,D2-0213,train
cmmd,Preprocessed_Dataset/cmmd/cmmd_3843.jpg,Malignant,cancer,D2-0214,val
cmmd,Preprocessed_Dataset/cmmd/cmmd_3844.jpg,Malignant,cancer,D2-0215,val
cmmd,Preprocessed_Dataset/cmmd/cmmd_3845.jpg,Malignant,cancer,D2-0216,train
cmmd,Preprocessed_Dataset/cmmd/cmmd_3846.jpg,Malignant,cancer,D2-0217,train
cmmd,Preprocessed_Dataset/cmmd/cmmd_3847.jpg,Malignant,cancer,D2-0218,test
cmmd,Preprocessed_Dataset/cmmd/cmmd_3848.jpg,Malignant,cancer,D2-0219,train
cmmd,Preprocessed_Dataset/cmmd/cmmd_3849.jpg,Malignant,cancer,D2-0220,train
cmmd,Preprocessed_Dataset/cmmd/cmmd_3850.jpg,Malignant,cancer,D2-0221,test
cmmd,Preprocessed_Dataset/cmmd/cmmd_3851.jpg,Malignant,cancer,D2-0222,train
cmmd,Preprocessed_Dataset/cmmd/cmmd_3852.jpg,Malignant,cancer,D2-0223,val
cmmd,Preprocessed_Dataset/cmmd/cmmd_3853.jpg,Malignant,cancer,D2-0224,train
cmmd,Preprocessed_Dataset/cmmd/cmmd_3854.jpg,Malignant,cancer,D2-0225,val
cmmd,Preprocessed_Dataset/cmmd/cmmd_3855.jpg,Malignant,cancer,D2-0226,train
cmmd,Preprocessed_Dataset/cmmd/cmmd_3856.jpg,Malignant,cancer,D2-0227,train
cmmd,Preprocessed_Dataset/cmmd/cmmd_3857.jpg,Malignant,cancer,D2-0228,train
cmmd,Preprocessed_Dataset/cmmd/cmmd_3858.jpg,Malignant,cancer,D2-0229,test
cmmd,Preprocessed_Dataset/cmmd/cmmd_3859.jpg,Malignant,cancer,D2-0230,val
cmmd,Preprocessed_Dataset/cmmd/cmmd_3860.jpg,Malignant,cancer,D2-0231,train
cmmd,Preprocessed_Dataset/cmmd/cmmd_3861.jpg,Malignant,cancer,D2-0232,train
cmmd,Preprocessed_Dataset/cmmd/cmmd_3862.jpg,Malignant,cancer,D2-0233,val
cmmd,Preprocessed_Dataset/cmmd/cmmd_3863.jpg,Malignant,cancer,D2-0234,val
cmmd,Preprocessed_Dataset/cmmd/cmmd_3864.jpg,Malignant,cancer,D2-0235,train
cmmd,Preprocessed_Dataset/cmmd/cmmd_3865.jpg,Malignant,cancer,D2-0236,test
cmmd,Preprocessed_Dataset/cmmd/cmmd_3866.jpg,Malignant,cancer,D2-0237,train
cmmd,Preprocessed_Dataset/cmmd/cmmd_3867.jpg,Malignant,cancer,D2-0238,val
cmmd,Preprocessed_Dataset/cmmd/cmmd_3868.jpg,Malignant,cancer,D2-0239,test
cmmd,Preprocessed_Dataset/cmmd/cmmd_3869.jpg,Malignant,cancer,D2-0240,test
cmmd,Preprocessed_Dataset/cmmd/cmmd_3870.jpg,Malignant,cancer,D2-0241,train
cmmd,Preprocessed_Dataset/cmmd/cmmd_3871.jpg,Malignant,cancer,D2-0242,train
cmmd,Preprocessed_Dataset/cmmd/cmmd_3872.jpg,Malignant,cancer,D2-0243,val
cmmd,Preprocessed_Dataset/cmmd/cmmd_3873.jpg,Malignant,cancer,D2-0244,test
cmmd,Preprocessed_Dataset/cmmd/cmmd_3874.jpg,Malignant,cancer,D2-0245,train
cmmd,Preprocessed_Dataset/cmmd/cmmd_3875.jpg,Malignant,cancer,D2-0246,train
cmmd,Preprocessed_Dataset/cmmd/cmmd_3876.jpg,Malignant,cancer,D2-0247,train
cmmd,Preprocessed_Dataset/cmmd/cmmd_3877.jpg,Malignant,cancer,D2-0248,train
cmmd,Preprocessed_Dataset/cmmd/cmmd_3878.jpg,Malignant,cancer,D2-0249,val
cmmd,Preprocessed_Dataset/cmmd/cmmd_3879.jpg,Malignant,cancer,D2-0250,train
cmmd,Preprocessed_Dataset/cmmd/cmmd_3880.jpg,Malignant,cancer,D2-0251,train
cmmd,Preprocessed_Dataset/cmmd/cmmd_3881.jpg,Malignant,cancer,D2-0252,train
cmmd,Preprocessed_Dataset/cmmd/cmmd_3882.jpg,Malignant,cancer,D2-0253,train
cmmd,Preprocessed_Dataset/cmmd/cmmd_3883.jpg,Malignant,cancer,D2-0254,test
cmmd,Preprocessed_Dataset/cmmd/cmmd_3884.jpg,Malignant,cancer,D2-0255,train
cmmd,Preprocessed_Dataset/cmmd/cmmd_3885.jpg,Malignant,cancer,D2-0256,test
cmmd,Preprocessed_Dataset/cmmd/cmmd_3886.jpg,Malignant,cancer,D2-0257,train
cmmd,Preprocessed_Dataset/cmmd/cmmd_3887.jpg,Malignant,cancer,D2-0258,val
cmmd,Preprocessed_Dataset/cmmd/cmmd_3888.jpg,Benign,non-cancer,D2-0259,train
cmmd,Preprocessed_Dataset/cmmd/cmmd_3889.jpg,Malignant,cancer,D2-0260,train
cmmd,Preprocessed_Dataset/cmmd/cmmd_3890.jpg,Malignant,cancer,D2-0261,test
cmmd,Preprocessed_Dataset/cmmd/cmmd_3891.jpg,Malignant,cancer,D2-0262,val
cmmd,Preprocessed_Dataset/cmmd/cmmd_3892.jpg,Malignant,cancer,D2-0263,train
cmmd,Preprocessed_Dataset/cmmd/cmmd_3893.jpg,Malignant,cancer,D2-0264,test
cmmd,Preprocessed_Dataset/cmmd/cmmd_3894.jpg,Benign,non-cancer,D2-0265,train
cmmd,Preprocessed_Dataset/cmmd/cmmd_3895.jpg,Malignant,cancer,D2-0266,train
cmmd,Preprocessed_Dataset/cmmd/cmmd_3896.jpg,Malignant,cancer,D2-0267,train
cmmd,Preprocessed_Dataset/cmmd/cmmd_3897.jpg,Malignant,cancer,D2-0268,val
cmmd,Preprocessed_Dataset/cmmd/cmmd_3898.jpg,Malignant,cancer,D2-0269,train
cmmd,Preprocessed_Dataset/cmmd/cmmd_3899.jpg,Malignant,cancer,D2-0270,test
cmmd,Preprocessed_Dataset/cmmd/cmmd_3900.jpg,Malignant,cancer,D2-0271,val
cmmd,Preprocessed_Dataset/cmmd/cmmd_3901.jpg,Malignant,cancer,D2-0272,val
cmmd,Preprocessed_Dataset/cmmd/cmmd_3902.jpg,Malignant,cancer,D2-0273,train
cmmd,Preprocessed_Dataset/cmmd/cmmd_3903.jpg,Malignant,cancer,D2-0274,val
cmmd,Preprocessed_Dataset/cmmd/cmmd_3904.jpg,Malignant,cancer,D2-0275,train
cmmd,Preprocessed_Dataset/cmmd/cmmd_3905.jpg,Malignant,cancer,D2-0276,val
cmmd,Preprocessed_Dataset/cmmd/cmmd_3906.jpg,Malignant,cancer,D2-0277,train
cmmd,Preprocessed_Dataset/cmmd/cmmd_3907.jpg,Malignant,cancer,D2-0278,test
cmmd,Preprocessed_Dataset/cmmd/cmmd_3908.jpg,Malignant,cancer,D2-0279,train
cmmd,Preprocessed_Dataset/cmmd/cmmd_3909.jpg,Malignant,cancer,D2-0280,train
cmmd,Preprocessed_Dataset/cmmd/cmmd_3910.jpg,Malignant,cancer,D2-0281,test
cmmd,Preprocessed_Dataset/cmmd/cmmd_3911.jpg,Malignant,cancer,D2-0282,train
cmmd,Preprocessed_Dataset/cmmd/cmmd_3912.jpg,Malignant,cancer,D2-0283,train
cmmd,Preprocessed_Dataset/cmmd/cmmd_3913.jpg,Malignant,cancer,D2-0284,train
cmmd,Preprocessed_Dataset/cmmd/cmmd_3914.jpg,Malignant,cancer,D2-0285,train
cmmd,Preprocessed_Dataset/cmmd/cmmd_3915.jpg,Malignant,cancer,D2-0286,train
cmmd,Preprocessed_Dataset/cmmd/cmmd_3916.jpg,Malignant,cancer,D2-0287,train
cmmd,Preprocessed_Dataset/cmmd/cmmd_3917.jpg,Malignant,cancer,D2-0288,train
cmmd,Preprocessed_Dataset/cmmd/cmmd_3918.jpg,Malignant,cancer,D2-0289,train
cmmd,Preprocessed_Dataset/cmmd/cmmd_3919.jpg,Malignant,cancer,D2-0290,train
cmmd,Preprocessed_Dataset/cmmd/cmmd_3920.jpg,Malignant,cancer,D2-0291,train
cmmd,Preprocessed_Dataset/cmmd/cmmd_3921.jpg,Malignant,cancer,D2-0292,train
cmmd,Preprocessed_Dataset/cmmd/cmmd_3922.jpg,Malignant,cancer,D2-0293,train
cmmd,Preprocessed_Dataset/cmmd/cmmd_3923.jpg,Malignant,cancer,D2-0294,val
cmmd,Preprocessed_Dataset/cmmd/cmmd_3924.jpg,Malignant,cancer,D2-0295,val
cmmd,Preprocessed_Dataset/cmmd/cmmd_3925.jpg,Malignant,cancer,D2-0297,test
cmmd,Preprocessed_Dataset/cmmd/cmmd_3926.jpg,Malignant,cancer,D2-0298,train
cmmd,Preprocessed_Dataset/cmmd/cmmd_3927.jpg,Malignant,cancer,D2-0299,train
cmmd,Preprocessed_Dataset/cmmd/cmmd_3928.jpg,Malignant,cancer,D2-0300,train
cmmd,Preprocessed_Dataset/cmmd/cmmd_3929.jpg,Malignant,cancer,D2-0301,val
cmmd,Preprocessed_Dataset/cmmd/cmmd_3930.jpg,Malignant,cancer,D2-0302,train
cmmd,Preprocessed_Dataset/cmmd/cmmd_3931.jpg,Malignant,cancer,D2-0303,train
cmmd,Preprocessed_Dataset/cmmd/cmmd_3932.jpg,Malignant,cancer,D2-0304,test
cmmd,Preprocessed_Dataset/cmmd/cmmd_3933.jpg,Malignant,cancer,D2-0305,train
cmmd,Preprocessed_Dataset/cmmd/cmmd_3934.jpg,Malignant,cancer,D2-0306,train
cmmd,Preprocessed_Dataset/cmmd/cmmd_3935.jpg,Malignant,cancer,D2-0307,test
cmmd,Preprocessed_Dataset/cmmd/cmmd_3936.jpg,Malignant,cancer,D2-0308,train
cmmd,Preprocessed_Dataset/cmmd/cmmd_3937.jpg,Malignant,cancer,D2-0309,train
cmmd,Preprocessed_Dataset/cmmd/cmmd_3938.jpg,Malignant,cancer,D2-0310,train
cmmd,Preprocessed_Dataset/cmmd/cmmd_3939.jpg,Malignant,cancer,D2-0312,val
cmmd,Preprocessed_Dataset/cmmd/cmmd_3940.jpg,Malignant,cancer,D2-0313,train
cmmd,Preprocessed_Dataset/cmmd/cmmd_3941.jpg,Malignant,cancer,D2-0314,train
cmmd,Preprocessed_Dataset/cmmd/cmmd_3942.jpg,Malignant,cancer,D2-0315,train
cmmd,Preprocessed_Dataset/cmmd/cmmd_3943.jpg,Malignant,cancer,D2-0316,train
cmmd,Preprocessed_Dataset/cmmd/cmmd_3944.jpg,Malignant,cancer,D2-0317,test
cmmd,Preprocessed_Dataset/cmmd/cmmd_3945.jpg,Malignant,cancer,D2-0318,test
cmmd,Preprocessed_Dataset/cmmd/cmmd_3946.jpg,Malignant,cancer,D2-0319,test
cmmd,Preprocessed_Dataset/cmmd/cmmd_3947.jpg,Malignant,cancer,D2-0320,train
cmmd,Preprocessed_Dataset/cmmd/cmmd_3948.jpg,Malignant,cancer,D2-0321,val
cmmd,Preprocessed_Dataset/cmmd/cmmd_3949.jpg,Malignant,cancer,D2-0322,train
cmmd,Preprocessed_Dataset/cmmd/cmmd_3950.jpg,Malignant,cancer,D2-0323,test
cmmd,Preprocessed_Dataset/cmmd/cmmd_3951.jpg,Malignant,cancer,D2-0324,test
cmmd,Preprocessed_Dataset/cmmd/cmmd_3952.jpg,Malignant,cancer,D2-0325,train
cmmd,Preprocessed_Dataset/cmmd/cmmd_3953.jpg,Malignant,cancer,D2-0326,train
cmmd,Preprocessed_Dataset/cmmd/cmmd_3954.jpg,Malignant,cancer,D2-0327,train
cmmd,Preprocessed_Dataset/cmmd/cmmd_3955.jpg,Malignant,cancer,D2-0328,train
cmmd,Preprocessed_Dataset/cmmd/cmmd_3956.jpg,Malignant,cancer,D2-0329,train
cmmd,Preprocessed_Dataset/cmmd/cmmd_3957.jpg,Malignant,cancer,D2-0330,train
cmmd,Preprocessed_Dataset/cmmd/cmmd_3958.jpg,Malignant,cancer,D2-0331,train
cmmd,Preprocessed_Dataset/cmmd/cmmd_3959.jpg,Malignant,cancer,D2-0332,val
cmmd,Preprocessed_Dataset/cmmd/cmmd_3960.jpg,Malignant,cancer,D2-0333,train
cmmd,Preprocessed_Dataset/cmmd/cmmd_3961.jpg,Malignant,cancer,D2-0334,train
cmmd,Preprocessed_Dataset/cmmd/cmmd_3962.jpg,Malignant,cancer,D2-0335,train
cmmd,Preprocessed_Dataset/cmmd/cmmd_3963.jpg,Malignant,cancer,D2-0336,train
cmmd,Preprocessed_Dataset/cmmd/cmmd_3964.jpg,Malignant,cancer,D2-0337,test
cmmd,Preprocessed_Dataset/cmmd/cmmd_3965.jpg,Malignant,cancer,D2-0338,val
cmmd,Preprocessed_Dataset/cmmd/cmmd_3966.jpg,Malignant,cancer,D2-0339,train
cmmd,Preprocessed_Dataset/cmmd/cmmd_3967.jpg,Malignant,cancer,D2-0340,train
cmmd,Preprocessed_Dataset/cmmd/cmmd_3968.jpg,Malignant,cancer,D2-0341,train
cmmd,Preprocessed_Dataset/cmmd/cmmd_3969.jpg,Malignant,cancer,D2-0342,train
cmmd,Preprocessed_Dataset/cmmd/cmmd_3970.jpg,Malignant,cancer,D2-0343,val
cmmd,Preprocessed_Dataset/cmmd/cmmd_3971.jpg,Malignant,cancer,D2-0344,train
cmmd,Preprocessed_Dataset/cmmd/cmmd_3972.jpg,Malignant,cancer,D2-0345,train
cmmd,Preprocessed_Dataset/cmmd/cmmd_3973.jpg,Malignant,cancer,D2-0346,train
cmmd,Preprocessed_Dataset/cmmd/cmmd_3974.jpg,Malignant,cancer,D2-0347,train
cmmd,Preprocessed_Dataset/cmmd/cmmd_3975.jpg,Malignant,cancer,D2-0348,test
cmmd,Preprocessed_Dataset/cmmd/cmmd_3976.jpg,Malignant,cancer,D2-0349,train
cmmd,Preprocessed_Dataset/cmmd/cmmd_3977.jpg,Malignant,cancer,D2-0350,train
cmmd,Preprocessed_Dataset/cmmd/cmmd_3978.jpg,Malignant,cancer,D2-0351,train
cmmd,Preprocessed_Dataset/cmmd/cmmd_3979.jpg,Malignant,cancer,D2-0352,train
cmmd,Preprocessed_Dataset/cmmd/cmmd_3980.jpg,Malignant,cancer,D2-0353,train
cmmd,Preprocessed_Dataset/cmmd/cmmd_3981.jpg,Malignant,cancer,D2-0354,val
cmmd,Preprocessed_Dataset/cmmd/cmmd_3982.jpg,Malignant,cancer,D2-0355,train
cmmd,Preprocessed_Dataset/cmmd/cmmd_3983.jpg,Malignant,cancer,D2-0356,train
cmmd,Preprocessed_Dataset/cmmd/cmmd_3984.jpg,Malignant,cancer,D2-0357,train
cmmd,Preprocessed_Dataset/cmmd/cmmd_3985.jpg,Malignant,cancer,D2-0358,train
cmmd,Preprocessed_Dataset/cmmd/cmmd_3986.jpg,Malignant,cancer,D2-0359,train
cmmd,Preprocessed_Dataset/cmmd/cmmd_3987.jpg,Malignant,cancer,D2-0360,train
cmmd,Preprocessed_Dataset/cmmd/cmmd_3988.jpg,Malignant,cancer,D2-0361,test
cmmd,Preprocessed_Dataset/cmmd/cmmd_3989.jpg,Malignant,cancer,D2-0362,train
cmmd,Preprocessed_Dataset/cmmd/cmmd_3990.jpg,Malignant,cancer,D2-0363,train
cmmd,Preprocessed_Dataset/cmmd/cmmd_3991.jpg,Malignant,cancer,D2-0364,train
cmmd,Preprocessed_Dataset/cmmd/cmmd_3992.jpg,Malignant,cancer,D2-0365,train
cmmd,Preprocessed_Dataset/cmmd/cmmd_3993.jpg,Malignant,cancer,D2-0366,train
cmmd,Preprocessed_Dataset/cmmd/cmmd_3994.jpg,Malignant,cancer,D2-0367,train
cmmd,Preprocessed_Dataset/cmmd/cmmd_3995.jpg,Malignant,cancer,D2-0368,val
cmmd,Preprocessed_Dataset/cmmd/cmmd_3996.jpg,Malignant,cancer,D2-0369,val
cmmd,Preprocessed_Dataset/cmmd/cmmd_3997.jpg,Malignant,cancer,D2-0370,test
cmmd,Preprocessed_Dataset/cmmd/cmmd_3998.jpg,Malignant,cancer,D2-0371,train
cmmd,Preprocessed_Dataset/cmmd/cmmd_3999.jpg,Malignant,cancer,D2-0372,train
cmmd,Preprocessed_Dataset/cmmd/cmmd_4000.jpg,Malignant,cancer,D2-0373,train
cmmd,Preprocessed_Dataset/cmmd/cmmd_4001.jpg,Malignant,cancer,D2-0374,train
cmmd,Preprocessed_Dataset/cmmd/cmmd_4002.jpg,Malignant,cancer,D2-0375,train
cmmd,Preprocessed_Dataset/cmmd/cmmd_4003.jpg,Malignant,cancer,D2-0376,test
cmmd,Preprocessed_Dataset/cmmd/cmmd_4004.jpg,Malignant,cancer,D2-0377,train
cmmd,Preprocessed_Dataset/cmmd/cmmd_4005.jpg,Malignant,cancer,D2-0378,train
cmmd,Preprocessed_Dataset/cmmd/cmmd_4006.jpg,Malignant,cancer,D2-0379,train
cmmd,Preprocessed_Dataset/cmmd/cmmd_4007.jpg,Malignant,cancer,D2-0380,train
cmmd,Preprocessed_Dataset/cmmd/cmmd_4008.jpg,Malignant,cancer,D2-0381,train
cmmd,Preprocessed_Dataset/cmmd/cmmd_4009.jpg,Malignant,cancer,D2-0382,train
cmmd,Preprocessed_Dataset/cmmd/cmmd_4010.jpg,Malignant,cancer,D2-0383,train
cmmd,Preprocessed_Dataset/cmmd/cmmd_4011.jpg,Malignant,cancer,D2-0384,train
cmmd,Preprocessed_Dataset/cmmd/cmmd_4012.jpg,Malignant,cancer,D2-0385,train
cmmd,Preprocessed_Dataset/cmmd/cmmd_4013.jpg,Malignant,cancer,D2-0386,train
cmmd,Preprocessed_Dataset/cmmd/cmmd_4014.jpg,Malignant,cancer,D2-0387,train
cmmd,Preprocessed_Dataset/cmmd/cmmd_4015.jpg,Malignant,cancer,D2-0388,train
cmmd,Preprocessed_Dataset/cmmd/cmmd_4016.jpg,Malignant,cancer,D2-0389,train
cmmd,Preprocessed_Dataset/cmmd/cmmd_4017.jpg,Malignant,cancer,D2-0390,test
cmmd,Preprocessed_Dataset/cmmd/cmmd_4018.jpg,Malignant,cancer,D2-0391,train
cmmd,Preprocessed_Dataset/cmmd/cmmd_4019.jpg,Malignant,cancer,D2-0392,val
cmmd,Preprocessed_Dataset/cmmd/cmmd_4020.jpg,Malignant,cancer,D2-0393,train
cmmd,Preprocessed_Dataset/cmmd/cmmd_4021.jpg,Malignant,cancer,D2-0394,train
cmmd,Preprocessed_Dataset/cmmd/cmmd_4022.jpg,Malignant,cancer,D2-0395,val
cmmd,Preprocessed_Dataset/cmmd/cmmd_4023.jpg,Malignant,cancer,D2-0396,test
cmmd,Preprocessed_Dataset/cmmd/cmmd_4024.jpg,Malignant,cancer,D2-0397,val
cmmd,Preprocessed_Dataset/cmmd/cmmd_4025.jpg,Malignant,cancer,D2-0398,test
cmmd,Preprocessed_Dataset/cmmd/cmmd_4026.jpg,Malignant,cancer,D2-0399,test
cmmd,Preprocessed_Dataset/cmmd/cmmd_4027.jpg,Malignant,cancer,D2-0400,test
cmmd,Preprocessed_Dataset/cmmd/cmmd_4028.jpg,Malignant,cancer,D2-0401,test
cmmd,Preprocessed_Dataset/cmmd/cmmd_4029.jpg,Malignant,cancer,D2-0403,train
cmmd,Preprocessed_Dataset/cmmd/cmmd_4030.jpg,Malignant,cancer,D2-0404,train
cmmd,Preprocessed_Dataset/cmmd/cmmd_4031.jpg,Malignant,cancer,D2-0405,train
cmmd,Preprocessed_Dataset/cmmd/cmmd_4032.jpg,Malignant,cancer,D2-0406,train
cmmd,Preprocessed_Dataset/cmmd/cmmd_4033.jpg,Malignant,cancer,D2-0407,train
cmmd,Preprocessed_Dataset/cmmd/cmmd_4034.jpg,Malignant,cancer,D2-0408,train
cmmd,Preprocessed_Dataset/cmmd/cmmd_4035.jpg,Malignant,cancer,D2-0409,train
cmmd,Preprocessed_Dataset/cmmd/cmmd_4036.jpg,Malignant,cancer,D2-0410,train
cmmd,Preprocessed_Dataset/cmmd/cmmd_4037.jpg,Malignant,cancer,D2-0411,train
cmmd,Preprocessed_Dataset/cmmd/cmmd_4038.jpg,Malignant,cancer,D2-0412,test
cmmd,Preprocessed_Dataset/cmmd/cmmd_4039.jpg,Malignant,cancer,D2-0413,val
cmmd,Preprocessed_Dataset/cmmd/cmmd_4040.jpg,Malignant,cancer,D2-0414,train
cmmd,Preprocessed_Dataset/cmmd/cmmd_4041.jpg,Malignant,cancer,D2-0415,train
cmmd,Preprocessed_Dataset/cmmd/cmmd_4042.jpg,Malignant,cancer,D2-0416,test
cmmd,Preprocessed_Dataset/cmmd/cmmd_4043.jpg,Malignant,cancer,D2-0417,train
cmmd,Preprocessed_Dataset/cmmd/cmmd_4044.jpg,Malignant,cancer,D2-0418,train
cmmd,Preprocessed_Dataset/cmmd/cmmd_4045.jpg,Malignant,cancer,D2-0419,train
cmmd,Preprocessed_Dataset/cmmd/cmmd_4046.jpg,Malignant,cancer,D2-0420,train
cmmd,Preprocessed_Dataset/cmmd/cmmd_4047.jpg,Malignant,cancer,D2-0421,test
cmmd,Preprocessed_Dataset/cmmd/cmmd_4048.jpg,Malignant,cancer,D2-0422,test
cmmd,Preprocessed_Dataset/cmmd/cmmd_4049.jpg,Malignant,cancer,D2-0423,train
cmmd,Preprocessed_Dataset/cmmd/cmmd_4050.jpg,Malignant,cancer,D2-0424,train
cmmd,Preprocessed_Dataset/cmmd/cmmd_4051.jpg,Malignant,cancer,D2-0425,train
cmmd,Preprocessed_Dataset/cmmd/cmmd_4052.jpg,Malignant,cancer,D2-0426,test
cmmd,Preprocessed_Dataset/cmmd/cmmd_4053.jpg,Malignant,cancer,D2-0427,train
cmmd,Preprocessed_Dataset/cmmd/cmmd_4054.jpg,Malignant,cancer,D2-0428,train
cmmd,Preprocessed_Dataset/cmmd/cmmd_4055.jpg,Malignant,cancer,D2-0429,train
cmmd,Preprocessed_Dataset/cmmd/cmmd_4056.jpg,Malignant,cancer,D2-0430,train
cmmd,Preprocessed_Dataset/cmmd/cmmd_4057.jpg,Malignant,cancer,D2-0431,train
cmmd,Preprocessed_Dataset/cmmd/cmmd_4058.jpg,Malignant,cancer,D2-0432,train
cmmd,Preprocessed_Dataset/cmmd/cmmd_4059.jpg,Malignant,cancer,D2-0433,test
cmmd,Preprocessed_Dataset/cmmd/cmmd_4060.jpg,Malignant,cancer,D2-0434,train
cmmd,Preprocessed_Dataset/cmmd/cmmd_4061.jpg,Malignant,cancer,D2-0435,train
cmmd,Preprocessed_Dataset/cmmd/cmmd_4062.jpg,Malignant,cancer,D2-0436,val
cmmd,Preprocessed_Dataset/cmmd/cmmd_4063.jpg,Malignant,cancer,D2-0437,train
cmmd,Preprocessed_Dataset/cmmd/cmmd_4064.jpg,Malignant,cancer,D2-0438,train
cmmd,Preprocessed_Dataset/cmmd/cmmd_4065.jpg,Malignant,cancer,D2-0439,train
cmmd,Preprocessed_Dataset/cmmd/cmmd_4066.jpg,Malignant,cancer,D2-0440,train
cmmd,Preprocessed_Dataset/cmmd/cmmd_4067.jpg,Malignant,cancer,D2-0441,train
cmmd,Preprocessed_Dataset/cmmd/cmmd_4068.jpg,Malignant,cancer,D2-0442,train
cmmd,Preprocessed_Dataset/cmmd/cmmd_4069.jpg,Malignant,cancer,D2-0443,train
cmmd,Preprocessed_Dataset/cmmd/cmmd_4070.jpg,Malignant,cancer,D2-0444,train
cmmd,Preprocessed_Dataset/cmmd/cmmd_4071.jpg,Malignant,cancer,D2-0445,train
cmmd,Preprocessed_Dataset/cmmd/cmmd_4072.jpg,Malignant,cancer,D2-0446,train
cmmd,Preprocessed_Dataset/cmmd/cmmd_4073.jpg,Malignant,cancer,D2-0447,train
cmmd,Preprocessed_Dataset/cmmd/cmmd_4074.jpg,Malignant,cancer,D2-0448,train
cmmd,Preprocessed_Dataset/cmmd/cmmd_4075.jpg,Malignant,cancer,D2-0449,train
cmmd,Preprocessed_Dataset/cmmd/cmmd_4076.jpg,Malignant,cancer,D2-0450,val
cmmd,Preprocessed_Dataset/cmmd/cmmd_4077.jpg,Malignant,cancer,D2-0451,train
cmmd,Preprocessed_Dataset/cmmd/cmmd_4078.jpg,Malignant,cancer,D2-0452,train
cmmd,Preprocessed_Dataset/cmmd/cmmd_4079.jpg,Malignant,cancer,D2-0453,test
cmmd,Preprocessed_Dataset/cmmd/cmmd_4080.jpg,Malignant,cancer,D2-0454,train
cmmd,Preprocessed_Dataset/cmmd/cmmd_4081.jpg,Malignant,cancer,D2-0455,val
cmmd,Preprocessed_Dataset/cmmd/cmmd_4082.jpg,Malignant,cancer,D2-0456,train
cmmd,Preprocessed_Dataset/cmmd/cmmd_4083.jpg,Malignant,cancer,D2-0457,val
cmmd,Preprocessed_Dataset/cmmd/cmmd_4084.jpg,Malignant,cancer,D2-0458,test
cmmd,Preprocessed_Dataset/cmmd/cmmd_4085.jpg,Malignant,cancer,D2-0459,test
cmmd,Preprocessed_Dataset/cmmd/cmmd_4086.jpg,Malignant,cancer,D2-0460,test
cmmd,Preprocessed_Dataset/cmmd/cmmd_4087.jpg,Malignant,cancer,D2-0461,val
cmmd,Preprocessed_Dataset/cmmd/cmmd_4088.jpg,Malignant,cancer,D2-0462,val
cmmd,Preprocessed_Dataset/cmmd/cmmd_4089.jpg,Malignant,cancer,D2-0463,train
cmmd,Preprocessed_Dataset/cmmd/cmmd_4090.jpg,Malignant,cancer,D2-0464,train
cmmd,Preprocessed_Dataset/cmmd/cmmd_4091.jpg,Malignant,cancer,D2-0465,train
cmmd,Preprocessed_Dataset/cmmd/cmmd_4092.jpg,Malignant,cancer,D2-0466,val
cmmd,Preprocessed_Dataset/cmmd/cmmd_4093.jpg,Malignant,cancer,D2-0467,train
cmmd,Preprocessed_Dataset/cmmd/cmmd_4094.jpg,Malignant,cancer,D2-0468,test
cmmd,Preprocessed_Dataset/cmmd/cmmd_4095.jpg,Malignant,cancer,D2-0469,val
cmmd,Preprocessed_Dataset/cmmd/cmmd_4096.jpg,Malignant,cancer,D2-0470,train
cmmd,Preprocessed_Dataset/cmmd/cmmd_4097.jpg,Malignant,cancer,D2-0471,test
cmmd,Preprocessed_Dataset/cmmd/cmmd_4098.jpg,Malignant,cancer,D2-0472,train
cmmd,Preprocessed_Dataset/cmmd/cmmd_4099.jpg,Malignant,cancer,D2-0473,train
cmmd,Preprocessed_Dataset/cmmd/cmmd_4100.jpg,Malignant,cancer,D2-0474,train
cmmd,Preprocessed_Dataset/cmmd/cmmd_4101.jpg,Malignant,cancer,D2-0475,train
cmmd,Preprocessed_Dataset/cmmd/cmmd_4102.jpg,Malignant,cancer,D2-0476,train
cmmd,Preprocessed_Dataset/cmmd/cmmd_4103.jpg,Malignant,cancer,D2-0477,train
cmmd,Preprocessed_Dataset/cmmd/cmmd_4104.jpg,Malignant,cancer,D2-0478,train
cmmd,Preprocessed_Dataset/cmmd/cmmd_4105.jpg,Malignant,cancer,D2-0479,val
cmmd,Preprocessed_Dataset/cmmd/cmmd_4106.jpg,Malignant,cancer,D2-0480,train
cmmd,Preprocessed_Dataset/cmmd/cmmd_4107.jpg,Malignant,cancer,D2-0481,train
cmmd,Preprocessed_Dataset/cmmd/cmmd_4108.jpg,Malignant,cancer,D2-0482,train
cmmd,Preprocessed_Dataset/cmmd/cmmd_4109.jpg,Malignant,cancer,D2-0483,train
cmmd,Preprocessed_Dataset/cmmd/cmmd_4110.jpg,Malignant,cancer,D2-0484,train
cmmd,Preprocessed_Dataset/cmmd/cmmd_4111.jpg,Malignant,cancer,D2-0485,test
cmmd,Preprocessed_Dataset/cmmd/cmmd_4112.jpg,Malignant,cancer,D2-0486,val
cmmd,Preprocessed_Dataset/cmmd/cmmd_4113.jpg,Malignant,cancer,D2-0487,train
cmmd,Preprocessed_Dataset/cmmd/cmmd_4114.jpg,Malignant,cancer,D2-0488,test
cmmd,Preprocessed_Dataset/cmmd/cmmd_4115.jpg,Malignant,cancer,D2-0489,train
cmmd,Preprocessed_Dataset/cmmd/cmmd_4116.jpg,Malignant,cancer,D2-0490,train
cmmd,Preprocessed_Dataset/cmmd/cmmd_4117.jpg,Malignant,cancer,D2-0491,train
cmmd,Preprocessed_Dataset/cmmd/cmmd_4118.jpg,Malignant,cancer,D2-0492,val
cmmd,Preprocessed_Dataset/cmmd/cmmd_4119.jpg,Malignant,cancer,D2-0493,train
cmmd,Preprocessed_Dataset/cmmd/cmmd_4120.jpg,Malignant,cancer,D2-0494,train
cmmd,Preprocessed_Dataset/cmmd/cmmd_4121.jpg,Malignant,cancer,D2-0495,train
cmmd,Preprocessed_Dataset/cmmd/cmmd_4122.jpg,Malignant,cancer,D2-0496,train
cmmd,Preprocessed_Dataset/cmmd/cmmd_4123.jpg,Malignant,cancer,D2-0497,test
cmmd,Preprocessed_Dataset/cmmd/cmmd_4124.jpg,Malignant,cancer,D2-0498,train
cmmd,Preprocessed_Dataset/cmmd/cmmd_4125.jpg,Malignant,cancer,D2-0499,train
cmmd,Preprocessed_Dataset/cmmd/cmmd_4126.jpg,Malignant,cancer,D2-0500,val
cmmd,Preprocessed_Dataset/cmmd/cmmd_4127.jpg,Malignant,cancer,D2-0501,val
cmmd,Preprocessed_Dataset/cmmd/cmmd_4128.jpg,Malignant,cancer,D2-0502,train
cmmd,Preprocessed_Dataset/cmmd/cmmd_4129.jpg,Malignant,cancer,D2-0503,train
cmmd,Preprocessed_Dataset/cmmd/cmmd_4130.jpg,Malignant,cancer,D2-0504,train
cmmd,Preprocessed_Dataset/cmmd/cmmd_4131.jpg,Malignant,cancer,D2-0505,val
cmmd,Preprocessed_Dataset/cmmd/cmmd_4132.jpg,Malignant,cancer,D2-0506,train
cmmd,Preprocessed_Dataset/cmmd/cmmd_4133.jpg,Malignant,cancer,D2-0507,train
cmmd,Preprocessed_Dataset/cmmd/cmmd_4134.jpg,Malignant,cancer,D2-0508,train
cmmd,Preprocessed_Dataset/cmmd/cmmd_4135.jpg,Malignant,cancer,D2-0509,train
cmmd,Preprocessed_Dataset/cmmd/cmmd_4136.jpg,Malignant,cancer,D2-0510,train
cmmd,Preprocessed_Dataset/cmmd/cmmd_4137.jpg,Malignant,cancer,D2-0511,train
cmmd,Preprocessed_Dataset/cmmd/cmmd_4138.jpg,Malignant,cancer,D2-0512,val
cmmd,Preprocessed_Dataset/cmmd/cmmd_4139.jpg,Malignant,cancer,D2-0513,train
cmmd,Preprocessed_Dataset/cmmd/cmmd_4140.jpg,Malignant,cancer,D2-0514,train
cmmd,Preprocessed_Dataset/cmmd/cmmd_4141.jpg,Malignant,cancer,D2-0515,val
cmmd,Preprocessed_Dataset/cmmd/cmmd_4142.jpg,Malignant,cancer,D2-0516,train
cmmd,Preprocessed_Dataset/cmmd/cmmd_4143.jpg,Malignant,cancer,D2-0517,val
cmmd,Preprocessed_Dataset/cmmd/cmmd_4144.jpg,Malignant,cancer,D2-0518,train
cmmd,Preprocessed_Dataset/cmmd/cmmd_4145.jpg,Malignant,cancer,D2-0519,train
cmmd,Preprocessed_Dataset/cmmd/cmmd_4146.jpg,Malignant,cancer,D2-0520,train
cmmd,Preprocessed_Dataset/cmmd/cmmd_4147.jpg,Malignant,cancer,D2-0521,train
cmmd,Preprocessed_Dataset/cmmd/cmmd_4148.jpg,Malignant,cancer,D2-0522,train
cmmd,Preprocessed_Dataset/cmmd/cmmd_4149.jpg,Malignant,cancer,D2-0523,test
cmmd,Preprocessed_Dataset/cmmd/cmmd_4150.jpg,Malignant,cancer,D2-0524,train
cmmd,Preprocessed_Dataset/cmmd/cmmd_4151.jpg,Malignant,cancer,D2-0525,test
cmmd,Preprocessed_Dataset/cmmd/cmmd_4152.jpg,Malignant,cancer,D2-0526,train
cmmd,Preprocessed_Dataset/cmmd/cmmd_4153.jpg,Malignant,cancer,D2-0527,test
cmmd,Preprocessed_Dataset/cmmd/cmmd_4154.jpg,Malignant,cancer,D2-0528,val
cmmd,Preprocessed_Dataset/cmmd/cmmd_4155.jpg,Malignant,cancer,D2-0529,train
cmmd,Preprocessed_Dataset/cmmd/cmmd_4156.jpg,Malignant,cancer,D2-0530,train
cmmd,Preprocessed_Dataset/cmmd/cmmd_4157.jpg,Malignant,cancer,D2-0531,val
cmmd,Preprocessed_Dataset/cmmd/cmmd_4158.jpg,Malignant,cancer,D2-0532,train
cmmd,Preprocessed_Dataset/cmmd/cmmd_4159.jpg,Malignant,cancer,D2-0533,train
cmmd,Preprocessed_Dataset/cmmd/cmmd_4160.jpg,Malignant,cancer,D2-0534,train
cmmd,Preprocessed_Dataset/cmmd/cmmd_4161.jpg,Malignant,cancer,D2-0535,test
cmmd,Preprocessed_Dataset/cmmd/cmmd_4162.jpg,Malignant,cancer,D2-0536,test
cmmd,Preprocessed_Dataset/cmmd/cmmd_4163.jpg,Malignant,cancer,D2-0537,train
cmmd,Preprocessed_Dataset/cmmd/cmmd_4164.jpg,Malignant,cancer,D2-0538,train
cmmd,Preprocessed_Dataset/cmmd/cmmd_4165.jpg,Malignant,cancer,D2-0539,test
cmmd,Preprocessed_Dataset/cmmd/cmmd_4166.jpg,Malignant,cancer,D2-0540,val
cmmd,Preprocessed_Dataset/cmmd/cmmd_4167.jpg,Malignant,cancer,D2-0541,train
cmmd,Preprocessed_Dataset/cmmd/cmmd_4168.jpg,Malignant,cancer,D2-0542,train
cmmd,Preprocessed_Dataset/cmmd/cmmd_4169.jpg,Malignant,cancer,D2-0543,train
cmmd,Preprocessed_Dataset/cmmd/cmmd_4170.jpg,Malignant,cancer,D2-0544,train
cmmd,Preprocessed_Dataset/cmmd/cmmd_4171.jpg,Malignant,cancer,D2-0545,val
cmmd,Preprocessed_Dataset/cmmd/cmmd_4172.jpg,Malignant,cancer,D2-0546,test
cmmd,Preprocessed_Dataset/cmmd/cmmd_4173.jpg,Malignant,cancer,D2-0547,train
cmmd,Preprocessed_Dataset/cmmd/cmmd_4174.jpg,Malignant,cancer,D2-0548,train
cmmd,Preprocessed_Dataset/cmmd/cmmd_4175.jpg,Malignant,cancer,D2-0549,train
cmmd,Preprocessed_Dataset/cmmd/cmmd_4176.jpg,Malignant,cancer,D2-0550,val
cmmd,Preprocessed_Dataset/cmmd/cmmd_4177.jpg,Malignant,cancer,D2-0551,test
cmmd,Preprocessed_Dataset/cmmd/cmmd_4178.jpg,Malignant,cancer,D2-0552,train
cmmd,Preprocessed_Dataset/cmmd/cmmd_4179.jpg,Malignant,cancer,D2-0553,val
cmmd,Preprocessed_Dataset/cmmd/cmmd_4180.jpg,Malignant,cancer,D2-0554,train
cmmd,Preprocessed_Dataset/cmmd/cmmd_4181.jpg,Malignant,cancer,D2-0555,val
cmmd,Preprocessed_Dataset/cmmd/cmmd_4182.jpg,Malignant,cancer,D2-0556,train
cmmd,Preprocessed_Dataset/cmmd/cmmd_4183.jpg,Malignant,cancer,D2-0557,train
cmmd,Preprocessed_Dataset/cmmd/cmmd_4184.jpg,Malignant,cancer,D2-0558,train
cmmd,Preprocessed_Dataset/cmmd/cmmd_4185.jpg,Malignant,cancer,D2-0559,train
cmmd,Preprocessed_Dataset/cmmd/cmmd_4186.jpg,Malignant,cancer,D2-0560,val
cmmd,Preprocessed_Dataset/cmmd/cmmd_4187.jpg,Malignant,cancer,D2-0561,train
cmmd,Preprocessed_Dataset/cmmd/cmmd_4188.jpg,Malignant,cancer,D2-0562,train
cmmd,Preprocessed_Dataset/cmmd/cmmd_4189.jpg,Malignant,cancer,D2-0563,train
cmmd,Preprocessed_Dataset/cmmd/cmmd_4190.jpg,Malignant,cancer,D2-0564,val
cmmd,Preprocessed_Dataset/cmmd/cmmd_4191.jpg,Malignant,cancer,D2-0565,train
cmmd,Preprocessed_Dataset/cmmd/cmmd_4192.jpg,Malignant,cancer,D2-0566,test
cmmd,Preprocessed_Dataset/cmmd/cmmd_4193.jpg,Malignant,cancer,D2-0567,test
cmmd,Preprocessed_Dataset/cmmd/cmmd_4194.jpg,Malignant,cancer,D2-0568,train
cmmd,Preprocessed_Dataset/cmmd/cmmd_4195.jpg,Malignant,cancer,D2-0569,train
cmmd,Preprocessed_Dataset/cmmd/cmmd_4196.jpg,Malignant,cancer,D2-0570,val
cmmd,Preprocessed_Dataset/cmmd/cmmd_4197.jpg,Malignant,cancer,D2-0571,test
cmmd,Preprocessed_Dataset/cmmd/cmmd_4198.jpg,Malignant,cancer,D2-0572,train
cmmd,Preprocessed_Dataset/cmmd/cmmd_4199.jpg,Malignant,cancer,D2-0573,train
cmmd,Preprocessed_Dataset/cmmd/cmmd_4200.jpg,Malignant,cancer,D2-0574,test
cmmd,Preprocessed_Dataset/cmmd/cmmd_4201.jpg,Malignant,cancer,D2-0575,train
cmmd,Preprocessed_Dataset/cmmd/cmmd_4202.jpg,Malignant,cancer,D2-0576,train
cmmd,Preprocessed_Dataset/cmmd/cmmd_4203.jpg,Malignant,cancer,D2-0577,val
cmmd,Preprocessed_Dataset/cmmd/cmmd_4204.jpg,Malignant,cancer,D2-0578,train
cmmd,Preprocessed_Dataset/cmmd/cmmd_4205.jpg,Malignant,cancer,D2-0579,train
cmmd,Preprocessed_Dataset/cmmd/cmmd_4206.jpg,Malignant,cancer,D2-0580,train
cmmd,Preprocessed_Dataset/cmmd/cmmd_4207.jpg,Malignant,cancer,D2-0581,train
cmmd,Preprocessed_Dataset/cmmd/cmmd_4208.jpg,Malignant,cancer,D2-0582,train
cmmd,Preprocessed_Dataset/cmmd/cmmd_4209.jpg,Malignant,cancer,D2-0583,train
cmmd,Preprocessed_Dataset/cmmd/cmmd_4210.jpg,Malignant,cancer,D2-0584,train
cmmd,Preprocessed_Dataset/cmmd/cmmd_4211.jpg,Malignant,cancer,D2-0585,val
cmmd,Preprocessed_Dataset/cmmd/cmmd_4212.jpg,Malignant,cancer,D2-0586,train
cmmd,Preprocessed_Dataset/cmmd/cmmd_4213.jpg,Malignant,cancer,D2-0587,train
cmmd,Preprocessed_Dataset/cmmd/cmmd_4214.jpg,Malignant,cancer,D2-0588,train
cmmd,Preprocessed_Dataset/cmmd/cmmd_4215.jpg,Malignant,cancer,D2-0589,train
cmmd,Preprocessed_Dataset/cmmd/cmmd_4216.jpg,Malignant,cancer,D2-0590,train
cmmd,Preprocessed_Dataset/cmmd/cmmd_4217.jpg,Malignant,cancer,D2-0591,train
cmmd,Preprocessed_Dataset/cmmd/cmmd_4218.jpg,Malignant,cancer,D2-0592,train
cmmd,Preprocessed_Dataset/cmmd/cmmd_4219.jpg,Malignant,cancer,D2-0593,val
cmmd,Preprocessed_Dataset/cmmd/cmmd_4220.jpg,Malignant,cancer,D2-0594,train
cmmd,Preprocessed_Dataset/cmmd/cmmd_4221.jpg,Malignant,cancer,D2-0595,val
cmmd,Preprocessed_Dataset/cmmd/cmmd_4222.jpg,Malignant,cancer,D2-0596,train
cmmd,Preprocessed_Dataset/cmmd/cmmd_4223.jpg,Malignant,cancer,D2-0597,train
cmmd,Preprocessed_Dataset/cmmd/cmmd_4224.jpg,Malignant,cancer,D2-0598,train
cmmd,Preprocessed_Dataset/cmmd/cmmd_4225.jpg,Malignant,cancer,D2-0599,train
cmmd,Preprocessed_Dataset/cmmd/cmmd_4226.jpg,Malignant,cancer,D2-0600,val
cmmd,Preprocessed_Dataset/cmmd/cmmd_4227.jpg,Malignant,cancer,D2-0601,train
cmmd,Preprocessed_Dataset/cmmd/cmmd_4228.jpg,Malignant,cancer,D2-0602,test
cmmd,Preprocessed_Dataset/cmmd/cmmd_4229.jpg,Malignant,cancer,D2-0603,val
cmmd,Preprocessed_Dataset/cmmd/cmmd_4230.jpg,Malignant,cancer,D2-0604,train
cmmd,Preprocessed_Dataset/cmmd/cmmd_4231.jpg,Malignant,cancer,D2-0605,train
cmmd,Preprocessed_Dataset/cmmd/cmmd_4232.jpg,Malignant,cancer,D2-0606,test
cmmd,Preprocessed_Dataset/cmmd/cmmd_4233.jpg,Malignant,cancer,D2-0607,train
cmmd,Preprocessed_Dataset/cmmd/cmmd_4234.jpg,Malignant,cancer,D2-0608,test
cmmd,Preprocessed_Dataset/cmmd/cmmd_4235.jpg,Malignant,cancer,D2-0609,train
cmmd,Preprocessed_Dataset/cmmd/cmmd_4236.jpg,Malignant,cancer,D2-0610,train
cmmd,Preprocessed_Dataset/cmmd/cmmd_4237.jpg,Malignant,cancer,D2-0611,test
cmmd,Preprocessed_Dataset/cmmd/cmmd_4238.jpg,Malignant,cancer,D2-0612,train
cmmd,Preprocessed_Dataset/cmmd/cmmd_4239.jpg,Malignant,cancer,D2-0613,train
cmmd,Preprocessed_Dataset/cmmd/cmmd_4240.jpg,Malignant,cancer,D2-0614,train
cmmd,Preprocessed_Dataset/cmmd/cmmd_4241.jpg,Malignant,cancer,D2-0615,train
cmmd,Preprocessed_Dataset/cmmd/cmmd_4242.jpg,Malignant,cancer,D2-0616,train
cmmd,Preprocessed_Dataset/cmmd/cmmd_4243.jpg,Malignant,cancer,D2-0617,test
cmmd,Preprocessed_Dataset/cmmd/cmmd_4244.jpg,Malignant,cancer,D2-0618,train
cmmd,Preprocessed_Dataset/cmmd/cmmd_4245.jpg,Malignant,cancer,D2-0619,test
cmmd,Preprocessed_Dataset/cmmd/cmmd_4246.jpg,Malignant,cancer,D2-0620,train
cmmd,Preprocessed_Dataset/cmmd/cmmd_4247.jpg,Malignant,cancer,D2-0621,val
cmmd,Preprocessed_Dataset/cmmd/cmmd_4248.jpg,Malignant,cancer,D2-0622,train
cmmd,Preprocessed_Dataset/cmmd/cmmd_4249.jpg,Malignant,cancer,D2-0623,train
cmmd,Preprocessed_Dataset/cmmd/cmmd_4250.jpg,Malignant,cancer,D2-0624,train
cmmd,Preprocessed_Dataset/cmmd/cmmd_4251.jpg,Malignant,cancer,D2-0625,val
cmmd,Preprocessed_Dataset/cmmd/cmmd_4252.jpg,Malignant,cancer,D2-0626,train
cmmd,Preprocessed_Dataset/cmmd/cmmd_4253.jpg,Malignant,cancer,D2-0627,train
cmmd,Preprocessed_Dataset/cmmd/cmmd_4254.jpg,Malignant,cancer,D2-0628,test
cmmd,Preprocessed_Dataset/cmmd/cmmd_4255.jpg,Malignant,cancer,D2-0629,test
cmmd,Preprocessed_Dataset/cmmd/cmmd_4256.jpg,Malignant,cancer,D2-0630,train
cmmd,Preprocessed_Dataset/cmmd/cmmd_4257.jpg,Malignant,cancer,D2-0631,train
cmmd,Preprocessed_Dataset/cmmd/cmmd_4258.jpg,Malignant,cancer,D2-0632,train
cmmd,Preprocessed_Dataset/cmmd/cmmd_4259.jpg,Malignant,cancer,D2-0633,test
cmmd,Preprocessed_Dataset/cmmd/cmmd_4260.jpg,Malignant,cancer,D2-0634,train
cmmd,Preprocessed_Dataset/cmmd/cmmd_4261.jpg,Malignant,cancer,D2-0635,train
cmmd,Preprocessed_Dataset/cmmd/cmmd_4262.jpg,Malignant,cancer,D2-0636,test
cmmd,Preprocessed_Dataset/cmmd/cmmd_4263.jpg,Malignant,cancer,D2-0637,val
cmmd,Preprocessed_Dataset/cmmd/cmmd_4264.jpg,Malignant,cancer,D2-0638,train
cmmd,Preprocessed_Dataset/cmmd/cmmd_4265.jpg,Malignant,cancer,D2-0639,train
cmmd,Preprocessed_Dataset/cmmd/cmmd_4266.jpg,Malignant,cancer,D2-0640,test
cmmd,Preprocessed_Dataset/cmmd/cmmd_4267.jpg,Malignant,cancer,D2-0641,train
cmmd,Preprocessed_Dataset/cmmd/cmmd_4268.jpg,Malignant,cancer,D2-0642,test
cmmd,Preprocessed_Dataset/cmmd/cmmd_4269.jpg,Malignant,cancer,D2-0643,train
cmmd,Preprocessed_Dataset/cmmd/cmmd_4270.jpg,Malignant,cancer,D2-0644,train
cmmd,Preprocessed_Dataset/cmmd/cmmd_4271.jpg,Malignant,cancer,D2-0645,train
cmmd,Preprocessed_Dataset/cmmd/cmmd_4272.jpg,Malignant,cancer,D2-0646,train
cmmd,Preprocessed_Dataset/cmmd/cmmd_4273.jpg,Malignant,cancer,D2-0647,val
cmmd,Preprocessed_Dataset/cmmd/cmmd_4274.jpg,Malignant,cancer,D2-0648,train
cmmd,Preprocessed_Dataset/cmmd/cmmd_4275.jpg,Malignant,cancer,D2-0649,train
cmmd,Preprocessed_Dataset/cmmd/cmmd_4276.jpg,Malignant,cancer,D2-0650,val
cmmd,Preprocessed_Dataset/cmmd/cmmd_4277.jpg,Malignant,cancer,D2-0651,train
cmmd,Preprocessed_Dataset/cmmd/cmmd_4278.jpg,Malignant,cancer,D2-0652,train
cmmd,Preprocessed_Dataset/cmmd/cmmd_4279.jpg,Malignant,cancer,D2-0653,train
cmmd,Preprocessed_Dataset/cmmd/cmmd_4280.jpg,Malignant,cancer,D2-0654,train
cmmd,Preprocessed_Dataset/cmmd/cmmd_4281.jpg,Malignant,cancer,D2-0655,train
cmmd,Preprocessed_Dataset/cmmd/cmmd_4282.jpg,Malignant,cancer,D2-0656,test
cmmd,Preprocessed_Dataset/cmmd/cmmd_4283.jpg,Malignant,cancer,D2-0657,train
cmmd,Preprocessed_Dataset/cmmd/cmmd_4284.jpg,Malignant,cancer,D2-0658,train
cmmd,Preprocessed_Dataset/cmmd/cmmd_4285.jpg,Malignant,cancer,D2-0659,val
cmmd,Preprocessed_Dataset/cmmd/cmmd_4286.jpg,Malignant,cancer,D2-0660,train
cmmd,Preprocessed_Dataset/cmmd/cmmd_4287.jpg,Malignant,cancer,D2-0661,train
cmmd,Preprocessed_Dataset/cmmd/cmmd_4288.jpg,Malignant,cancer,D2-0662,train
cmmd,Preprocessed_Dataset/cmmd/cmmd_4289.jpg,Malignant,cancer,D2-0663,test
cmmd,Preprocessed_Dataset/cmmd/cmmd_4290.jpg,Malignant,cancer,D2-0664,train
cmmd,Preprocessed_Dataset/cmmd/cmmd_4291.jpg,Malignant,cancer,D2-0665,train
cmmd,Preprocessed_Dataset/cmmd/cmmd_4292.jpg,Malignant,cancer,D2-0666,train
cmmd,Preprocessed_Dataset/cmmd/cmmd_4293.jpg,Malignant,cancer,D2-0667,train
cmmd,Preprocessed_Dataset/cmmd/cmmd_4294.jpg,Malignant,cancer,D2-0668,test
cmmd,Preprocessed_Dataset/cmmd/cmmd_4295.jpg,Malignant,cancer,D2-0669,train
cmmd,Preprocessed_Dataset/cmmd/cmmd_4296.jpg,Malignant,cancer,D2-0670,train
cmmd,Preprocessed_Dataset/cmmd/cmmd_4297.jpg,Malignant,cancer,D2-0671,test
cmmd,Preprocessed_Dataset/cmmd/cmmd_4298.jpg,Malignant,cancer,D2-0672,val
cmmd,Preprocessed_Dataset/cmmd/cmmd_4299.jpg,Malignant,cancer,D2-0673,val
cmmd,Preprocessed_Dataset/cmmd/cmmd_4300.jpg,Malignant,cancer,D2-0674,train
cmmd,Preprocessed_Dataset/cmmd/cmmd_4301.jpg,Malignant,cancer,D2-0675,train
cmmd,Preprocessed_Dataset/cmmd/cmmd_4302.jpg,Malignant,cancer,D2-0676,test
cmmd,Preprocessed_Dataset/cmmd/cmmd_4303.jpg,Malignant,cancer,D2-0677,train
cmmd,Preprocessed_Dataset/cmmd/cmmd_4304.jpg,Malignant,cancer,D2-0678,val
cmmd,Preprocessed_Dataset/cmmd/cmmd_4305.jpg,Malignant,cancer,D2-0679,test
cmmd,Preprocessed_Dataset/cmmd/cmmd_4306.jpg,Malignant,cancer,D2-0680,train
cmmd,Preprocessed_Dataset/cmmd/cmmd_4307.jpg,Malignant,cancer,D2-0681,train
cmmd,Preprocessed_Dataset/cmmd/cmmd_4308.jpg,Malignant,cancer,D2-0682,train
cmmd,Preprocessed_Dataset/cmmd/cmmd_4309.jpg,Malignant,cancer,D2-0683,val
cmmd,Preprocessed_Dataset/cmmd/cmmd_4310.jpg,Malignant,cancer,D2-0684,train
cmmd,Preprocessed_Dataset/cmmd/cmmd_4311.jpg,Malignant,cancer,D2-0685,train
cmmd,Preprocessed_Dataset/cmmd/cmmd_4312.jpg,Malignant,cancer,D2-0686,val
cmmd,Preprocessed_Dataset/cmmd/cmmd_4313.jpg,Malignant,cancer,D2-0687,test
cmmd,Preprocessed_Dataset/cmmd/cmmd_4314.jpg,Malignant,cancer,D2-0688,train
cmmd,Preprocessed_Dataset/cmmd/cmmd_4315.jpg,Malignant,cancer,D2-0689,train
cmmd,Preprocessed_Dataset/cmmd/cmmd_4316.jpg,Malignant,cancer,D2-0690,val
cmmd,Preprocessed_Dataset/cmmd/cmmd_4317.jpg,Malignant,cancer,D2-0691,train
cmmd,Preprocessed_Dataset/cmmd/cmmd_4318.jpg,Malignant,cancer,D2-0692,train
cmmd,Preprocessed_Dataset/cmmd/cmmd_4319.jpg,Malignant,cancer,D2-0693,val
cmmd,Preprocessed_Dataset/cmmd/cmmd_4320.jpg,Malignant,cancer,D2-0694,train
cmmd,Preprocessed_Dataset/cmmd/cmmd_4321.jpg,Malignant,cancer,D2-0695,train
cmmd,Preprocessed_Dataset/cmmd/cmmd_4322.jpg,Malignant,cancer,D2-0696,val
cmmd,Preprocessed_Dataset/cmmd/cmmd_4323.jpg,Malignant,cancer,D2-0697,train
cmmd,Preprocessed_Dataset/cmmd/cmmd_4324.jpg,Malignant,cancer,D2-0698,train
cmmd,Preprocessed_Dataset/cmmd/cmmd_4325.jpg,Malignant,cancer,D2-0699,train
cmmd,Preprocessed_Dataset/cmmd/cmmd_4326.jpg,Malignant,cancer,D2-0700,train
cmmd,Preprocessed_Dataset/cmmd/cmmd_4327.jpg,Benign,non-cancer,D2-0701,test
cmmd,Preprocessed_Dataset/cmmd/cmmd_4328.jpg,Malignant,cancer,D2-0702,train
cmmd,Preprocessed_Dataset/cmmd/cmmd_4329.jpg,Malignant,cancer,D2-0703,train
cmmd,Preprocessed_Dataset/cmmd/cmmd_4330.jpg,Malignant,cancer,D2-0704,test
cmmd,Preprocessed_Dataset/cmmd/cmmd_4331.jpg,Malignant,cancer,D2-0705,train
cmmd,Preprocessed_Dataset/cmmd/cmmd_4332.jpg,Malignant,cancer,D2-0706,train
cmmd,Preprocessed_Dataset/cmmd/cmmd_4333.jpg,Malignant,cancer,D2-0707,train
cmmd,Preprocessed_Dataset/cmmd/cmmd_4334.jpg,Malignant,cancer,D2-0708,train
cmmd,Preprocessed_Dataset/cmmd/cmmd_4335.jpg,Malignant,cancer,D2-0709,test
cmmd,Preprocessed_Dataset/cmmd/cmmd_4336.jpg,Malignant,cancer,D2-0710,train
cmmd,Preprocessed_Dataset/cmmd/cmmd_4337.jpg,Malignant,cancer,D2-0711,train
cmmd,Preprocessed_Dataset/cmmd/cmmd_4338.jpg,Malignant,cancer,D2-0712,train
cmmd,Preprocessed_Dataset/cmmd/cmmd_4339.jpg,Malignant,cancer,D2-0713,test
cmmd,Preprocessed_Dataset/cmmd/cmmd_4340.jpg,Malignant,cancer,D2-0714,train
cmmd,Preprocessed_Dataset/cmmd/cmmd_4341.jpg,Malignant,cancer,D2-0715,train
cmmd,Preprocessed_Dataset/cmmd/cmmd_4342.jpg,Malignant,cancer,D2-0716,val
cmmd,Preprocessed_Dataset/cmmd/cmmd_4343.jpg,Malignant,cancer,D2-0717,val
cmmd,Preprocessed_Dataset/cmmd/cmmd_4344.jpg,Malignant,cancer,D2-0718,train
cmmd,Preprocessed_Dataset/cmmd/cmmd_4345.jpg,Malignant,cancer,D2-0719,test
cmmd,Preprocessed_Dataset/cmmd/cmmd_4346.jpg,Malignant,cancer,D2-0720,train
cmmd,Preprocessed_Dataset/cmmd/cmmd_4347.jpg,Malignant,cancer,D2-0721,train
cmmd,Preprocessed_Dataset/cmmd/cmmd_4348.jpg,Malignant,cancer,D2-0722,train
cmmd,Preprocessed_Dataset/cmmd/cmmd_4349.jpg,Malignant,cancer,D2-0723,train
cmmd,Preprocessed_Dataset/cmmd/cmmd_4350.jpg,Malignant,cancer,D2-0724,train
cmmd,Preprocessed_Dataset/cmmd/cmmd_4351.jpg,Malignant,cancer,D2-0725,val
cmmd,Preprocessed_Dataset/cmmd/cmmd_4352.jpg,Malignant,cancer,D2-0726,train
cmmd,Preprocessed_Dataset/cmmd/cmmd_4353.jpg,Malignant,cancer,D2-0727,val
cmmd,Preprocessed_Dataset/cmmd/cmmd_4354.jpg,Malignant,cancer,D2-0728,val
cmmd,Preprocessed_Dataset/cmmd/cmmd_4355.jpg,Malignant,cancer,D2-0729,train
cmmd,Preprocessed_Dataset/cmmd/cmmd_4356.jpg,Malignant,cancer,D2-0730,test
cmmd,Preprocessed_Dataset/cmmd/cmmd_4357.jpg,Malignant,cancer,D2-0731,test
cmmd,Preprocessed_Dataset/cmmd/cmmd_4358.jpg,Malignant,cancer,D2-0732,val
cmmd,Preprocessed_Dataset/cmmd/cmmd_4359.jpg,Malignant,cancer,D2-0733,train
cmmd,Preprocessed_Dataset/cmmd/cmmd_4360.jpg,Malignant,cancer,D2-0734,train
cmmd,Preprocessed_Dataset/cmmd/cmmd_4361.jpg,Malignant,cancer,D2-0735,train
cmmd,Preprocessed_Dataset/cmmd/cmmd_4362.jpg,Malignant,cancer,D2-0736,val
cmmd,Preprocessed_Dataset/cmmd/cmmd_4363.jpg,Malignant,cancer,D2-0737,test
cmmd,Preprocessed_Dataset/cmmd/cmmd_4364.jpg,Malignant,cancer,D2-0738,train
cmmd,Preprocessed_Dataset/cmmd/cmmd_4365.jpg,Malignant,cancer,D2-0739,train
cmmd,Preprocessed_Dataset/cmmd/cmmd_4366.jpg,Malignant,cancer,D2-0740,train
cmmd,Preprocessed_Dataset/cmmd/cmmd_4367.jpg,Malignant,cancer,D2-0741,train
cmmd,Preprocessed_Dataset/cmmd/cmmd_4368.jpg,Malignant,cancer,D2-0742,train
cmmd,Preprocessed_Dataset/cmmd/cmmd_4369.jpg,Malignant,cancer,D2-0743,train
cmmd,Preprocessed_Dataset/cmmd/cmmd_4370.jpg,Malignant,cancer,D2-0744,train
cmmd,Preprocessed_Dataset/cmmd/cmmd_4371.jpg,Malignant,cancer,D2-0745,train
cmmd,Preprocessed_Dataset/cmmd/cmmd_4372.jpg,Malignant,cancer,D2-0746,test
cmmd,Preprocessed_Dataset/cmmd/cmmd_4373.jpg,Malignant,cancer,D2-0747,train
cmmd,Preprocessed_Dataset/cmmd/cmmd_4374.jpg,Malignant,cancer,D2-0748,train
cmmd,Preprocessed_Dataset/cmmd/cmmd_4375.jpg,Malignant,cancer,D2-0749,train
cmmd,Preprocessed_Dataset/cmmd/cmmd_4376.jpg,Benign,non-cancer,D1.5-0021,train
cmmd,Preprocessed_Dataset/cmmd/cmmd_4377.jpg,Benign,non-cancer,D1.5-0032,train
cmmd,Preprocessed_Dataset/cmmd/cmmd_4378.jpg,Benign,non-cancer,D1.5-0034,train
cmmd,Preprocessed_Dataset/cmmd/cmmd_4379.jpg,Benign,non-cancer,D1.5-0035,train
cmmd,Preprocessed_Dataset/cmmd/cmmd_4380.jpg,Benign,non-cancer,D1.5-0039,val
cmmd,Preprocessed_Dataset/cmmd/cmmd_4381.jpg,Benign,non-cancer,D1.5-0087,val
cmmd,Preprocessed_Dataset/cmmd/cmmd_4382.jpg,Malignant,cancer,D1.5-0089,train
cmmd,Preprocessed_Dataset/cmmd/cmmd_4383.jpg,Benign,non-cancer,D1.5-0121,train
cmmd,Preprocessed_Dataset/cmmd/cmmd_4384.jpg,Malignant,cancer,D1.5-0173,train
cmmd,Preprocessed_Dataset/cmmd/cmmd_4385.jpg,Malignant,cancer,D1.5-0202,train
cmmd,Preprocessed_Dataset/cmmd/cmmd_4386.jpg,Benign,non-cancer,D1.5-0203,train
cmmd,Preprocessed_Dataset/cmmd/cmmd_4387.jpg,Malignant,cancer,D1.5-0207,val
cmmd,Preprocessed_Dataset/cmmd/cmmd_4388.jpg,Benign,non-cancer,D1.5-0213,test
cmmd,Preprocessed_Dataset/cmmd/cmmd_4389.jpg,Benign,non-cancer,D1.5-0221,train
cmmd,Preprocessed_Dataset/cmmd/cmmd_4390.jpg,Malignant,cancer,D1.5-0223,train
cmmd,Preprocessed_Dataset/cmmd/cmmd_4391.jpg,Benign,non-cancer,D1.5-0245,train
cmmd,Preprocessed_Dataset/cmmd/cmmd_4392.jpg,Benign,non-cancer,D1.5-0246,val
cmmd,Preprocessed_Dataset/cmmd/cmmd_4393.jpg,Benign,non-cancer,D1.5-0250,test
cmmd,Preprocessed_Dataset/cmmd/cmmd_4394.jpg,Benign,non-cancer,D1.5-0254,train
cmmd,Preprocessed_Dataset/cmmd/cmmd_4395.jpg,Benign,non-cancer,D1.5-0257,train
cmmd,Preprocessed_Dataset/cmmd/cmmd_4396.jpg,Benign,non-cancer,D1.5-0263,train
cmmd,Preprocessed_Dataset/cmmd/cmmd_4397.jpg,Benign,non-cancer,D1.5-0273,train
cmmd,Preprocessed_Dataset/cmmd/cmmd_4398.jpg,Benign,non-cancer,D1.5-0274,test
cmmd,Preprocessed_Dataset/cmmd/cmmd_4399.jpg,Benign,non-cancer,D1.5-0275,train
cmmd,Preprocessed_Dataset/cmmd/cmmd_4400.jpg,Benign,non-cancer,D1.5-0279,train
cmmd,Preprocessed_Dataset/cmmd/cmmd_4401.jpg,Benign,non-cancer,D1.5-0281,val
cmmd,Preprocessed_Dataset/cmmd/cmmd_4402.jpg,Benign,non-cancer,D1.5-0295,train
cmmd,Preprocessed_Dataset/cmmd/cmmd_4403.jpg,Benign,non-cancer,D1.5-0300,train
cmmd,Preprocessed_Dataset/cmmd/cmmd_4404.jpg,Malignant,cancer,D1.5-0310,train
cmmd,Preprocessed_Dataset/cmmd/cmmd_4405.jpg,Malignant,cancer,D1.5-0335,val
cmmd,Preprocessed_Dataset/cmmd/cmmd_4406.jpg,Malignant,cancer,D1.5-0373,train
cmmd,Preprocessed_Dataset/cmmd/cmmd_4407.jpg,Malignant,cancer,D1.5-0609,train
cmmd,Preprocessed_Dataset/cmmd/cmmd_4408.jpg,Malignant,cancer,D1.5-0666,test
cmmd,Preprocessed_Dataset/cmmd/cmmd_4409.jpg,Benign,non-cancer,D1.5-0681,val
cmmd,Preprocessed_Dataset/cmmd/cmmd_4410.jpg,Benign,non-cancer,D1.5-0687,val
cmmd,Preprocessed_Dataset/cmmd/cmmd_4411.jpg,Benign,non-cancer,D1.5-0708,train
cmmd,Preprocessed_Dataset/cmmd/cmmd_4412.jpg,Benign,non-cancer,D1.5-0742,train
cmmd,Preprocessed_Dataset/cmmd/cmmd_4413.jpg,Benign,non-cancer,D1.5-0750,val
cmmd,Preprocessed_Dataset/cmmd/cmmd_4414.jpg,Benign,non-cancer,D1.5-0759,train
cmmd,Preprocessed_Dataset/cmmd/cmmd_4415.jpg,Benign,non-cancer,D1.5-0764,test
cmmd,Preprocessed_Dataset/cmmd/cmmd_4416.jpg,Benign,non-cancer,D1.5-0767,train
cmmd,Preprocessed_Dataset/cmmd/cmmd_4417.jpg,Benign,non-cancer,D1.5-0770,train
cmmd,Preprocessed_Dataset/cmmd/cmmd_4418.jpg,Benign,non-cancer,D1.5-0774,train
cmmd,Preprocessed_Dataset/cmmd/cmmd_4419.jpg,Benign,non-cancer,D1.5-0786,test
cmmd,Preprocessed_Dataset/cmmd/cmmd_4420.jpg,Benign,non-cancer,D1.5-0788,train
cmmd,Preprocessed_Dataset/cmmd/cmmd_4421.jpg,Benign,non-cancer,D1.5-0801,train
cmmd,Preprocessed_Dataset/cmmd/cmmd_4422.jpg,Benign,non-cancer,D1.5-0802,train
cmmd,Preprocessed_Dataset/cmmd/cmmd_4423.jpg,Benign,non-cancer,D1.5-0816,train
cmmd,Preprocessed_Dataset/cmmd/cmmd_4424.jpg,Benign,non-cancer,D1.5-0820,test
cmmd,Preprocessed_Dataset/cmmd/cmmd_4425.jpg,Benign,non-cancer,D1.5-0828,test
cmmd,Preprocessed_Dataset/cmmd/cmmd_4426.jpg,Benign,non-cancer,D1.5-0830,train
cmmd,Preprocessed_Dataset/cmmd/cmmd_4427.jpg,Benign,non-cancer,D1.5-0845,train
cmmd,Preprocessed_Dataset/cmmd/cmmd_4428.jpg,Benign,non-cancer,D1.5-0853,val
cmmd,Preprocessed_Dataset/cmmd/cmmd_4429.jpg,Benign,non-cancer,D1.5-0862,test
cmmd,Preprocessed_Dataset/cmmd/cmmd_4430.jpg,Benign,non-cancer,D1.5-0863,test
cmmd,Preprocessed_Dataset/cmmd/cmmd_4431.jpg,Benign,non-cancer,D1.5-0869,train
cmmd,Preprocessed_Dataset/cmmd/cmmd_4432.jpg,Benign,non-cancer,D1.5-0874,train
cmmd,Preprocessed_Dataset/cmmd/cmmd_4433.jpg,Benign,non-cancer,D1.5-0875,train
cmmd,Preprocessed_Dataset/cmmd/cmmd_4434.jpg,Benign,non-cancer,D1.5-0876,test
cmmd,Preprocessed_Dataset/cmmd/cmmd_4435.jpg,Benign,non-cancer,D1.5-0884,train
cmmd,Preprocessed_Dataset/cmmd/cmmd_4436.jpg,Benign,non-cancer,D1.5-0892,train
cmmd,Preprocessed_Dataset/cmmd/cmmd_4437.jpg,Benign,non-cancer,D1.5-0894,train
cmmd,Preprocessed_Dataset/cmmd/cmmd_4438.jpg,Benign,non-cancer,D1.5-0901,train
cmmd,Preprocessed_Dataset/cmmd/cmmd_4439.jpg,Benign,non-cancer,D1.5-0904,train
cmmd,Preprocessed_Dataset/cmmd/cmmd_4440.jpg,Benign,non-cancer,D1.5-0908,train
cmmd,Preprocessed_Dataset/cmmd/cmmd_4441.jpg,Benign,non-cancer,D1.5-0919,train
cmmd,Preprocessed_Dataset/cmmd/cmmd_4442.jpg,Benign,non-cancer,D1.5-0929,test
cmmd,Preprocessed_Dataset/cmmd/cmmd_4443.jpg,Benign,non-cancer,D1.5-0931,val
cmmd,Preprocessed_Dataset/cmmd/cmmd_4444.jpg,Benign,non-cancer,D1.5-0932,train
cmmd,Preprocessed_Dataset/cmmd/cmmd_4445.jpg,Benign,non-cancer,D1.5-0955,train
cmmd,Preprocessed_Dataset/cmmd/cmmd_4446.jpg,Benign,non-cancer,D1.5-0990,train
cmmd,Preprocessed_Dataset/cmmd/cmmd_4447.jpg,Benign,non-cancer,D1.5-0991,train
cmmd,Preprocessed_Dataset/cmmd/cmmd_4448.jpg,Benign,non-cancer,D1.5-0999,train
cmmd,Preprocessed_Dataset/cmmd/cmmd_4449.jpg,Benign,non-cancer,D1.5-1009,train
cmmd,Preprocessed_Dataset/cmmd/cmmd_4450.jpg,Benign,non-cancer,D1.5-1029,train
cmmd,Preprocessed_Dataset/cmmd/cmmd_4451.jpg,Benign,non-cancer,D1.5-1036,train
cmmd,Preprocessed_Dataset/cmmd/cmmd_4452.jpg,Benign,non-cancer,D1.5-1059,train
cmmd,Preprocessed_Dataset/cmmd/cmmd_4453.jpg,Benign,non-cancer,D1.5-1220,test
cmmd,Preprocessed_Dataset/cmmd/cmmd_4454.jpg,Malignant,cancer,D1.5-1340,test
cmmd,Preprocessed_Dataset/cmmd/cmmd_4455.jpg,Malignant,cancer,D1.5-1590,val
cmmd,Preprocessed_Dataset/cmmd/cmmd_4456.jpg,Benign,non-cancer,D1.5-1673,train
cmmd,Preprocessed_Dataset/cmmd/cmmd_4457.jpg,Malignant,cancer,D2-0001,test
cmmd,Preprocessed_Dataset/cmmd/cmmd_4458.jpg,Malignant,cancer,D2-0002,train
cmmd,Preprocessed_Dataset/cmmd/cmmd_4459.jpg,Malignant,cancer,D2-0003,train
cmmd,Preprocessed_Dataset/cmmd/cmmd_4460.jpg,Malignant,cancer,D2-0004,train
cmmd,Preprocessed_Dataset/cmmd/cmmd_4461.jpg,Malignant,cancer,D2-0005,test
cmmd,Preprocessed_Dataset/cmmd/cmmd_4462.jpg,Malignant,cancer,D2-0006,train
cmmd,Preprocessed_Dataset/cmmd/cmmd_4463.jpg,Malignant,cancer,D2-0007,test
cmmd,Preprocessed_Dataset/cmmd/cmmd_4464.jpg,Malignant,cancer,D2-0008,train
cmmd,Preprocessed_Dataset/cmmd/cmmd_4465.jpg,Malignant,cancer,D2-0009,train
cmmd,Preprocessed_Dataset/cmmd/cmmd_4466.jpg,Malignant,cancer,D2-0010,test
cmmd,Preprocessed_Dataset/cmmd/cmmd_4467.jpg,Malignant,cancer,D2-0011,train
cmmd,Preprocessed_Dataset/cmmd/cmmd_4468.jpg,Malignant,cancer,D2-0012,train
cmmd,Preprocessed_Dataset/cmmd/cmmd_4469.jpg,Malignant,cancer,D2-0013,val
cmmd,Preprocessed_Dataset/cmmd/cmmd_4470.jpg,Malignant,cancer,D2-0014,train
cmmd,Preprocessed_Dataset/cmmd/cmmd_4471.jpg,Malignant,cancer,D2-0015,train
cmmd,Preprocessed_Dataset/cmmd/cmmd_4472.jpg,Malignant,cancer,D2-0016,train
cmmd,Preprocessed_Dataset/cmmd/cmmd_4473.jpg,Malignant,cancer,D2-0017,train
cmmd,Preprocessed_Dataset/cmmd/cmmd_4474.jpg,Malignant,cancer,D2-0018,train
cmmd,Preprocessed_Dataset/cmmd/cmmd_4475.jpg,Malignant,cancer,D2-0019,train
cmmd,Preprocessed_Dataset/cmmd/cmmd_4476.jpg,Malignant,cancer,D2-0020,train
cmmd,Preprocessed_Dataset/cmmd/cmmd_4477.jpg,Malignant,cancer,D2-0021,train
cmmd,Preprocessed_Dataset/cmmd/cmmd_4478.jpg,Malignant,cancer,D2-0022,val
cmmd,Preprocessed_Dataset/cmmd/cmmd_4479.jpg,Malignant,cancer,D2-0023,train
cmmd,Preprocessed_Dataset/cmmd/cmmd_4480.jpg,Malignant,cancer,D2-0024,train
cmmd,Preprocessed_Dataset/cmmd/cmmd_4481.jpg,Malignant,cancer,D2-0025,train
cmmd,Preprocessed_Dataset/cmmd/cmmd_4482.jpg,Malignant,cancer,D2-0026,train
cmmd,Preprocessed_Dataset/cmmd/cmmd_4483.jpg,Malignant,cancer,D2-0027,train
cmmd,Preprocessed_Dataset/cmmd/cmmd_4484.jpg,Malignant,cancer,D2-0028,test
cmmd,Preprocessed_Dataset/cmmd/cmmd_4485.jpg,Malignant,cancer,D2-0029,train
cmmd,Preprocessed_Dataset/cmmd/cmmd_4486.jpg,Malignant,cancer,D2-0030,train
cmmd,Preprocessed_Dataset/cmmd/cmmd_4487.jpg,Malignant,cancer,D2-0031,train
cmmd,Preprocessed_Dataset/cmmd/cmmd_4488.jpg,Malignant,cancer,D2-0032,train
cmmd,Preprocessed_Dataset/cmmd/cmmd_4489.jpg,Malignant,cancer,D2-0033,train
cmmd,Preprocessed_Dataset/cmmd/cmmd_4490.jpg,Malignant,cancer,D2-0034,train
cmmd,Preprocessed_Dataset/cmmd/cmmd_4491.jpg,Malignant,cancer,D2-0035,train
cmmd,Preprocessed_Dataset/cmmd/cmmd_4492.jpg,Malignant,cancer,D2-0036,test
cmmd,Preprocessed_Dataset/cmmd/cmmd_4493.jpg,Malignant,cancer,D2-0037,train
cmmd,Preprocessed_Dataset/cmmd/cmmd_4494.jpg,Malignant,cancer,D2-0038,train
cmmd,Preprocessed_Dataset/cmmd/cmmd_4495.jpg,Malignant,cancer,D2-0039,val
cmmd,Preprocessed_Dataset/cmmd/cmmd_4496.jpg,Malignant,cancer,D2-0040,train
cmmd,Preprocessed_Dataset/cmmd/cmmd_4497.jpg,Malignant,cancer,D2-0041,train
cmmd,Preprocessed_Dataset/cmmd/cmmd_4498.jpg,Malignant,cancer,D2-0042,test
cmmd,Preprocessed_Dataset/cmmd/cmmd_4499.jpg,Malignant,cancer,D2-0043,train
cmmd,Preprocessed_Dataset/cmmd/cmmd_4500.jpg,Malignant,cancer,D2-0044,val
cmmd,Preprocessed_Dataset/cmmd/cmmd_4501.jpg,Malignant,cancer,D2-0045,train
cmmd,Preprocessed_Dataset/cmmd/cmmd_4502.jpg,Malignant,cancer,D2-0046,train
cmmd,Preprocessed_Dataset/cmmd/cmmd_4503.jpg,Malignant,cancer,D2-0047,train
cmmd,Preprocessed_Dataset/cmmd/cmmd_4504.jpg,Malignant,cancer,D2-0048,val
cmmd,Preprocessed_Dataset/cmmd/cmmd_4505.jpg,Malignant,cancer,D2-0049,train
cmmd,Preprocessed_Dataset/cmmd/cmmd_4506.jpg,Malignant,cancer,D2-0050,train
cmmd,Preprocessed_Dataset/cmmd/cmmd_4507.jpg,Malignant,cancer,D2-0051,train
cmmd,Preprocessed_Dataset/cmmd/cmmd_4508.jpg,Malignant,cancer,D2-0052,train
cmmd,Preprocessed_Dataset/cmmd/cmmd_4509.jpg,Malignant,cancer,D2-0053,train
cmmd,Preprocessed_Dataset/cmmd/cmmd_4510.jpg,Malignant,cancer,D2-0054,train
cmmd,Preprocessed_Dataset/cmmd/cmmd_4511.jpg,Malignant,cancer,D2-0055,val
cmmd,Preprocessed_Dataset/cmmd/cmmd_4512.jpg,Malignant,cancer,D2-0056,train
cmmd,Preprocessed_Dataset/cmmd/cmmd_4513.jpg,Malignant,cancer,D2-0057,train
cmmd,Preprocessed_Dataset/cmmd/cmmd_4514.jpg,Malignant,cancer,D2-0058,train
cmmd,Preprocessed_Dataset/cmmd/cmmd_4515.jpg,Malignant,cancer,D2-0059,test
cmmd,Preprocessed_Dataset/cmmd/cmmd_4516.jpg,Malignant,cancer,D2-0060,train
cmmd,Preprocessed_Dataset/cmmd/cmmd_4517.jpg,Malignant,cancer,D2-0061,val
cmmd,Preprocessed_Dataset/cmmd/cmmd_4518.jpg,Malignant,cancer,D2-0062,train
cmmd,Preprocessed_Dataset/cmmd/cmmd_4519.jpg,Malignant,cancer,D2-0063,val
cmmd,Preprocessed_Dataset/cmmd/cmmd_4520.jpg,Malignant,cancer,D2-0064,train
cmmd,Preprocessed_Dataset/cmmd/cmmd_4521.jpg,Malignant,cancer,D2-0065,train
cmmd,Preprocessed_Dataset/cmmd/cmmd_4522.jpg,Malignant,cancer,D2-0066,train
cmmd,Preprocessed_Dataset/cmmd/cmmd_4523.jpg,Malignant,cancer,D2-0067,train
cmmd,Preprocessed_Dataset/cmmd/cmmd_4524.jpg,Malignant,cancer,D2-0068,val
cmmd,Preprocessed_Dataset/cmmd/cmmd_4525.jpg,Malignant,cancer,D2-0069,val
cmmd,Preprocessed_Dataset/cmmd/cmmd_4526.jpg,Malignant,cancer,D2-0070,train
cmmd,Preprocessed_Dataset/cmmd/cmmd_4527.jpg,Malignant,cancer,D2-0071,test
cmmd,Preprocessed_Dataset/cmmd/cmmd_4528.jpg,Malignant,cancer,D2-0072,train
cmmd,Preprocessed_Dataset/cmmd/cmmd_4529.jpg,Malignant,cancer,D2-0073,test
cmmd,Preprocessed_Dataset/cmmd/cmmd_4530.jpg,Malignant,cancer,D2-0074,train
cmmd,Preprocessed_Dataset/cmmd/cmmd_4531.jpg,Malignant,cancer,D2-0075,val
cmmd,Preprocessed_Dataset/cmmd/cmmd_4532.jpg,Malignant,cancer,D2-0076,test
cmmd,Preprocessed_Dataset/cmmd/cmmd_4533.jpg,Malignant,cancer,D2-0077,test
cmmd,Preprocessed_Dataset/cmmd/cmmd_4534.jpg,Malignant,cancer,D2-0078,test
cmmd,Preprocessed_Dataset/cmmd/cmmd_4535.jpg,Malignant,cancer,D2-0079,train
cmmd,Preprocessed_Dataset/cmmd/cmmd_4536.jpg,Malignant,cancer,D2-0080,train
cmmd,Preprocessed_Dataset/cmmd/cmmd_4537.jpg,Malignant,cancer,D2-0081,val
cmmd,Preprocessed_Dataset/cmmd/cmmd_4538.jpg,Malignant,cancer,D2-0082,test
cmmd,Preprocessed_Dataset/cmmd/cmmd_4539.jpg,Malignant,cancer,D2-0083,test
cmmd,Preprocessed_Dataset/cmmd/cmmd_4540.jpg,Malignant,cancer,D2-0084,val
cmmd,Preprocessed_Dataset/cmmd/cmmd_4541.jpg,Malignant,cancer,D2-0085,train
cmmd,Preprocessed_Dataset/cmmd/cmmd_4542.jpg,Malignant,cancer,D2-0086,train
cmmd,Preprocessed_Dataset/cmmd/cmmd_4543.jpg,Malignant,cancer,D2-0087,train
cmmd,Preprocessed_Dataset/cmmd/cmmd_4544.jpg,Malignant,cancer,D2-0088,train
cmmd,Preprocessed_Dataset/cmmd/cmmd_4545.jpg,Malignant,cancer,D2-0089,test
cmmd,Preprocessed_Dataset/cmmd/cmmd_4546.jpg,Benign,non-cancer,D2-0090,test
cmmd,Preprocessed_Dataset/cmmd/cmmd_4547.jpg,Malignant,cancer,D2-0091,train
cmmd,Preprocessed_Dataset/cmmd/cmmd_4548.jpg,Benign,non-cancer,D2-0092,train
cmmd,Preprocessed_Dataset/cmmd/cmmd_4549.jpg,Malignant,cancer,D2-0093,val
cmmd,Preprocessed_Dataset/cmmd/cmmd_4550.jpg,Malignant,cancer,D2-0094,test
cmmd,Preprocessed_Dataset/cmmd/cmmd_4551.jpg,Malignant,cancer,D2-0095,train
cmmd,Preprocessed_Dataset/cmmd/cmmd_4552.jpg,Malignant,cancer,D2-0096,test
cmmd,Preprocessed_Dataset/cmmd/cmmd_4553.jpg,Malignant,cancer,D2-0097,test
cmmd,Preprocessed_Dataset/cmmd/cmmd_4554.jpg,Malignant,cancer,D2-0098,train
cmmd,Preprocessed_Dataset/cmmd/cmmd_4555.jpg,Malignant,cancer,D2-0099,train
cmmd,Preprocessed_Dataset/cmmd/cmmd_4556.jpg,Malignant,cancer,D2-0100,train
cmmd,Preprocessed_Dataset/cmmd/cmmd_4557.jpg,Malignant,cancer,D2-0101,val
cmmd,Preprocessed_Dataset/cmmd/cmmd_4558.jpg,Malignant,cancer,D2-0102,test
cmmd,Preprocessed_Dataset/cmmd/cmmd_4559.jpg,Malignant,cancer,D2-0103,train
cmmd,Preprocessed_Dataset/cmmd/cmmd_4560.jpg,Malignant,cancer,D2-0104,train
cmmd,Preprocessed_Dataset/cmmd/cmmd_4561.jpg,Malignant,cancer,D2-0105,train
cmmd,Preprocessed_Dataset/cmmd/cmmd_4562.jpg,Malignant,cancer,D2-0106,train
cmmd,Preprocessed_Dataset/cmmd/cmmd_4563.jpg,Malignant,cancer,D2-0107,val
cmmd,Preprocessed_Dataset/cmmd/cmmd_4564.jpg,Malignant,cancer,D2-0108,train
cmmd,Preprocessed_Dataset/cmmd/cmmd_4565.jpg,Malignant,cancer,D2-0109,train
cmmd,Preprocessed_Dataset/cmmd/cmmd_4566.jpg,Malignant,cancer,D2-0110,train
cmmd,Preprocessed_Dataset/cmmd/cmmd_4567.jpg,Malignant,cancer,D2-0111,train
cmmd,Preprocessed_Dataset/cmmd/cmmd_4568.jpg,Malignant,cancer,D2-0112,train
cmmd,Preprocessed_Dataset/cmmd/cmmd_4569.jpg,Malignant,cancer,D2-0113,train
cmmd,Preprocessed_Dataset/cmmd/cmmd_4570.jpg,Malignant,cancer,D2-0114,train
cmmd,Preprocessed_Dataset/cmmd/cmmd_4571.jpg,Malignant,cancer,D2-0115,train
cmmd,Preprocessed_Dataset/cmmd/cmmd_4572.jpg,Malignant,cancer,D2-0116,train
cmmd,Preprocessed_Dataset/cmmd/cmmd_4573.jpg,Malignant,cancer,D2-0117,train
cmmd,Preprocessed_Dataset/cmmd/cmmd_4574.jpg,Malignant,cancer,D2-0118,train
cmmd,Preprocessed_Dataset/cmmd/cmmd_4575.jpg,Malignant,cancer,D2-0119,val
cmmd,Preprocessed_Dataset/cmmd/cmmd_4576.jpg,Malignant,cancer,D2-0120,train
cmmd,Preprocessed_Dataset/cmmd/cmmd_4577.jpg,Malignant,cancer,D2-0121,test
cmmd,Preprocessed_Dataset/cmmd/cmmd_4578.jpg,Malignant,cancer,D2-0122,val
cmmd,Preprocessed_Dataset/cmmd/cmmd_4579.jpg,Malignant,cancer,D2-0123,val
cmmd,Preprocessed_Dataset/cmmd/cmmd_4580.jpg,Malignant,cancer,D2-0125,test
cmmd,Preprocessed_Dataset/cmmd/cmmd_4581.jpg,Malignant,cancer,D2-0126,train
cmmd,Preprocessed_Dataset/cmmd/cmmd_4582.jpg,Malignant,cancer,D2-0127,train
cmmd,Preprocessed_Dataset/cmmd/cmmd_4583.jpg,Malignant,cancer,D2-0128,train
cmmd,Preprocessed_Dataset/cmmd/cmmd_4584.jpg,Malignant,cancer,D2-0129,test
cmmd,Preprocessed_Dataset/cmmd/cmmd_4585.jpg,Malignant,cancer,D2-0130,train
cmmd,Preprocessed_Dataset/cmmd/cmmd_4586.jpg,Malignant,cancer,D2-0131,train
cmmd,Preprocessed_Dataset/cmmd/cmmd_4587.jpg,Malignant,cancer,D2-0132,train
cmmd,Preprocessed_Dataset/cmmd/cmmd_4588.jpg,Malignant,cancer,D2-0133,train
cmmd,Preprocessed_Dataset/cmmd/cmmd_4589.jpg,Malignant,cancer,D2-0134,train
cmmd,Preprocessed_Dataset/cmmd/cmmd_4590.jpg,Malignant,cancer,D2-0135,test
cmmd,Preprocessed_Dataset/cmmd/cmmd_4591.jpg,Malignant,cancer,D2-0136,val
cmmd,Preprocessed_Dataset/cmmd/cmmd_4592.jpg,Malignant,cancer,D2-0137,test
cmmd,Preprocessed_Dataset/cmmd/cmmd_4593.jpg,Malignant,cancer,D2-0138,train
cmmd,Preprocessed_Dataset/cmmd/cmmd_4594.jpg,Malignant,cancer,D2-0139,train
cmmd,Preprocessed_Dataset/cmmd/cmmd_4595.jpg,Malignant,cancer,D2-0140,test
cmmd,Preprocessed_Dataset/cmmd/cmmd_4596.jpg,Malignant,cancer,D2-0141,train
cmmd,Preprocessed_Dataset/cmmd/cmmd_4597.jpg,Malignant,cancer,D2-0142,train
cmmd,Preprocessed_Dataset/cmmd/cmmd_4598.jpg,Malignant,cancer,D2-0143,train
cmmd,Preprocessed_Dataset/cmmd/cmmd_4599.jpg,Malignant,cancer,D2-0144,train
cmmd,Preprocessed_Dataset/cmmd/cmmd_4600.jpg,Malignant,cancer,D2-0145,train
cmmd,Preprocessed_Dataset/cmmd/cmmd_4601.jpg,Malignant,cancer,D2-0146,train
cmmd,Preprocessed_Dataset/cmmd/cmmd_4602.jpg,Malignant,cancer,D2-0147,val
cmmd,Preprocessed_Dataset/cmmd/cmmd_4603.jpg,Malignant,cancer,D2-0148,train
cmmd,Preprocessed_Dataset/cmmd/cmmd_4604.jpg,Malignant,cancer,D2-0149,train
cmmd,Preprocessed_Dataset/cmmd/cmmd_4605.jpg,Malignant,cancer,D2-0150,train
cmmd,Preprocessed_Dataset/cmmd/cmmd_4606.jpg,Malignant,cancer,D2-0151,train
cmmd,Preprocessed_Dataset/cmmd/cmmd_4607.jpg,Malignant,cancer,D2-0152,train
cmmd,Preprocessed_Dataset/cmmd/cmmd_4608.jpg,Malignant,cancer,D2-0153,train
cmmd,Preprocessed_Dataset/cmmd/cmmd_4609.jpg,Malignant,cancer,D2-0154,train
cmmd,Preprocessed_Dataset/cmmd/cmmd_4610.jpg,Malignant,cancer,D2-0155,train
cmmd,Preprocessed_Dataset/cmmd/cmmd_4611.jpg,Malignant,cancer,D2-0156,train
cmmd,Preprocessed_Dataset/cmmd/cmmd_4612.jpg,Malignant,cancer,D2-0157,test
cmmd,Preprocessed_Dataset/cmmd/cmmd_4613.jpg,Benign,non-cancer,D2-0158,train
cmmd,Preprocessed_Dataset/cmmd/cmmd_4614.jpg,Malignant,cancer,D2-0159,train
cmmd,Preprocessed_Dataset/cmmd/cmmd_4615.jpg,Malignant,cancer,D2-0160,train
cmmd,Preprocessed_Dataset/cmmd/cmmd_4616.jpg,Malignant,cancer,D2-0161,train
cmmd,Preprocessed_Dataset/cmmd/cmmd_4617.jpg,Malignant,cancer,D2-0162,train
cmmd,Preprocessed_Dataset/cmmd/cmmd_4618.jpg,Malignant,cancer,D2-0163,train
cmmd,Preprocessed_Dataset/cmmd/cmmd_4619.jpg,Malignant,cancer,D2-0164,val
cmmd,Preprocessed_Dataset/cmmd/cmmd_4620.jpg,Malignant,cancer,D2-0165,val
cmmd,Preprocessed_Dataset/cmmd/cmmd_4621.jpg,Malignant,cancer,D2-0166,train
cmmd,Preprocessed_Dataset/cmmd/cmmd_4622.jpg,Malignant,cancer,D2-0167,train
cmmd,Preprocessed_Dataset/cmmd/cmmd_4623.jpg,Malignant,cancer,D2-0168,val
cmmd,Preprocessed_Dataset/cmmd/cmmd_4624.jpg,Malignant,cancer,D2-0169,train
cmmd,Preprocessed_Dataset/cmmd/cmmd_4625.jpg,Malignant,cancer,D2-0170,train
cmmd,Preprocessed_Dataset/cmmd/cmmd_4626.jpg,Malignant,cancer,D2-0171,train
cmmd,Preprocessed_Dataset/cmmd/cmmd_4627.jpg,Malignant,cancer,D2-0172,train
cmmd,Preprocessed_Dataset/cmmd/cmmd_4628.jpg,Malignant,cancer,D2-0173,train
cmmd,Preprocessed_Dataset/cmmd/cmmd_4629.jpg,Malignant,cancer,D2-0174,train
cmmd,Preprocessed_Dataset/cmmd/cmmd_4630.jpg,Malignant,cancer,D2-0175,train
cmmd,Preprocessed_Dataset/cmmd/cmmd_4631.jpg,Malignant,cancer,D2-0176,train
cmmd,Preprocessed_Dataset/cmmd/cmmd_4632.jpg,Malignant,cancer,D2-0177,train
cmmd,Preprocessed_Dataset/cmmd/cmmd_4633.jpg,Malignant,cancer,D2-0178,train
cmmd,Preprocessed_Dataset/cmmd/cmmd_4634.jpg,Malignant,cancer,D2-0179,test
cmmd,Preprocessed_Dataset/cmmd/cmmd_4635.jpg,Malignant,cancer,D2-0180,train
cmmd,Preprocessed_Dataset/cmmd/cmmd_4636.jpg,Malignant,cancer,D2-0181,test
cmmd,Preprocessed_Dataset/cmmd/cmmd_4637.jpg,Malignant,cancer,D2-0182,train
cmmd,Preprocessed_Dataset/cmmd/cmmd_4638.jpg,Malignant,cancer,D2-0183,train
cmmd,Preprocessed_Dataset/cmmd/cmmd_4639.jpg,Malignant,cancer,D2-0184,train
cmmd,Preprocessed_Dataset/cmmd/cmmd_4640.jpg,Malignant,cancer,D2-0185,train
cmmd,Preprocessed_Dataset/cmmd/cmmd_4641.jpg,Malignant,cancer,D2-0186,test
cmmd,Preprocessed_Dataset/cmmd/cmmd_4642.jpg,Malignant,cancer,D2-0187,test
cmmd,Preprocessed_Dataset/cmmd/cmmd_4643.jpg,Malignant,cancer,D2-0188,val
cmmd,Preprocessed_Dataset/cmmd/cmmd_4644.jpg,Malignant,cancer,D2-0189,val
cmmd,Preprocessed_Dataset/cmmd/cmmd_4645.jpg,Malignant,cancer,D2-0190,val
cmmd,Preprocessed_Dataset/cmmd/cmmd_4646.jpg,Malignant,cancer,D2-0191,train
cmmd,Preprocessed_Dataset/cmmd/cmmd_4647.jpg,Malignant,cancer,D2-0192,train
cmmd,Preprocessed_Dataset/cmmd/cmmd_4648.jpg,Malignant,cancer,D2-0193,train
cmmd,Preprocessed_Dataset/cmmd/cmmd_4649.jpg,Malignant,cancer,D2-0194,train
cmmd,Preprocessed_Dataset/cmmd/cmmd_4650.jpg,Malignant,cancer,D2-0195,train
cmmd,Preprocessed_Dataset/cmmd/cmmd_4651.jpg,Malignant,cancer,D2-0196,train
cmmd,Preprocessed_Dataset/cmmd/cmmd_4652.jpg,Malignant,cancer,D2-0197,test
cmmd,Preprocessed_Dataset/cmmd/cmmd_4653.jpg,Malignant,cancer,D2-0198,train
cmmd,Preprocessed_Dataset/cmmd/cmmd_4654.jpg,Malignant,cancer,D2-0199,train
cmmd,Preprocessed_Dataset/cmmd/cmmd_4655.jpg,Malignant,cancer,D2-0200,train
cmmd,Preprocessed_Dataset/cmmd/cmmd_4656.jpg,Malignant,cancer,D2-0201,train
cmmd,Preprocessed_Dataset/cmmd/cmmd_4657.jpg,Malignant,cancer,D2-0202,val
cmmd,Preprocessed_Dataset/cmmd/cmmd_4658.jpg,Malignant,cancer,D2-0203,train
cmmd,Preprocessed_Dataset/cmmd/cmmd_4659.jpg,Malignant,cancer,D2-0204,train
cmmd,Preprocessed_Dataset/cmmd/cmmd_4660.jpg,Malignant,cancer,D2-0205,val
cmmd,Preprocessed_Dataset/cmmd/cmmd_4661.jpg,Malignant,cancer,D2-0206,train
cmmd,Preprocessed_Dataset/cmmd/cmmd_4662.jpg,Malignant,cancer,D2-0207,train
cmmd,Preprocessed_Dataset/cmmd/cmmd_4663.jpg,Malignant,cancer,D2-0208,val
cmmd,Preprocessed_Dataset/cmmd/cmmd_4664.jpg,Malignant,cancer,D2-0209,train
cmmd,Preprocessed_Dataset/cmmd/cmmd_4665.jpg,Malignant,cancer,D2-0210,train
cmmd,Preprocessed_Dataset/cmmd/cmmd_4666.jpg,Malignant,cancer,D2-0211,train
cmmd,Preprocessed_Dataset/cmmd/cmmd_4667.jpg,Malignant,cancer,D2-0212,val
cmmd,Preprocessed_Dataset/cmmd/cmmd_4668.jpg,Malignant,cancer,D2-0213,train
cmmd,Preprocessed_Dataset/cmmd/cmmd_4669.jpg,Malignant,cancer,D2-0214,val
cmmd,Preprocessed_Dataset/cmmd/cmmd_4670.jpg,Malignant,cancer,D2-0215,val
cmmd,Preprocessed_Dataset/cmmd/cmmd_4671.jpg,Malignant,cancer,D2-0216,train
cmmd,Preprocessed_Dataset/cmmd/cmmd_4672.jpg,Malignant,cancer,D2-0217,train
cmmd,Preprocessed_Dataset/cmmd/cmmd_4673.jpg,Malignant,cancer,D2-0218,test
cmmd,Preprocessed_Dataset/cmmd/cmmd_4674.jpg,Malignant,cancer,D2-0219,train
cmmd,Preprocessed_Dataset/cmmd/cmmd_4675.jpg,Malignant,cancer,D2-0220,train
cmmd,Preprocessed_Dataset/cmmd/cmmd_4676.jpg,Malignant,cancer,D2-0221,test
cmmd,Preprocessed_Dataset/cmmd/cmmd_4677.jpg,Malignant,cancer,D2-0222,train
cmmd,Preprocessed_Dataset/cmmd/cmmd_4678.jpg,Malignant,cancer,D2-0223,val
cmmd,Preprocessed_Dataset/cmmd/cmmd_4679.jpg,Malignant,cancer,D2-0224,train
cmmd,Preprocessed_Dataset/cmmd/cmmd_4680.jpg,Malignant,cancer,D2-0225,val
cmmd,Preprocessed_Dataset/cmmd/cmmd_4681.jpg,Malignant,cancer,D2-0226,train
cmmd,Preprocessed_Dataset/cmmd/cmmd_4682.jpg,Malignant,cancer,D2-0227,train
cmmd,Preprocessed_Dataset/cmmd/cmmd_4683.jpg,Malignant,cancer,D2-0228,train
cmmd,Preprocessed_Dataset/cmmd/cmmd_4684.jpg,Malignant,cancer,D2-0229,test
cmmd,Preprocessed_Dataset/cmmd/cmmd_4685.jpg,Malignant,cancer,D2-0230,val
cmmd,Preprocessed_Dataset/cmmd/cmmd_4686.jpg,Malignant,cancer,D2-0231,train
cmmd,Preprocessed_Dataset/cmmd/cmmd_4687.jpg,Malignant,cancer,D2-0232,train
cmmd,Preprocessed_Dataset/cmmd/cmmd_4688.jpg,Malignant,cancer,D2-0233,val
cmmd,Preprocessed_Dataset/cmmd/cmmd_4689.jpg,Malignant,cancer,D2-0234,val
cmmd,Preprocessed_Dataset/cmmd/cmmd_4690.jpg,Malignant,cancer,D2-0235,train
cmmd,Preprocessed_Dataset/cmmd/cmmd_4691.jpg,Malignant,cancer,D2-0236,test
cmmd,Preprocessed_Dataset/cmmd/cmmd_4692.jpg,Malignant,cancer,D2-0237,train
cmmd,Preprocessed_Dataset/cmmd/cmmd_4693.jpg,Malignant,cancer,D2-0238,val
cmmd,Preprocessed_Dataset/cmmd/cmmd_4694.jpg,Malignant,cancer,D2-0239,test
cmmd,Preprocessed_Dataset/cmmd/cmmd_4695.jpg,Malignant,cancer,D2-0240,test
cmmd,Preprocessed_Dataset/cmmd/cmmd_4696.jpg,Malignant,cancer,D2-0241,train
cmmd,Preprocessed_Dataset/cmmd/cmmd_4697.jpg,Malignant,cancer,D2-0242,train
cmmd,Preprocessed_Dataset/cmmd/cmmd_4698.jpg,Malignant,cancer,D2-0243,val
cmmd,Preprocessed_Dataset/cmmd/cmmd_4699.jpg,Malignant,cancer,D2-0244,test
cmmd,Preprocessed_Dataset/cmmd/cmmd_4700.jpg,Malignant,cancer,D2-0245,train
cmmd,Preprocessed_Dataset/cmmd/cmmd_4701.jpg,Malignant,cancer,D2-0246,train
cmmd,Preprocessed_Dataset/cmmd/cmmd_4702.jpg,Malignant,cancer,D2-0247,train
cmmd,Preprocessed_Dataset/cmmd/cmmd_4703.jpg,Malignant,cancer,D2-0248,train
cmmd,Preprocessed_Dataset/cmmd/cmmd_4704.jpg,Malignant,cancer,D2-0249,val
cmmd,Preprocessed_Dataset/cmmd/cmmd_4705.jpg,Malignant,cancer,D2-0250,train
cmmd,Preprocessed_Dataset/cmmd/cmmd_4706.jpg,Malignant,cancer,D2-0251,train
cmmd,Preprocessed_Dataset/cmmd/cmmd_4707.jpg,Malignant,cancer,D2-0252,train
cmmd,Preprocessed_Dataset/cmmd/cmmd_4708.jpg,Malignant,cancer,D2-0253,train
cmmd,Preprocessed_Dataset/cmmd/cmmd_4709.jpg,Malignant,cancer,D2-0254,test
cmmd,Preprocessed_Dataset/cmmd/cmmd_4710.jpg,Malignant,cancer,D2-0255,train
cmmd,Preprocessed_Dataset/cmmd/cmmd_4711.jpg,Malignant,cancer,D2-0256,test
cmmd,Preprocessed_Dataset/cmmd/cmmd_4712.jpg,Malignant,cancer,D2-0257,train
cmmd,Preprocessed_Dataset/cmmd/cmmd_4713.jpg,Malignant,cancer,D2-0258,val
cmmd,Preprocessed_Dataset/cmmd/cmmd_4714.jpg,Benign,non-cancer,D2-0259,train
cmmd,Preprocessed_Dataset/cmmd/cmmd_4715.jpg,Malignant,cancer,D2-0260,train
cmmd,Preprocessed_Dataset/cmmd/cmmd_4716.jpg,Malignant,cancer,D2-0261,test
cmmd,Preprocessed_Dataset/cmmd/cmmd_4717.jpg,Malignant,cancer,D2-0262,val
cmmd,Preprocessed_Dataset/cmmd/cmmd_4718.jpg,Malignant,cancer,D2-0263,train
cmmd,Preprocessed_Dataset/cmmd/cmmd_4719.jpg,Malignant,cancer,D2-0264,test
cmmd,Preprocessed_Dataset/cmmd/cmmd_4720.jpg,Benign,non-cancer,D2-0265,train
cmmd,Preprocessed_Dataset/cmmd/cmmd_4721.jpg,Malignant,cancer,D2-0266,train
cmmd,Preprocessed_Dataset/cmmd/cmmd_4722.jpg,Malignant,cancer,D2-0267,train
cmmd,Preprocessed_Dataset/cmmd/cmmd_4723.jpg,Malignant,cancer,D2-0268,val
cmmd,Preprocessed_Dataset/cmmd/cmmd_4724.jpg,Malignant,cancer,D2-0269,train
cmmd,Preprocessed_Dataset/cmmd/cmmd_4725.jpg,Malignant,cancer,D2-0270,test
cmmd,Preprocessed_Dataset/cmmd/cmmd_4726.jpg,Malignant,cancer,D2-0271,val
cmmd,Preprocessed_Dataset/cmmd/cmmd_4727.jpg,Malignant,cancer,D2-0272,val
cmmd,Preprocessed_Dataset/cmmd/cmmd_4728.jpg,Malignant,cancer,D2-0273,train
cmmd,Preprocessed_Dataset/cmmd/cmmd_4729.jpg,Malignant,cancer,D2-0274,val
cmmd,Preprocessed_Dataset/cmmd/cmmd_4730.jpg,Malignant,cancer,D2-0275,train
cmmd,Preprocessed_Dataset/cmmd/cmmd_4731.jpg,Malignant,cancer,D2-0276,val
cmmd,Preprocessed_Dataset/cmmd/cmmd_4732.jpg,Malignant,cancer,D2-0277,train
cmmd,Preprocessed_Dataset/cmmd/cmmd_4733.jpg,Malignant,cancer,D2-0278,test
cmmd,Preprocessed_Dataset/cmmd/cmmd_4734.jpg,Malignant,cancer,D2-0279,train
cmmd,Preprocessed_Dataset/cmmd/cmmd_4735.jpg,Malignant,cancer,D2-0280,train
cmmd,Preprocessed_Dataset/cmmd/cmmd_4736.jpg,Malignant,cancer,D2-0281,test
cmmd,Preprocessed_Dataset/cmmd/cmmd_4737.jpg,Malignant,cancer,D2-0282,train
cmmd,Preprocessed_Dataset/cmmd/cmmd_4738.jpg,Malignant,cancer,D2-0283,train
cmmd,Preprocessed_Dataset/cmmd/cmmd_4739.jpg,Malignant,cancer,D2-0284,train
cmmd,Preprocessed_Dataset/cmmd/cmmd_4740.jpg,Malignant,cancer,D2-0285,train
cmmd,Preprocessed_Dataset/cmmd/cmmd_4741.jpg,Malignant,cancer,D2-0286,train
cmmd,Preprocessed_Dataset/cmmd/cmmd_4742.jpg,Malignant,cancer,D2-0287,train
cmmd,Preprocessed_Dataset/cmmd/cmmd_4743.jpg,Malignant,cancer,D2-0288,train
cmmd,Preprocessed_Dataset/cmmd/cmmd_4744.jpg,Malignant,cancer,D2-0289,train
cmmd,Preprocessed_Dataset/cmmd/cmmd_4745.jpg,Malignant,cancer,D2-0290,train
cmmd,Preprocessed_Dataset/cmmd/cmmd_4746.jpg,Malignant,cancer,D2-0291,train
cmmd,Preprocessed_Dataset/cmmd/cmmd_4747.jpg,Malignant,cancer,D2-0292,train
cmmd,Preprocessed_Dataset/cmmd/cmmd_4748.jpg,Malignant,cancer,D2-0293,train
cmmd,Preprocessed_Dataset/cmmd/cmmd_4749.jpg,Malignant,cancer,D2-0294,val
cmmd,Preprocessed_Dataset/cmmd/cmmd_4750.jpg,Malignant,cancer,D2-0295,val
cmmd,Preprocessed_Dataset/cmmd/cmmd_4751.jpg,Malignant,cancer,D2-0297,test
cmmd,Preprocessed_Dataset/cmmd/cmmd_4752.jpg,Malignant,cancer,D2-0298,train
cmmd,Preprocessed_Dataset/cmmd/cmmd_4753.jpg,Malignant,cancer,D2-0299,train
cmmd,Preprocessed_Dataset/cmmd/cmmd_4754.jpg,Malignant,cancer,D2-0300,train
cmmd,Preprocessed_Dataset/cmmd/cmmd_4755.jpg,Malignant,cancer,D2-0301,val
cmmd,Preprocessed_Dataset/cmmd/cmmd_4756.jpg,Malignant,cancer,D2-0302,train
cmmd,Preprocessed_Dataset/cmmd/cmmd_4757.jpg,Malignant,cancer,D2-0303,train
cmmd,Preprocessed_Dataset/cmmd/cmmd_4758.jpg,Malignant,cancer,D2-0304,test
cmmd,Preprocessed_Dataset/cmmd/cmmd_4759.jpg,Malignant,cancer,D2-0305,train
cmmd,Preprocessed_Dataset/cmmd/cmmd_4760.jpg,Malignant,cancer,D2-0306,train
cmmd,Preprocessed_Dataset/cmmd/cmmd_4761.jpg,Malignant,cancer,D2-0307,test
cmmd,Preprocessed_Dataset/cmmd/cmmd_4762.jpg,Malignant,cancer,D2-0308,train
cmmd,Preprocessed_Dataset/cmmd/cmmd_4763.jpg,Malignant,cancer,D2-0309,train
cmmd,Preprocessed_Dataset/cmmd/cmmd_4764.jpg,Malignant,cancer,D2-0310,train
cmmd,Preprocessed_Dataset/cmmd/cmmd_4765.jpg,Malignant,cancer,D2-0312,val
cmmd,Preprocessed_Dataset/cmmd/cmmd_4766.jpg,Malignant,cancer,D2-0313,train
cmmd,Preprocessed_Dataset/cmmd/cmmd_4767.jpg,Malignant,cancer,D2-0314,train
cmmd,Preprocessed_Dataset/cmmd/cmmd_4768.jpg,Malignant,cancer,D2-0315,train
cmmd,Preprocessed_Dataset/cmmd/cmmd_4769.jpg,Malignant,cancer,D2-0316,train
cmmd,Preprocessed_Dataset/cmmd/cmmd_4770.jpg,Malignant,cancer,D2-0317,test
cmmd,Preprocessed_Dataset/cmmd/cmmd_4771.jpg,Malignant,cancer,D2-0318,test
cmmd,Preprocessed_Dataset/cmmd/cmmd_4772.jpg,Malignant,cancer,D2-0319,test
cmmd,Preprocessed_Dataset/cmmd/cmmd_4773.jpg,Malignant,cancer,D2-0320,train
cmmd,Preprocessed_Dataset/cmmd/cmmd_4774.jpg,Malignant,cancer,D2-0321,val
cmmd,Preprocessed_Dataset/cmmd/cmmd_4775.jpg,Malignant,cancer,D2-0322,train
cmmd,Preprocessed_Dataset/cmmd/cmmd_4776.jpg,Malignant,cancer,D2-0323,test
cmmd,Preprocessed_Dataset/cmmd/cmmd_4777.jpg,Malignant,cancer,D2-0324,test
cmmd,Preprocessed_Dataset/cmmd/cmmd_4778.jpg,Malignant,cancer,D2-0325,train
cmmd,Preprocessed_Dataset/cmmd/cmmd_4779.jpg,Malignant,cancer,D2-0326,train
cmmd,Preprocessed_Dataset/cmmd/cmmd_4780.jpg,Malignant,cancer,D2-0327,train
cmmd,Preprocessed_Dataset/cmmd/cmmd_4781.jpg,Malignant,cancer,D2-0328,train
cmmd,Preprocessed_Dataset/cmmd/cmmd_4782.jpg,Malignant,cancer,D2-0329,train
cmmd,Preprocessed_Dataset/cmmd/cmmd_4783.jpg,Malignant,cancer,D2-0330,train
cmmd,Preprocessed_Dataset/cmmd/cmmd_4784.jpg,Malignant,cancer,D2-0331,train
cmmd,Preprocessed_Dataset/cmmd/cmmd_4785.jpg,Malignant,cancer,D2-0332,val
cmmd,Preprocessed_Dataset/cmmd/cmmd_4786.jpg,Malignant,cancer,D2-0333,train
cmmd,Preprocessed_Dataset/cmmd/cmmd_4787.jpg,Malignant,cancer,D2-0334,train
cmmd,Preprocessed_Dataset/cmmd/cmmd_4788.jpg,Malignant,cancer,D2-0335,train
cmmd,Preprocessed_Dataset/cmmd/cmmd_4789.jpg,Malignant,cancer,D2-0336,train
cmmd,Preprocessed_Dataset/cmmd/cmmd_4790.jpg,Malignant,cancer,D2-0337,test
cmmd,Preprocessed_Dataset/cmmd/cmmd_4791.jpg,Malignant,cancer,D2-0338,val
cmmd,Preprocessed_Dataset/cmmd/cmmd_4792.jpg,Malignant,cancer,D2-0339,train
cmmd,Preprocessed_Dataset/cmmd/cmmd_4793.jpg,Malignant,cancer,D2-0340,train
cmmd,Preprocessed_Dataset/cmmd/cmmd_4794.jpg,Malignant,cancer,D2-0341,train
cmmd,Preprocessed_Dataset/cmmd/cmmd_4795.jpg,Malignant,cancer,D2-0342,train
cmmd,Preprocessed_Dataset/cmmd/cmmd_4796.jpg,Malignant,cancer,D2-0343,val
cmmd,Preprocessed_Dataset/cmmd/cmmd_4797.jpg,Malignant,cancer,D2-0344,train
cmmd,Preprocessed_Dataset/cmmd/cmmd_4798.jpg,Malignant,cancer,D2-0345,train
cmmd,Preprocessed_Dataset/cmmd/cmmd_4799.jpg,Malignant,cancer,D2-0346,train
cmmd,Preprocessed_Dataset/cmmd/cmmd_4800.jpg,Malignant,cancer,D2-0347,train
cmmd,Preprocessed_Dataset/cmmd/cmmd_4801.jpg,Malignant,cancer,D2-0348,test
cmmd,Preprocessed_Dataset/cmmd/cmmd_4802.jpg,Malignant,cancer,D2-0349,train
cmmd,Preprocessed_Dataset/cmmd/cmmd_4803.jpg,Malignant,cancer,D2-0350,train
cmmd,Preprocessed_Dataset/cmmd/cmmd_4804.jpg,Malignant,cancer,D2-0351,train
cmmd,Preprocessed_Dataset/cmmd/cmmd_4805.jpg,Malignant,cancer,D2-0352,train
cmmd,Preprocessed_Dataset/cmmd/cmmd_4806.jpg,Malignant,cancer,D2-0353,train
cmmd,Preprocessed_Dataset/cmmd/cmmd_4807.jpg,Malignant,cancer,D2-0354,val
cmmd,Preprocessed_Dataset/cmmd/cmmd_4808.jpg,Malignant,cancer,D2-0355,train
cmmd,Preprocessed_Dataset/cmmd/cmmd_4809.jpg,Malignant,cancer,D2-0356,train
cmmd,Preprocessed_Dataset/cmmd/cmmd_4810.jpg,Malignant,cancer,D2-0357,train
cmmd,Preprocessed_Dataset/cmmd/cmmd_4811.jpg,Malignant,cancer,D2-0358,train
cmmd,Preprocessed_Dataset/cmmd/cmmd_4812.jpg,Malignant,cancer,D2-0359,train
cmmd,Preprocessed_Dataset/cmmd/cmmd_4813.jpg,Malignant,cancer,D2-0360,train
cmmd,Preprocessed_Dataset/cmmd/cmmd_4814.jpg,Malignant,cancer,D2-0361,test
cmmd,Preprocessed_Dataset/cmmd/cmmd_4815.jpg,Malignant,cancer,D2-0362,train
cmmd,Preprocessed_Dataset/cmmd/cmmd_4816.jpg,Malignant,cancer,D2-0363,train
cmmd,Preprocessed_Dataset/cmmd/cmmd_4817.jpg,Malignant,cancer,D2-0364,train
cmmd,Preprocessed_Dataset/cmmd/cmmd_4818.jpg,Malignant,cancer,D2-0365,train
cmmd,Preprocessed_Dataset/cmmd/cmmd_4819.jpg,Malignant,cancer,D2-0366,train
cmmd,Preprocessed_Dataset/cmmd/cmmd_4820.jpg,Malignant,cancer,D2-0367,train
cmmd,Preprocessed_Dataset/cmmd/cmmd_4821.jpg,Malignant,cancer,D2-0368,val
cmmd,Preprocessed_Dataset/cmmd/cmmd_4822.jpg,Malignant,cancer,D2-0369,val
cmmd,Preprocessed_Dataset/cmmd/cmmd_4823.jpg,Malignant,cancer,D2-0370,test
cmmd,Preprocessed_Dataset/cmmd/cmmd_4824.jpg,Malignant,cancer,D2-0371,train
cmmd,Preprocessed_Dataset/cmmd/cmmd_4825.jpg,Malignant,cancer,D2-0372,train
cmmd,Preprocessed_Dataset/cmmd/cmmd_4826.jpg,Malignant,cancer,D2-0373,train
cmmd,Preprocessed_Dataset/cmmd/cmmd_4827.jpg,Malignant,cancer,D2-0374,train
cmmd,Preprocessed_Dataset/cmmd/cmmd_4828.jpg,Malignant,cancer,D2-0375,train
cmmd,Preprocessed_Dataset/cmmd/cmmd_4829.jpg,Malignant,cancer,D2-0376,test
cmmd,Preprocessed_Dataset/cmmd/cmmd_4830.jpg,Malignant,cancer,D2-0377,train
cmmd,Preprocessed_Dataset/cmmd/cmmd_4831.jpg,Malignant,cancer,D2-0378,train
cmmd,Preprocessed_Dataset/cmmd/cmmd_4832.jpg,Malignant,cancer,D2-0379,train
cmmd,Preprocessed_Dataset/cmmd/cmmd_4833.jpg,Malignant,cancer,D2-0380,train
cmmd,Preprocessed_Dataset/cmmd/cmmd_4834.jpg,Malignant,cancer,D2-0381,train
cmmd,Preprocessed_Dataset/cmmd/cmmd_4835.jpg,Malignant,cancer,D2-0382,train
cmmd,Preprocessed_Dataset/cmmd/cmmd_4836.jpg,Malignant,cancer,D2-0383,train
cmmd,Preprocessed_Dataset/cmmd/cmmd_4837.jpg,Malignant,cancer,D2-0384,train
cmmd,Preprocessed_Dataset/cmmd/cmmd_4838.jpg,Malignant,cancer,D2-0385,train
cmmd,Preprocessed_Dataset/cmmd/cmmd_4839.jpg,Malignant,cancer,D2-0386,train
cmmd,Preprocessed_Dataset/cmmd/cmmd_4840.jpg,Malignant,cancer,D2-0387,train
cmmd,Preprocessed_Dataset/cmmd/cmmd_4841.jpg,Malignant,cancer,D2-0388,train
cmmd,Preprocessed_Dataset/cmmd/cmmd_4842.jpg,Malignant,cancer,D2-0389,train
cmmd,Preprocessed_Dataset/cmmd/cmmd_4843.jpg,Malignant,cancer,D2-0390,test
cmmd,Preprocessed_Dataset/cmmd/cmmd_4844.jpg,Malignant,cancer,D2-0391,train
cmmd,Preprocessed_Dataset/cmmd/cmmd_4845.jpg,Malignant,cancer,D2-0392,val
cmmd,Preprocessed_Dataset/cmmd/cmmd_4846.jpg,Malignant,cancer,D2-0393,train
cmmd,Preprocessed_Dataset/cmmd/cmmd_4847.jpg,Malignant,cancer,D2-0394,train
cmmd,Preprocessed_Dataset/cmmd/cmmd_4848.jpg,Malignant,cancer,D2-0395,val
cmmd,Preprocessed_Dataset/cmmd/cmmd_4849.jpg,Malignant,cancer,D2-0396,test
cmmd,Preprocessed_Dataset/cmmd/cmmd_4850.jpg,Malignant,cancer,D2-0397,val
cmmd,Preprocessed_Dataset/cmmd/cmmd_4851.jpg,Malignant,cancer,D2-0398,test
cmmd,Preprocessed_Dataset/cmmd/cmmd_4852.jpg,Malignant,cancer,D2-0399,test
cmmd,Preprocessed_Dataset/cmmd/cmmd_4853.jpg,Malignant,cancer,D2-0400,test
cmmd,Preprocessed_Dataset/cmmd/cmmd_4854.jpg,Malignant,cancer,D2-0401,test
cmmd,Preprocessed_Dataset/cmmd/cmmd_4855.jpg,Malignant,cancer,D2-0403,train
cmmd,Preprocessed_Dataset/cmmd/cmmd_4856.jpg,Malignant,cancer,D2-0404,train
cmmd,Preprocessed_Dataset/cmmd/cmmd_4857.jpg,Malignant,cancer,D2-0405,train
cmmd,Preprocessed_Dataset/cmmd/cmmd_4858.jpg,Malignant,cancer,D2-0406,train
cmmd,Preprocessed_Dataset/cmmd/cmmd_4859.jpg,Malignant,cancer,D2-0407,train
cmmd,Preprocessed_Dataset/cmmd/cmmd_4860.jpg,Malignant,cancer,D2-0408,train
cmmd,Preprocessed_Dataset/cmmd/cmmd_4861.jpg,Malignant,cancer,D2-0409,train
cmmd,Preprocessed_Dataset/cmmd/cmmd_4862.jpg,Malignant,cancer,D2-0410,train
cmmd,Preprocessed_Dataset/cmmd/cmmd_4863.jpg,Malignant,cancer,D2-0411,train
cmmd,Preprocessed_Dataset/cmmd/cmmd_4864.jpg,Malignant,cancer,D2-0412,test
cmmd,Preprocessed_Dataset/cmmd/cmmd_4865.jpg,Malignant,cancer,D2-0413,val
cmmd,Preprocessed_Dataset/cmmd/cmmd_4866.jpg,Malignant,cancer,D2-0414,train
cmmd,Preprocessed_Dataset/cmmd/cmmd_4867.jpg,Malignant,cancer,D2-0415,train
cmmd,Preprocessed_Dataset/cmmd/cmmd_4868.jpg,Malignant,cancer,D2-0416,test
cmmd,Preprocessed_Dataset/cmmd/cmmd_4869.jpg,Malignant,cancer,D2-0417,train
cmmd,Preprocessed_Dataset/cmmd/cmmd_4870.jpg,Malignant,cancer,D2-0418,train
cmmd,Preprocessed_Dataset/cmmd/cmmd_4871.jpg,Malignant,cancer,D2-0419,train
cmmd,Preprocessed_Dataset/cmmd/cmmd_4872.jpg,Malignant,cancer,D2-0420,train
cmmd,Preprocessed_Dataset/cmmd/cmmd_4873.jpg,Malignant,cancer,D2-0421,test
cmmd,Preprocessed_Dataset/cmmd/cmmd_4874.jpg,Malignant,cancer,D2-0422,test
cmmd,Preprocessed_Dataset/cmmd/cmmd_4875.jpg,Malignant,cancer,D2-0423,train
cmmd,Preprocessed_Dataset/cmmd/cmmd_4876.jpg,Malignant,cancer,D2-0424,train
cmmd,Preprocessed_Dataset/cmmd/cmmd_4877.jpg,Malignant,cancer,D2-0425,train
cmmd,Preprocessed_Dataset/cmmd/cmmd_4878.jpg,Malignant,cancer,D2-0426,test
cmmd,Preprocessed_Dataset/cmmd/cmmd_4879.jpg,Malignant,cancer,D2-0427,train
cmmd,Preprocessed_Dataset/cmmd/cmmd_4880.jpg,Malignant,cancer,D2-0428,train
cmmd,Preprocessed_Dataset/cmmd/cmmd_4881.jpg,Malignant,cancer,D2-0429,train
cmmd,Preprocessed_Dataset/cmmd/cmmd_4882.jpg,Malignant,cancer,D2-0430,train
cmmd,Preprocessed_Dataset/cmmd/cmmd_4883.jpg,Malignant,cancer,D2-0431,train
cmmd,Preprocessed_Dataset/cmmd/cmmd_4884.jpg,Malignant,cancer,D2-0432,train
cmmd,Preprocessed_Dataset/cmmd/cmmd_4885.jpg,Malignant,cancer,D2-0433,test
cmmd,Preprocessed_Dataset/cmmd/cmmd_4886.jpg,Malignant,cancer,D2-0434,train
cmmd,Preprocessed_Dataset/cmmd/cmmd_4887.jpg,Malignant,cancer,D2-0435,train
cmmd,Preprocessed_Dataset/cmmd/cmmd_4888.jpg,Malignant,cancer,D2-0436,val
cmmd,Preprocessed_Dataset/cmmd/cmmd_4889.jpg,Malignant,cancer,D2-0437,train
cmmd,Preprocessed_Dataset/cmmd/cmmd_4890.jpg,Malignant,cancer,D2-0438,train
cmmd,Preprocessed_Dataset/cmmd/cmmd_4891.jpg,Malignant,cancer,D2-0439,train
cmmd,Preprocessed_Dataset/cmmd/cmmd_4892.jpg,Malignant,cancer,D2-0440,train
cmmd,Preprocessed_Dataset/cmmd/cmmd_4893.jpg,Malignant,cancer,D2-0441,train
cmmd,Preprocessed_Dataset/cmmd/cmmd_4894.jpg,Malignant,cancer,D2-0442,train
cmmd,Preprocessed_Dataset/cmmd/cmmd_4895.jpg,Malignant,cancer,D2-0443,train
cmmd,Preprocessed_Dataset/cmmd/cmmd_4896.jpg,Malignant,cancer,D2-0444,train
cmmd,Preprocessed_Dataset/cmmd/cmmd_4897.jpg,Malignant,cancer,D2-0445,train
cmmd,Preprocessed_Dataset/cmmd/cmmd_4898.jpg,Malignant,cancer,D2-0446,train
cmmd,Preprocessed_Dataset/cmmd/cmmd_4899.jpg,Malignant,cancer,D2-0447,train
cmmd,Preprocessed_Dataset/cmmd/cmmd_4900.jpg,Malignant,cancer,D2-0448,train
cmmd,Preprocessed_Dataset/cmmd/cmmd_4901.jpg,Malignant,cancer,D2-0449,train
cmmd,Preprocessed_Dataset/cmmd/cmmd_4902.jpg,Malignant,cancer,D2-0450,val
cmmd,Preprocessed_Dataset/cmmd/cmmd_4903.jpg,Malignant,cancer,D2-0451,train
cmmd,Preprocessed_Dataset/cmmd/cmmd_4904.jpg,Malignant,cancer,D2-0452,train
cmmd,Preprocessed_Dataset/cmmd/cmmd_4905.jpg,Malignant,cancer,D2-0453,test
cmmd,Preprocessed_Dataset/cmmd/cmmd_4906.jpg,Malignant,cancer,D2-0454,train
cmmd,Preprocessed_Dataset/cmmd/cmmd_4907.jpg,Malignant,cancer,D2-0455,val
cmmd,Preprocessed_Dataset/cmmd/cmmd_4908.jpg,Malignant,cancer,D2-0456,train
cmmd,Preprocessed_Dataset/cmmd/cmmd_4909.jpg,Malignant,cancer,D2-0457,val
cmmd,Preprocessed_Dataset/cmmd/cmmd_4910.jpg,Malignant,cancer,D2-0458,test
cmmd,Preprocessed_Dataset/cmmd/cmmd_4911.jpg,Malignant,cancer,D2-0459,test
cmmd,Preprocessed_Dataset/cmmd/cmmd_4912.jpg,Malignant,cancer,D2-0460,test
cmmd,Preprocessed_Dataset/cmmd/cmmd_4913.jpg,Malignant,cancer,D2-0461,val
cmmd,Preprocessed_Dataset/cmmd/cmmd_4914.jpg,Malignant,cancer,D2-0462,val
cmmd,Preprocessed_Dataset/cmmd/cmmd_4915.jpg,Malignant,cancer,D2-0463,train
cmmd,Preprocessed_Dataset/cmmd/cmmd_4916.jpg,Malignant,cancer,D2-0464,train
cmmd,Preprocessed_Dataset/cmmd/cmmd_4917.jpg,Malignant,cancer,D2-0465,train
cmmd,Preprocessed_Dataset/cmmd/cmmd_4918.jpg,Malignant,cancer,D2-0466,val
cmmd,Preprocessed_Dataset/cmmd/cmmd_4919.jpg,Malignant,cancer,D2-0467,train
cmmd,Preprocessed_Dataset/cmmd/cmmd_4920.jpg,Malignant,cancer,D2-0468,test
cmmd,Preprocessed_Dataset/cmmd/cmmd_4921.jpg,Malignant,cancer,D2-0469,val
cmmd,Preprocessed_Dataset/cmmd/cmmd_4922.jpg,Malignant,cancer,D2-0470,train
cmmd,Preprocessed_Dataset/cmmd/cmmd_4923.jpg,Malignant,cancer,D2-0471,test
cmmd,Preprocessed_Dataset/cmmd/cmmd_4924.jpg,Malignant,cancer,D2-0472,train
cmmd,Preprocessed_Dataset/cmmd/cmmd_4925.jpg,Malignant,cancer,D2-0473,train
cmmd,Preprocessed_Dataset/cmmd/cmmd_4926.jpg,Malignant,cancer,D2-0474,train
cmmd,Preprocessed_Dataset/cmmd/cmmd_4927.jpg,Malignant,cancer,D2-0475,train
cmmd,Preprocessed_Dataset/cmmd/cmmd_4928.jpg,Malignant,cancer,D2-0476,train
cmmd,Preprocessed_Dataset/cmmd/cmmd_4929.jpg,Malignant,cancer,D2-0477,train
cmmd,Preprocessed_Dataset/cmmd/cmmd_4930.jpg,Malignant,cancer,D2-0478,train
cmmd,Preprocessed_Dataset/cmmd/cmmd_4931.jpg,Malignant,cancer,D2-0479,val
cmmd,Preprocessed_Dataset/cmmd/cmmd_4932.jpg,Malignant,cancer,D2-0480,train
cmmd,Preprocessed_Dataset/cmmd/cmmd_4933.jpg,Malignant,cancer,D2-0481,train
cmmd,Preprocessed_Dataset/cmmd/cmmd_4934.jpg,Malignant,cancer,D2-0482,train
cmmd,Preprocessed_Dataset/cmmd/cmmd_4935.jpg,Malignant,cancer,D2-0483,train
cmmd,Preprocessed_Dataset/cmmd/cmmd_4936.jpg,Malignant,cancer,D2-0484,train
cmmd,Preprocessed_Dataset/cmmd/cmmd_4937.jpg,Malignant,cancer,D2-0485,test
cmmd,Preprocessed_Dataset/cmmd/cmmd_4938.jpg,Malignant,cancer,D2-0486,val
cmmd,Preprocessed_Dataset/cmmd/cmmd_4939.jpg,Malignant,cancer,D2-0487,train
cmmd,Preprocessed_Dataset/cmmd/cmmd_4940.jpg,Malignant,cancer,D2-0488,test
cmmd,Preprocessed_Dataset/cmmd/cmmd_4941.jpg,Malignant,cancer,D2-0489,train
cmmd,Preprocessed_Dataset/cmmd/cmmd_4942.jpg,Malignant,cancer,D2-0490,train
cmmd,Preprocessed_Dataset/cmmd/cmmd_4943.jpg,Malignant,cancer,D2-0491,train
cmmd,Preprocessed_Dataset/cmmd/cmmd_4944.jpg,Malignant,cancer,D2-0492,val
cmmd,Preprocessed_Dataset/cmmd/cmmd_4945.jpg,Malignant,cancer,D2-0493,train
cmmd,Preprocessed_Dataset/cmmd/cmmd_4946.jpg,Malignant,cancer,D2-0494,train
cmmd,Preprocessed_Dataset/cmmd/cmmd_4947.jpg,Malignant,cancer,D2-0495,train
cmmd,Preprocessed_Dataset/cmmd/cmmd_4948.jpg,Malignant,cancer,D2-0496,train
cmmd,Preprocessed_Dataset/cmmd/cmmd_4949.jpg,Malignant,cancer,D2-0497,test
cmmd,Preprocessed_Dataset/cmmd/cmmd_4950.jpg,Malignant,cancer,D2-0498,train
cmmd,Preprocessed_Dataset/cmmd/cmmd_4951.jpg,Malignant,cancer,D2-0499,train
cmmd,Preprocessed_Dataset/cmmd/cmmd_4952.jpg,Malignant,cancer,D2-0500,val
cmmd,Preprocessed_Dataset/cmmd/cmmd_4953.jpg,Malignant,cancer,D2-0501,val
cmmd,Preprocessed_Dataset/cmmd/cmmd_4954.jpg,Malignant,cancer,D2-0502,train
cmmd,Preprocessed_Dataset/cmmd/cmmd_4955.jpg,Malignant,cancer,D2-0503,train
cmmd,Preprocessed_Dataset/cmmd/cmmd_4956.jpg,Malignant,cancer,D2-0504,train
cmmd,Preprocessed_Dataset/cmmd/cmmd_4957.jpg,Malignant,cancer,D2-0505,val
cmmd,Preprocessed_Dataset/cmmd/cmmd_4958.jpg,Malignant,cancer,D2-0506,train
cmmd,Preprocessed_Dataset/cmmd/cmmd_4959.jpg,Malignant,cancer,D2-0507,train
cmmd,Preprocessed_Dataset/cmmd/cmmd_4960.jpg,Malignant,cancer,D2-0508,train
cmmd,Preprocessed_Dataset/cmmd/cmmd_4961.jpg,Malignant,cancer,D2-0509,train
cmmd,Preprocessed_Dataset/cmmd/cmmd_4962.jpg,Malignant,cancer,D2-0510,train
cmmd,Preprocessed_Dataset/cmmd/cmmd_4963.jpg,Malignant,cancer,D2-0511,train
cmmd,Preprocessed_Dataset/cmmd/cmmd_4964.jpg,Malignant,cancer,D2-0512,val
cmmd,Preprocessed_Dataset/cmmd/cmmd_4965.jpg,Malignant,cancer,D2-0513,train
cmmd,Preprocessed_Dataset/cmmd/cmmd_4966.jpg,Malignant,cancer,D2-0514,train
cmmd,Preprocessed_Dataset/cmmd/cmmd_4967.jpg,Malignant,cancer,D2-0515,val
cmmd,Preprocessed_Dataset/cmmd/cmmd_4968.jpg,Malignant,cancer,D2-0516,train
cmmd,Preprocessed_Dataset/cmmd/cmmd_4969.jpg,Malignant,cancer,D2-0517,val
cmmd,Preprocessed_Dataset/cmmd/cmmd_4970.jpg,Malignant,cancer,D2-0518,train
cmmd,Preprocessed_Dataset/cmmd/cmmd_4971.jpg,Malignant,cancer,D2-0519,train
cmmd,Preprocessed_Dataset/cmmd/cmmd_4972.jpg,Malignant,cancer,D2-0520,train
cmmd,Preprocessed_Dataset/cmmd/cmmd_4973.jpg,Malignant,cancer,D2-0521,train
cmmd,Preprocessed_Dataset/cmmd/cmmd_4974.jpg,Malignant,cancer,D2-0522,train
cmmd,Preprocessed_Dataset/cmmd/cmmd_4975.jpg,Malignant,cancer,D2-0523,test
cmmd,Preprocessed_Dataset/cmmd/cmmd_4976.jpg,Malignant,cancer,D2-0524,train
cmmd,Preprocessed_Dataset/cmmd/cmmd_4977.jpg,Malignant,cancer,D2-0525,test
cmmd,Preprocessed_Dataset/cmmd/cmmd_4978.jpg,Malignant,cancer,D2-0526,train
cmmd,Preprocessed_Dataset/cmmd/cmmd_4979.jpg,Malignant,cancer,D2-0527,test
cmmd,Preprocessed_Dataset/cmmd/cmmd_4980.jpg,Malignant,cancer,D2-0528,val
cmmd,Preprocessed_Dataset/cmmd/cmmd_4981.jpg,Malignant,cancer,D2-0529,train
cmmd,Preprocessed_Dataset/cmmd/cmmd_4982.jpg,Malignant,cancer,D2-0530,train
cmmd,Preprocessed_Dataset/cmmd/cmmd_4983.jpg,Malignant,cancer,D2-0531,val
cmmd,Preprocessed_Dataset/cmmd/cmmd_4984.jpg,Malignant,cancer,D2-0532,train
cmmd,Preprocessed_Dataset/cmmd/cmmd_4985.jpg,Malignant,cancer,D2-0533,train
cmmd,Preprocessed_Dataset/cmmd/cmmd_4986.jpg,Malignant,cancer,D2-0534,train
cmmd,Preprocessed_Dataset/cmmd/cmmd_4987.jpg,Malignant,cancer,D2-0535,test
cmmd,Preprocessed_Dataset/cmmd/cmmd_4988.jpg,Malignant,cancer,D2-0536,test
cmmd,Preprocessed_Dataset/cmmd/cmmd_4989.jpg,Malignant,cancer,D2-0537,train
cmmd,Preprocessed_Dataset/cmmd/cmmd_4990.jpg,Malignant,cancer,D2-0538,train
cmmd,Preprocessed_Dataset/cmmd/cmmd_4991.jpg,Malignant,cancer,D2-0539,test
cmmd,Preprocessed_Dataset/cmmd/cmmd_4992.jpg,Malignant,cancer,D2-0540,val
cmmd,Preprocessed_Dataset/cmmd/cmmd_4993.jpg,Malignant,cancer,D2-0541,train
cmmd,Preprocessed_Dataset/cmmd/cmmd_4994.jpg,Malignant,cancer,D2-0542,train
cmmd,Preprocessed_Dataset/cmmd/cmmd_4995.jpg,Malignant,cancer,D2-0543,train
cmmd,Preprocessed_Dataset/cmmd/cmmd_4996.jpg,Malignant,cancer,D2-0544,train
cmmd,Preprocessed_Dataset/cmmd/cmmd_4997.jpg,Malignant,cancer,D2-0545,val
cmmd,Preprocessed_Dataset/cmmd/cmmd_4998.jpg,Malignant,cancer,D2-0546,test
cmmd,Preprocessed_Dataset/cmmd/cmmd_4999.jpg,Malignant,cancer,D2-0547,train
cmmd,Preprocessed_Dataset/cmmd/cmmd_5000.jpg,Malignant,cancer,D2-0548,train
cmmd,Preprocessed_Dataset/cmmd/cmmd_5001.jpg,Malignant,cancer,D2-0549,train
cmmd,Preprocessed_Dataset/cmmd/cmmd_5002.jpg,Malignant,cancer,D2-0550,val
cmmd,Preprocessed_Dataset/cmmd/cmmd_5003.jpg,Malignant,cancer,D2-0551,test
cmmd,Preprocessed_Dataset/cmmd/cmmd_5004.jpg,Malignant,cancer,D2-0552,train
cmmd,Preprocessed_Dataset/cmmd/cmmd_5005.jpg,Malignant,cancer,D2-0553,val
cmmd,Preprocessed_Dataset/cmmd/cmmd_5006.jpg,Malignant,cancer,D2-0554,train
cmmd,Preprocessed_Dataset/cmmd/cmmd_5007.jpg,Malignant,cancer,D2-0555,val
cmmd,Preprocessed_Dataset/cmmd/cmmd_5008.jpg,Malignant,cancer,D2-0556,train
cmmd,Preprocessed_Dataset/cmmd/cmmd_5009.jpg,Malignant,cancer,D2-0557,train
cmmd,Preprocessed_Dataset/cmmd/cmmd_5010.jpg,Malignant,cancer,D2-0558,train
cmmd,Preprocessed_Dataset/cmmd/cmmd_5011.jpg,Malignant,cancer,D2-0559,train
cmmd,Preprocessed_Dataset/cmmd/cmmd_5012.jpg,Malignant,cancer,D2-0560,val
cmmd,Preprocessed_Dataset/cmmd/cmmd_5013.jpg,Malignant,cancer,D2-0561,train
cmmd,Preprocessed_Dataset/cmmd/cmmd_5014.jpg,Malignant,cancer,D2-0562,train
cmmd,Preprocessed_Dataset/cmmd/cmmd_5015.jpg,Malignant,cancer,D2-0563,train
cmmd,Preprocessed_Dataset/cmmd/cmmd_5016.jpg,Malignant,cancer,D2-0564,val
cmmd,Preprocessed_Dataset/cmmd/cmmd_5017.jpg,Malignant,cancer,D2-0565,train
cmmd,Preprocessed_Dataset/cmmd/cmmd_5018.jpg,Malignant,cancer,D2-0566,test
cmmd,Preprocessed_Dataset/cmmd/cmmd_5019.jpg,Malignant,cancer,D2-0567,test
cmmd,Preprocessed_Dataset/cmmd/cmmd_5020.jpg,Malignant,cancer,D2-0568,train
cmmd,Preprocessed_Dataset/cmmd/cmmd_5021.jpg,Malignant,cancer,D2-0569,train
cmmd,Preprocessed_Dataset/cmmd/cmmd_5022.jpg,Malignant,cancer,D2-0570,val
cmmd,Preprocessed_Dataset/cmmd/cmmd_5023.jpg,Malignant,cancer,D2-0571,test
cmmd,Preprocessed_Dataset/cmmd/cmmd_5024.jpg,Malignant,cancer,D2-0572,train
cmmd,Preprocessed_Dataset/cmmd/cmmd_5025.jpg,Malignant,cancer,D2-0573,train
cmmd,Preprocessed_Dataset/cmmd/cmmd_5026.jpg,Malignant,cancer,D2-0574,test
cmmd,Preprocessed_Dataset/cmmd/cmmd_5027.jpg,Malignant,cancer,D2-0575,train
cmmd,Preprocessed_Dataset/cmmd/cmmd_5028.jpg,Malignant,cancer,D2-0576,train
cmmd,Preprocessed_Dataset/cmmd/cmmd_5029.jpg,Malignant,cancer,D2-0577,val
cmmd,Preprocessed_Dataset/cmmd/cmmd_5030.jpg,Malignant,cancer,D2-0578,train
cmmd,Preprocessed_Dataset/cmmd/cmmd_5031.jpg,Malignant,cancer,D2-0579,train
cmmd,Preprocessed_Dataset/cmmd/cmmd_5032.jpg,Malignant,cancer,D2-0580,train
cmmd,Preprocessed_Dataset/cmmd/cmmd_5033.jpg,Malignant,cancer,D2-0581,train
cmmd,Preprocessed_Dataset/cmmd/cmmd_5034.jpg,Malignant,cancer,D2-0582,train
cmmd,Preprocessed_Dataset/cmmd/cmmd_5035.jpg,Malignant,cancer,D2-0583,train
cmmd,Preprocessed_Dataset/cmmd/cmmd_5036.jpg,Malignant,cancer,D2-0584,train
cmmd,Preprocessed_Dataset/cmmd/cmmd_5037.jpg,Malignant,cancer,D2-0585,val
cmmd,Preprocessed_Dataset/cmmd/cmmd_5038.jpg,Malignant,cancer,D2-0586,train
cmmd,Preprocessed_Dataset/cmmd/cmmd_5039.jpg,Malignant,cancer,D2-0587,train
cmmd,Preprocessed_Dataset/cmmd/cmmd_5040.jpg,Malignant,cancer,D2-0588,train
cmmd,Preprocessed_Dataset/cmmd/cmmd_5041.jpg,Malignant,cancer,D2-0589,train
cmmd,Preprocessed_Dataset/cmmd/cmmd_5042.jpg,Malignant,cancer,D2-0590,train
cmmd,Preprocessed_Dataset/cmmd/cmmd_5043.jpg,Malignant,cancer,D2-0591,train
cmmd,Preprocessed_Dataset/cmmd/cmmd_5044.jpg,Malignant,cancer,D2-0592,train
cmmd,Preprocessed_Dataset/cmmd/cmmd_5045.jpg,Malignant,cancer,D2-0593,val
cmmd,Preprocessed_Dataset/cmmd/cmmd_5046.jpg,Malignant,cancer,D2-0594,train
cmmd,Preprocessed_Dataset/cmmd/cmmd_5047.jpg,Malignant,cancer,D2-0595,val
cmmd,Preprocessed_Dataset/cmmd/cmmd_5048.jpg,Malignant,cancer,D2-0596,train
cmmd,Preprocessed_Dataset/cmmd/cmmd_5049.jpg,Malignant,cancer,D2-0597,train
cmmd,Preprocessed_Dataset/cmmd/cmmd_5050.jpg,Malignant,cancer,D2-0598,train
cmmd,Preprocessed_Dataset/cmmd/cmmd_5051.jpg,Malignant,cancer,D2-0599,train
cmmd,Preprocessed_Dataset/cmmd/cmmd_5052.jpg,Malignant,cancer,D2-0600,val
cmmd,Preprocessed_Dataset/cmmd/cmmd_5053.jpg,Malignant,cancer,D2-0601,train
cmmd,Preprocessed_Dataset/cmmd/cmmd_5054.jpg,Malignant,cancer,D2-0602,test
cmmd,Preprocessed_Dataset/cmmd/cmmd_5055.jpg,Malignant,cancer,D2-0603,val
cmmd,Preprocessed_Dataset/cmmd/cmmd_5056.jpg,Malignant,cancer,D2-0604,train
cmmd,Preprocessed_Dataset/cmmd/cmmd_5057.jpg,Malignant,cancer,D2-0605,train
cmmd,Preprocessed_Dataset/cmmd/cmmd_5058.jpg,Malignant,cancer,D2-0606,test
cmmd,Preprocessed_Dataset/cmmd/cmmd_5059.jpg,Malignant,cancer,D2-0607,train
cmmd,Preprocessed_Dataset/cmmd/cmmd_5060.jpg,Malignant,cancer,D2-0608,test
cmmd,Preprocessed_Dataset/cmmd/cmmd_5061.jpg,Malignant,cancer,D2-0609,train
cmmd,Preprocessed_Dataset/cmmd/cmmd_5062.jpg,Malignant,cancer,D2-0610,train
cmmd,Preprocessed_Dataset/cmmd/cmmd_5063.jpg,Malignant,cancer,D2-0611,test
cmmd,Preprocessed_Dataset/cmmd/cmmd_5064.jpg,Malignant,cancer,D2-0612,train
cmmd,Preprocessed_Dataset/cmmd/cmmd_5065.jpg,Malignant,cancer,D2-0613,train
cmmd,Preprocessed_Dataset/cmmd/cmmd_5066.jpg,Malignant,cancer,D2-0614,train
cmmd,Preprocessed_Dataset/cmmd/cmmd_5067.jpg,Malignant,cancer,D2-0615,train
cmmd,Preprocessed_Dataset/cmmd/cmmd_5068.jpg,Malignant,cancer,D2-0616,train
cmmd,Preprocessed_Dataset/cmmd/cmmd_5069.jpg,Malignant,cancer,D2-0617,test
cmmd,Preprocessed_Dataset/cmmd/cmmd_5070.jpg,Malignant,cancer,D2-0618,train
cmmd,Preprocessed_Dataset/cmmd/cmmd_5071.jpg,Malignant,cancer,D2-0619,test
cmmd,Preprocessed_Dataset/cmmd/cmmd_5072.jpg,Malignant,cancer,D2-0620,train
cmmd,Preprocessed_Dataset/cmmd/cmmd_5073.jpg,Malignant,cancer,D2-0621,val
cmmd,Preprocessed_Dataset/cmmd/cmmd_5074.jpg,Malignant,cancer,D2-0622,train
cmmd,Preprocessed_Dataset/cmmd/cmmd_5075.jpg,Malignant,cancer,D2-0623,train
cmmd,Preprocessed_Dataset/cmmd/cmmd_5076.jpg,Malignant,cancer,D2-0624,train
cmmd,Preprocessed_Dataset/cmmd/cmmd_5077.jpg,Malignant,cancer,D2-0625,val
cmmd,Preprocessed_Dataset/cmmd/cmmd_5078.jpg,Malignant,cancer,D2-0626,train
cmmd,Preprocessed_Dataset/cmmd/cmmd_5079.jpg,Malignant,cancer,D2-0627,train
cmmd,Preprocessed_Dataset/cmmd/cmmd_5080.jpg,Malignant,cancer,D2-0628,test
cmmd,Preprocessed_Dataset/cmmd/cmmd_5081.jpg,Malignant,cancer,D2-0629,test
cmmd,Preprocessed_Dataset/cmmd/cmmd_5082.jpg,Malignant,cancer,D2-0630,train
cmmd,Preprocessed_Dataset/cmmd/cmmd_5083.jpg,Malignant,cancer,D2-0631,train
cmmd,Preprocessed_Dataset/cmmd/cmmd_5084.jpg,Malignant,cancer,D2-0632,train
cmmd,Preprocessed_Dataset/cmmd/cmmd_5085.jpg,Malignant,cancer,D2-0633,test
cmmd,Preprocessed_Dataset/cmmd/cmmd_5086.jpg,Malignant,cancer,D2-0634,train
cmmd,Preprocessed_Dataset/cmmd/cmmd_5087.jpg,Malignant,cancer,D2-0635,train
cmmd,Preprocessed_Dataset/cmmd/cmmd_5088.jpg,Malignant,cancer,D2-0636,test
cmmd,Preprocessed_Dataset/cmmd/cmmd_5089.jpg,Malignant,cancer,D2-0637,val
cmmd,Preprocessed_Dataset/cmmd/cmmd_5090.jpg,Malignant,cancer,D2-0638,train
cmmd,Preprocessed_Dataset/cmmd/cmmd_5091.jpg,Malignant,cancer,D2-0639,train
cmmd,Preprocessed_Dataset/cmmd/cmmd_5092.jpg,Malignant,cancer,D2-0640,test
cmmd,Preprocessed_Dataset/cmmd/cmmd_5093.jpg,Malignant,cancer,D2-0641,train
cmmd,Preprocessed_Dataset/cmmd/cmmd_5094.jpg,Malignant,cancer,D2-0642,test
cmmd,Preprocessed_Dataset/cmmd/cmmd_5095.jpg,Malignant,cancer,D2-0643,train
cmmd,Preprocessed_Dataset/cmmd/cmmd_5096.jpg,Malignant,cancer,D2-0644,train
cmmd,Preprocessed_Dataset/cmmd/cmmd_5097.jpg,Malignant,cancer,D2-0645,train
cmmd,Preprocessed_Dataset/cmmd/cmmd_5098.jpg,Malignant,cancer,D2-0646,train
cmmd,Preprocessed_Dataset/cmmd/cmmd_5099.jpg,Malignant,cancer,D2-0647,val
cmmd,Preprocessed_Dataset/cmmd/cmmd_5100.jpg,Malignant,cancer,D2-0648,train
cmmd,Preprocessed_Dataset/cmmd/cmmd_5101.jpg,Malignant,cancer,D2-0649,train
cmmd,Preprocessed_Dataset/cmmd/cmmd_5102.jpg,Malignant,cancer,D2-0650,val
cmmd,Preprocessed_Dataset/cmmd/cmmd_5103.jpg,Malignant,cancer,D2-0651,train
cmmd,Preprocessed_Dataset/cmmd/cmmd_5104.jpg,Malignant,cancer,D2-0652,train
cmmd,Preprocessed_Dataset/cmmd/cmmd_5105.jpg,Malignant,cancer,D2-0653,train
cmmd,Preprocessed_Dataset/cmmd/cmmd_5106.jpg,Malignant,cancer,D2-0654,train
cmmd,Preprocessed_Dataset/cmmd/cmmd_5107.jpg,Malignant,cancer,D2-0655,train
cmmd,Preprocessed_Dataset/cmmd/cmmd_5108.jpg,Malignant,cancer,D2-0656,test
cmmd,Preprocessed_Dataset/cmmd/cmmd_5109.jpg,Malignant,cancer,D2-0657,train
cmmd,Preprocessed_Dataset/cmmd/cmmd_5110.jpg,Malignant,cancer,D2-0658,train
cmmd,Preprocessed_Dataset/cmmd/cmmd_5111.jpg,Malignant,cancer,D2-0659,val
cmmd,Preprocessed_Dataset/cmmd/cmmd_5112.jpg,Malignant,cancer,D2-0660,train
cmmd,Preprocessed_Dataset/cmmd/cmmd_5113.jpg,Malignant,cancer,D2-0661,train
cmmd,Preprocessed_Dataset/cmmd/cmmd_5114.jpg,Malignant,cancer,D2-0662,train
cmmd,Preprocessed_Dataset/cmmd/cmmd_5115.jpg,Malignant,cancer,D2-0663,test
cmmd,Preprocessed_Dataset/cmmd/cmmd_5116.jpg,Malignant,cancer,D2-0664,train
cmmd,Preprocessed_Dataset/cmmd/cmmd_5117.jpg,Malignant,cancer,D2-0665,train
cmmd,Preprocessed_Dataset/cmmd/cmmd_5118.jpg,Malignant,cancer,D2-0666,train
cmmd,Preprocessed_Dataset/cmmd/cmmd_5119.jpg,Malignant,cancer,D2-0667,train
cmmd,Preprocessed_Dataset/cmmd/cmmd_5120.jpg,Malignant,cancer,D2-0668,test
cmmd,Preprocessed_Dataset/cmmd/cmmd_5121.jpg,Malignant,cancer,D2-0669,train
cmmd,Preprocessed_Dataset/cmmd/cmmd_5122.jpg,Malignant,cancer,D2-0670,train
cmmd,Preprocessed_Dataset/cmmd/cmmd_5123.jpg,Malignant,cancer,D2-0671,test
cmmd,Preprocessed_Dataset/cmmd/cmmd_5124.jpg,Malignant,cancer,D2-0672,val
cmmd,Preprocessed_Dataset/cmmd/cmmd_5125.jpg,Malignant,cancer,D2-0673,val
cmmd,Preprocessed_Dataset/cmmd/cmmd_5126.jpg,Malignant,cancer,D2-0674,train
cmmd,Preprocessed_Dataset/cmmd/cmmd_5127.jpg,Malignant,cancer,D2-0675,train
cmmd,Preprocessed_Dataset/cmmd/cmmd_5128.jpg,Malignant,cancer,D2-0676,test
cmmd,Preprocessed_Dataset/cmmd/cmmd_5129.jpg,Malignant,cancer,D2-0677,train
cmmd,Preprocessed_Dataset/cmmd/cmmd_5130.jpg,Malignant,cancer,D2-0678,val
cmmd,Preprocessed_Dataset/cmmd/cmmd_5131.jpg,Malignant,cancer,D2-0679,test
cmmd,Preprocessed_Dataset/cmmd/cmmd_5132.jpg,Malignant,cancer,D2-0680,train
cmmd,Preprocessed_Dataset/cmmd/cmmd_5133.jpg,Malignant,cancer,D2-0681,train
cmmd,Preprocessed_Dataset/cmmd/cmmd_5134.jpg,Malignant,cancer,D2-0682,train
cmmd,Preprocessed_Dataset/cmmd/cmmd_5135.jpg,Malignant,cancer,D2-0683,val
cmmd,Preprocessed_Dataset/cmmd/cmmd_5136.jpg,Malignant,cancer,D2-0684,train
cmmd,Preprocessed_Dataset/cmmd/cmmd_5137.jpg,Malignant,cancer,D2-0685,train
cmmd,Preprocessed_Dataset/cmmd/cmmd_5138.jpg,Malignant,cancer,D2-0686,val
cmmd,Preprocessed_Dataset/cmmd/cmmd_5139.jpg,Malignant,cancer,D2-0687,test
cmmd,Preprocessed_Dataset/cmmd/cmmd_5140.jpg,Malignant,cancer,D2-0688,train
cmmd,Preprocessed_Dataset/cmmd/cmmd_5141.jpg,Malignant,cancer,D2-0689,train
cmmd,Preprocessed_Dataset/cmmd/cmmd_5142.jpg,Malignant,cancer,D2-0690,val
cmmd,Preprocessed_Dataset/cmmd/cmmd_5143.jpg,Malignant,cancer,D2-0691,train
cmmd,Preprocessed_Dataset/cmmd/cmmd_5144.jpg,Malignant,cancer,D2-0692,train
cmmd,Preprocessed_Dataset/cmmd/cmmd_5145.jpg,Malignant,cancer,D2-0693,val
cmmd,Preprocessed_Dataset/cmmd/cmmd_5146.jpg,Malignant,cancer,D2-0694,train
cmmd,Preprocessed_Dataset/cmmd/cmmd_5147.jpg,Malignant,cancer,D2-0695,train
cmmd,Preprocessed_Dataset/cmmd/cmmd_5148.jpg,Malignant,cancer,D2-0696,val
cmmd,Preprocessed_Dataset/cmmd/cmmd_5149.jpg,Malignant,cancer,D2-0697,train
cmmd,Preprocessed_Dataset/cmmd/cmmd_5150.jpg,Malignant,cancer,D2-0698,train
cmmd,Preprocessed_Dataset/cmmd/cmmd_5151.jpg,Malignant,cancer,D2-0699,train
cmmd,Preprocessed_Dataset/cmmd/cmmd_5152.jpg,Malignant,cancer,D2-0700,train
cmmd,Preprocessed_Dataset/cmmd/cmmd_5153.jpg,Benign,non-cancer,D2-0701,test
cmmd,Preprocessed_Dataset/cmmd/cmmd_5154.jpg,Malignant,cancer,D2-0702,train
cmmd,Preprocessed_Dataset/cmmd/cmmd_5155.jpg,Malignant,cancer,D2-0703,train
cmmd,Preprocessed_Dataset/cmmd/cmmd_5156.jpg,Malignant,cancer,D2-0704,test
cmmd,Preprocessed_Dataset/cmmd/cmmd_5157.jpg,Malignant,cancer,D2-0705,train
cmmd,Preprocessed_Dataset/cmmd/cmmd_5158.jpg,Malignant,cancer,D2-0706,train
cmmd,Preprocessed_Dataset/cmmd/cmmd_5159.jpg,Malignant,cancer,D2-0707,train
cmmd,Preprocessed_Dataset/cmmd/cmmd_5160.jpg,Malignant,cancer,D2-0708,train
cmmd,Preprocessed_Dataset/cmmd/cmmd_5161.jpg,Malignant,cancer,D2-0709,test
cmmd,Preprocessed_Dataset/cmmd/cmmd_5162.jpg,Malignant,cancer,D2-0710,train
cmmd,Preprocessed_Dataset/cmmd/cmmd_5163.jpg,Malignant,cancer,D2-0711,train
cmmd,Preprocessed_Dataset/cmmd/cmmd_5164.jpg,Malignant,cancer,D2-0712,train
cmmd,Preprocessed_Dataset/cmmd/cmmd_5165.jpg,Malignant,cancer,D2-0713,test
cmmd,Preprocessed_Dataset/cmmd/cmmd_5166.jpg,Malignant,cancer,D2-0714,train
cmmd,Preprocessed_Dataset/cmmd/cmmd_5167.jpg,Malignant,cancer,D2-0715,train
cmmd,Preprocessed_Dataset/cmmd/cmmd_5168.jpg,Malignant,cancer,D2-0716,val
cmmd,Preprocessed_Dataset/cmmd/cmmd_5169.jpg,Malignant,cancer,D2-0717,val
cmmd,Preprocessed_Dataset/cmmd/cmmd_5170.jpg,Malignant,cancer,D2-0718,train
cmmd,Preprocessed_Dataset/cmmd/cmmd_5171.jpg,Malignant,cancer,D2-0719,test
cmmd,Preprocessed_Dataset/cmmd/cmmd_5172.jpg,Malignant,cancer,D2-0720,train
cmmd,Preprocessed_Dataset/cmmd/cmmd_5173.jpg,Malignant,cancer,D2-0721,train
cmmd,Preprocessed_Dataset/cmmd/cmmd_5174.jpg,Malignant,cancer,D2-0722,train
cmmd,Preprocessed_Dataset/cmmd/cmmd_5175.jpg,Malignant,cancer,D2-0723,train
cmmd,Preprocessed_Dataset/cmmd/cmmd_5176.jpg,Malignant,cancer,D2-0724,train
cmmd,Preprocessed_Dataset/cmmd/cmmd_5177.jpg,Malignant,cancer,D2-0725,val
cmmd,Preprocessed_Dataset/cmmd/cmmd_5178.jpg,Malignant,cancer,D2-0726,train
cmmd,Preprocessed_Dataset/cmmd/cmmd_5179.jpg,Malignant,cancer,D2-0727,val
cmmd,Preprocessed_Dataset/cmmd/cmmd_5180.jpg,Malignant,cancer,D2-0728,val
cmmd,Preprocessed_Dataset/cmmd/cmmd_5181.jpg,Malignant,cancer,D2-0729,train
cmmd,Preprocessed_Dataset/cmmd/cmmd_5182.jpg,Malignant,cancer,D2-0730,test
cmmd,Preprocessed_Dataset/cmmd/cmmd_5183.jpg,Malignant,cancer,D2-0731,test
cmmd,Preprocessed_Dataset/cmmd/cmmd_5184.jpg,Malignant,cancer,D2-0732,val
cmmd,Preprocessed_Dataset/cmmd/cmmd_5185.jpg,Malignant,cancer,D2-0733,train
cmmd,Preprocessed_Dataset/cmmd/cmmd_5186.jpg,Malignant,cancer,D2-0734,train
cmmd,Preprocessed_Dataset/cmmd/cmmd_5187.jpg,Malignant,cancer,D2-0735,train
cmmd,Preprocessed_Dataset/cmmd/cmmd_5188.jpg,Malignant,cancer,D2-0736,val
cmmd,Preprocessed_Dataset/cmmd/cmmd_5189.jpg,Malignant,cancer,D2-0737,test
cmmd,Preprocessed_Dataset/cmmd/cmmd_5190.jpg,Malignant,cancer,D2-0738,train
cmmd,Preprocessed_Dataset/cmmd/cmmd_5191.jpg,Malignant,cancer,D2-0739,train
cmmd,Preprocessed_Dataset/cmmd/cmmd_5192.jpg,Malignant,cancer,D2-0740,train
cmmd,Preprocessed_Dataset/cmmd/cmmd_5193.jpg,Malignant,cancer,D2-0741,train
cmmd,Preprocessed_Dataset/cmmd/cmmd_5194.jpg,Malignant,cancer,D2-0742,train
cmmd,Preprocessed_Dataset/cmmd/cmmd_5195.jpg,Malignant,cancer,D2-0743,train
cmmd,Preprocessed_Dataset/cmmd/cmmd_5196.jpg,Malignant,cancer,D2-0744,train
cmmd,Preprocessed_Dataset/cmmd/cmmd_5197.jpg,Malignant,cancer,D2-0745,train
cmmd,Preprocessed_Dataset/cmmd/cmmd_5198.jpg,Malignant,cancer,D2-0746,test
cmmd,Preprocessed_Dataset/cmmd/cmmd_5199.jpg,Malignant,cancer,D2-0747,train
cmmd,Preprocessed_Dataset/cmmd/cmmd_5200.jpg,Malignant,cancer,D2-0748,train
cmmd,Preprocessed_Dataset/cmmd/cmmd_5201.jpg,Malignant,cancer,D2-0749,train
cdd-cesm,Preprocessed_Dataset/cdd-cesm/cdd-cesm_0.jpg,Malignant,cancer,1,train
cdd-cesm,Preprocessed_Dataset/cdd-cesm/cdd-cesm_1.jpg,Benign,non-cancer,2,test
cdd-cesm,Preprocessed_Dataset/cdd-cesm/cdd-cesm_2.jpg,Benign,non-cancer,2,test
cdd-cesm,Preprocessed_Dataset/cdd-cesm/cdd-cesm_3.jpg,Benign,non-cancer,2,test
cdd-cesm,Preprocessed_Dataset/cdd-cesm/cdd-cesm_4.jpg,Benign,non-cancer,2,test
cdd-cesm,Preprocessed_Dataset/cdd-cesm/cdd-cesm_5.jpg,Malignant,cancer,3,train
cdd-cesm,Preprocessed_Dataset/cdd-cesm/cdd-cesm_6.jpg,Malignant,cancer,3,train
cdd-cesm,Preprocessed_Dataset/cdd-cesm/cdd-cesm_7.jpg,Benign,non-cancer,3,train
cdd-cesm,Preprocessed_Dataset/cdd-cesm/cdd-cesm_8.jpg,Benign,non-cancer,3,train
cdd-cesm,Preprocessed_Dataset/cdd-cesm/cdd-cesm_9.jpg,Normal,non-cancer,4,test
cdd-cesm,Preprocessed_Dataset/cdd-cesm/cdd-cesm_10.jpg,Normal,non-cancer,4,test
cdd-cesm,Preprocessed_Dataset/cdd-cesm/cdd-cesm_11.jpg,Normal,non-cancer,5,train
cdd-cesm,Preprocessed_Dataset/cdd-cesm/cdd-cesm_12.jpg,Normal,non-cancer,5,train
cdd-cesm,Preprocessed_Dataset/cdd-cesm/cdd-cesm_13.jpg,Normal,non-cancer,5,train
cdd-cesm,Preprocessed_Dataset/cdd-cesm/cdd-cesm_14.jpg,Normal,non-cancer,5,train
cdd-cesm,Preprocessed_Dataset/cdd-cesm/cdd-cesm_15.jpg,Benign,non-cancer,6,train
cdd-cesm,Preprocessed_Dataset/cdd-cesm/cdd-cesm_16.jpg,Benign,non-cancer,6,train
cdd-cesm,Preprocessed_Dataset/cdd-cesm/cdd-cesm_17.jpg,Normal,non-cancer,7,test
cdd-cesm,Preprocessed_Dataset/cdd-cesm/cdd-cesm_18.jpg,Normal,non-cancer,7,test
cdd-cesm,Preprocessed_Dataset/cdd-cesm/cdd-cesm_19.jpg,Malignant,cancer,7,test
cdd-cesm,Preprocessed_Dataset/cdd-cesm/cdd-cesm_20.jpg,Benign,non-cancer,8,val
cdd-cesm,Preprocessed_Dataset/cdd-cesm/cdd-cesm_21.jpg,Benign,non-cancer,9,train
cdd-cesm,Preprocessed_Dataset/cdd-cesm/cdd-cesm_22.jpg,Benign,non-cancer,10,test
cdd-cesm,Preprocessed_Dataset/cdd-cesm/cdd-cesm_23.jpg,Benign,non-cancer,10,test
cdd-cesm,Preprocessed_Dataset/cdd-cesm/cdd-cesm_24.jpg,Benign,non-cancer,10,test
cdd-cesm,Preprocessed_Dataset/cdd-cesm/cdd-cesm_25.jpg,Benign,non-cancer,10,test
cdd-cesm,Preprocessed_Dataset/cdd-cesm/cdd-cesm_26.jpg,Benign,non-cancer,11,train
cdd-cesm,Preprocessed_Dataset/cdd-cesm/cdd-cesm_27.jpg,Benign,non-cancer,11,train
cdd-cesm,Preprocessed_Dataset/cdd-cesm/cdd-cesm_28.jpg,Normal,non-cancer,12,train
cdd-cesm,Preprocessed_Dataset/cdd-cesm/cdd-cesm_29.jpg,Normal,non-cancer,12,train
cdd-cesm,Preprocessed_Dataset/cdd-cesm/cdd-cesm_30.jpg,Malignant,cancer,12,train
cdd-cesm,Preprocessed_Dataset/cdd-cesm/cdd-cesm_31.jpg,Malignant,cancer,12,train
cdd-cesm,Preprocessed_Dataset/cdd-cesm/cdd-cesm_32.jpg,Benign,non-cancer,13,train
cdd-cesm,Preprocessed_Dataset/cdd-cesm/cdd-cesm_33.jpg,Normal,non-cancer,14,train
cdd-cesm,Preprocessed_Dataset/cdd-cesm/cdd-cesm_34.jpg,Normal,non-cancer,14,train
cdd-cesm,Preprocessed_Dataset/cdd-cesm/cdd-cesm_35.jpg,Benign,non-cancer,14,train
cdd-cesm,Preprocessed_Dataset/cdd-cesm/cdd-cesm_36.jpg,Benign,non-cancer,14,train
cdd-cesm,Preprocessed_Dataset/cdd-cesm/cdd-cesm_37.jpg,Benign,non-cancer,15,train
cdd-cesm,Preprocessed_Dataset/cdd-cesm/cdd-cesm_38.jpg,Normal,non-cancer,15,train
cdd-cesm,Preprocessed_Dataset/cdd-cesm/cdd-cesm_39.jpg,Normal,non-cancer,16,test
cdd-cesm,Preprocessed_Dataset/cdd-cesm/cdd-cesm_40.jpg,Malignant,cancer,16,test
cdd-cesm,Preprocessed_Dataset/cdd-cesm/cdd-cesm_41.jpg,Normal,non-cancer,16,test
cdd-cesm,Preprocessed_Dataset/cdd-cesm/cdd-cesm_42.jpg,Normal,non-cancer,16,test
cdd-cesm,Preprocessed_Dataset/cdd-cesm/cdd-cesm_43.jpg,Benign,non-cancer,17,train
cdd-cesm,Preprocessed_Dataset/cdd-cesm/cdd-cesm_44.jpg,Benign,non-cancer,18,train
cdd-cesm,Preprocessed_Dataset/cdd-cesm/cdd-cesm_45.jpg,Benign,non-cancer,18,train
cdd-cesm,Preprocessed_Dataset/cdd-cesm/cdd-cesm_46.jpg,Malignant,cancer,18,train
cdd-cesm,Preprocessed_Dataset/cdd-cesm/cdd-cesm_47.jpg,Malignant,cancer,18,train
cdd-cesm,Preprocessed_Dataset/cdd-cesm/cdd-cesm_48.jpg,Normal,non-cancer,19,test
cdd-cesm,Preprocessed_Dataset/cdd-cesm/cdd-cesm_49.jpg,Benign,non-cancer,19,test
cdd-cesm,Preprocessed_Dataset/cdd-cesm/cdd-cesm_50.jpg,Benign,non-cancer,19,test
cdd-cesm,Preprocessed_Dataset/cdd-cesm/cdd-cesm_51.jpg,Benign,non-cancer,20,train
cdd-cesm,Preprocessed_Dataset/cdd-cesm/cdd-cesm_52.jpg,Benign,non-cancer,20,train
cdd-cesm,Preprocessed_Dataset/cdd-cesm/cdd-cesm_53.jpg,Benign,non-cancer,21,train
cdd-cesm,Preprocessed_Dataset/cdd-cesm/cdd-cesm_54.jpg,Benign,non-cancer,21,train
cdd-cesm,Preprocessed_Dataset/cdd-cesm/cdd-cesm_55.jpg,Normal,non-cancer,21,train
cdd-cesm,Preprocessed_Dataset/cdd-cesm/cdd-cesm_56.jpg,Normal,non-cancer,21,train
cdd-cesm,Preprocessed_Dataset/cdd-cesm/cdd-cesm_57.jpg,Benign,non-cancer,22,train
cdd-cesm,Preprocessed_Dataset/cdd-cesm/cdd-cesm_58.jpg,Benign,non-cancer,23,val
cdd-cesm,Preprocessed_Dataset/cdd-cesm/cdd-cesm_59.jpg,Malignant,cancer,24,train
cdd-cesm,Preprocessed_Dataset/cdd-cesm/cdd-cesm_60.jpg,Malignant,cancer,24,train
cdd-cesm,Preprocessed_Dataset/cdd-cesm/cdd-cesm_61.jpg,Normal,non-cancer,24,train
cdd-cesm,Preprocessed_Dataset/cdd-cesm/cdd-cesm_62.jpg,Normal,non-cancer,24,train
cdd-cesm,Preprocessed_Dataset/cdd-cesm/cdd-cesm_63.jpg,Normal,non-cancer,25,test
cdd-cesm,Preprocessed_Dataset/cdd-cesm/cdd-cesm_64.jpg,Benign,non-cancer,25,test
cdd-cesm,Preprocessed_Dataset/cdd-cesm/cdd-cesm_65.jpg,Malignant,cancer,26,train
cdd-cesm,Preprocessed_Dataset/cdd-cesm/cdd-cesm_66.jpg,Malignant,cancer,26,train
cdd-cesm,Preprocessed_Dataset/cdd-cesm/cdd-cesm_67.jpg,Malignant,cancer,27,train
cdd-cesm,Preprocessed_Dataset/cdd-cesm/cdd-cesm_68.jpg,Malignant,cancer,27,train
cdd-cesm,Preprocessed_Dataset/cdd-cesm/cdd-cesm_69.jpg,Benign,non-cancer,28,train
cdd-cesm,Preprocessed_Dataset/cdd-cesm/cdd-cesm_70.jpg,Benign,non-cancer,28,train
cdd-cesm,Preprocessed_Dataset/cdd-cesm/cdd-cesm_71.jpg,Malignant,cancer,28,train
cdd-cesm,Preprocessed_Dataset/cdd-cesm/cdd-cesm_72.jpg,Normal,non-cancer,29,train
cdd-cesm,Preprocessed_Dataset/cdd-cesm/cdd-cesm_73.jpg,Normal,non-cancer,29,train
cdd-cesm,Preprocessed_Dataset/cdd-cesm/cdd-cesm_74.jpg,Malignant,cancer,29,train
cdd-cesm,Preprocessed_Dataset/cdd-cesm/cdd-cesm_75.jpg,Benign,non-cancer,30,val
cdd-cesm,Preprocessed_Dataset/cdd-cesm/cdd-cesm_76.jpg,Benign,non-cancer,30,val
cdd-cesm,Preprocessed_Dataset/cdd-cesm/cdd-cesm_77.jpg,Normal,non-cancer,30,val
cdd-cesm,Preprocessed_Dataset/cdd-cesm/cdd-cesm_78.jpg,Normal,non-cancer,30,val
cdd-cesm,Preprocessed_Dataset/cdd-cesm/cdd-cesm_79.jpg,Benign,non-cancer,31,val
cdd-cesm,Preprocessed_Dataset/cdd-cesm/cdd-cesm_80.jpg,Benign,non-cancer,31,val
cdd-cesm,Preprocessed_Dataset/cdd-cesm/cdd-cesm_81.jpg,Benign,non-cancer,31,val
cdd-cesm,Preprocessed_Dataset/cdd-cesm/cdd-cesm_82.jpg,Benign,non-cancer,31,val
cdd-cesm,Preprocessed_Dataset/cdd-cesm/cdd-cesm_83.jpg,Malignant,cancer,32,train
cdd-cesm,Preprocessed_Dataset/cdd-cesm/cdd-cesm_84.jpg,Malignant,cancer,32,train
cdd-cesm,Preprocessed_Dataset/cdd-cesm/cdd-cesm_85.jpg,Normal,non-cancer,32,train
cdd-cesm,Preprocessed_Dataset/cdd-cesm/cdd-cesm_86.jpg,Normal,non-cancer,32,train
cdd-cesm,Preprocessed_Dataset/cdd-cesm/cdd-cesm_87.jpg,Normal,non-cancer,33,train
cdd-cesm,Preprocessed_Dataset/cdd-cesm/cdd-cesm_88.jpg,Normal,non-cancer,33,train
cdd-cesm,Preprocessed_Dataset/cdd-cesm/cdd-cesm_89.jpg,Malignant,cancer,34,test
cdd-cesm,Preprocessed_Dataset/cdd-cesm/cdd-cesm_90.jpg,Normal,non-cancer,34,test
cdd-cesm,Preprocessed_Dataset/cdd-cesm/cdd-cesm_91.jpg,Benign,non-cancer,35,test
cdd-cesm,Preprocessed_Dataset/cdd-cesm/cdd-cesm_92.jpg,Benign,non-cancer,35,test
cdd-cesm,Preprocessed_Dataset/cdd-cesm/cdd-cesm_93.jpg,Benign,non-cancer,35,test
cdd-cesm,Preprocessed_Dataset/cdd-cesm/cdd-cesm_94.jpg,Normal,non-cancer,36,train
cdd-cesm,Preprocessed_Dataset/cdd-cesm/cdd-cesm_95.jpg,Normal,non-cancer,37,train
cdd-cesm,Preprocessed_Dataset/cdd-cesm/cdd-cesm_96.jpg,Normal,non-cancer,37,train
cdd-cesm,Preprocessed_Dataset/cdd-cesm/cdd-cesm_97.jpg,Malignant,cancer,37,train
cdd-cesm,Preprocessed_Dataset/cdd-cesm/cdd-cesm_98.jpg,Malignant,cancer,37,train
cdd-cesm,Preprocessed_Dataset/cdd-cesm/cdd-cesm_99.jpg,Malignant,cancer,38,train
cdd-cesm,Preprocessed_Dataset/cdd-cesm/cdd-cesm_100.jpg,Malignant,cancer,38,train
cdd-cesm,Preprocessed_Dataset/cdd-cesm/cdd-cesm_101.jpg,Normal,non-cancer,39,train
cdd-cesm,Preprocessed_Dataset/cdd-cesm/cdd-cesm_102.jpg,Normal,non-cancer,39,train
cdd-cesm,Preprocessed_Dataset/cdd-cesm/cdd-cesm_103.jpg,Benign,non-cancer,40,train
cdd-cesm,Preprocessed_Dataset/cdd-cesm/cdd-cesm_104.jpg,Benign,non-cancer,40,train
cdd-cesm,Preprocessed_Dataset/cdd-cesm/cdd-cesm_105.jpg,Benign,non-cancer,40,train
cdd-cesm,Preprocessed_Dataset/cdd-cesm/cdd-cesm_106.jpg,Benign,non-cancer,40,train
cdd-cesm,Preprocessed_Dataset/cdd-cesm/cdd-cesm_107.jpg,Normal,non-cancer,41,val
cdd-cesm,Preprocessed_Dataset/cdd-cesm/cdd-cesm_108.jpg,Normal,non-cancer,42,train
cdd-cesm,Preprocessed_Dataset/cdd-cesm/cdd-cesm_109.jpg,Normal,non-cancer,43,train
cdd-cesm,Preprocessed_Dataset/cdd-cesm/cdd-cesm_110.jpg,Normal,non-cancer,43,train
cdd-cesm,Preprocessed_Dataset/cdd-cesm/cdd-cesm_111.jpg,Benign,non-cancer,44,test
cdd-cesm,Preprocessed_Dataset/cdd-cesm/cdd-cesm_112.jpg,Benign,non-cancer,44,test
cdd-cesm,Preprocessed_Dataset/cdd-cesm/cdd-cesm_113.jpg,Benign,non-cancer,44,test
cdd-cesm,Preprocessed_Dataset/cdd-cesm/cdd-cesm_114.jpg,Benign,non-cancer,45,val
cdd-cesm,Preprocessed_Dataset/cdd-cesm/cdd-cesm_115.jpg,Benign,non-cancer,45,val
cdd-cesm,Preprocessed_Dataset/cdd-cesm/cdd-cesm_116.jpg,Benign,non-cancer,45,val
cdd-cesm,Preprocessed_Dataset/cdd-cesm/cdd-cesm_117.jpg,Benign,non-cancer,45,val
cdd-cesm,Preprocessed_Dataset/cdd-cesm/cdd-cesm_118.jpg,Normal,non-cancer,46,test
cdd-cesm,Preprocessed_Dataset/cdd-cesm/cdd-cesm_119.jpg,Normal,non-cancer,46,test
cdd-cesm,Preprocessed_Dataset/cdd-cesm/cdd-cesm_120.jpg,Benign,non-cancer,46,test
cdd-cesm,Preprocessed_Dataset/cdd-cesm/cdd-cesm_121.jpg,Benign,non-cancer,46,test
cdd-cesm,Preprocessed_Dataset/cdd-cesm/cdd-cesm_122.jpg,Malignant,cancer,47,val
cdd-cesm,Preprocessed_Dataset/cdd-cesm/cdd-cesm_123.jpg,Normal,non-cancer,48,train
cdd-cesm,Preprocessed_Dataset/cdd-cesm/cdd-cesm_124.jpg,Normal,non-cancer,49,train
cdd-cesm,Preprocessed_Dataset/cdd-cesm/cdd-cesm_125.jpg,Normal,non-cancer,49,train
cdd-cesm,Preprocessed_Dataset/cdd-cesm/cdd-cesm_126.jpg,Normal,non-cancer,49,train
cdd-cesm,Preprocessed_Dataset/cdd-cesm/cdd-cesm_127.jpg,Normal,non-cancer,49,train
cdd-cesm,Preprocessed_Dataset/cdd-cesm/cdd-cesm_128.jpg,Normal,non-cancer,50,train
cdd-cesm,Preprocessed_Dataset/cdd-cesm/cdd-cesm_129.jpg,Normal,non-cancer,50,train
cdd-cesm,Preprocessed_Dataset/cdd-cesm/cdd-cesm_130.jpg,Malignant,cancer,51,train
cdd-cesm,Preprocessed_Dataset/cdd-cesm/cdd-cesm_131.jpg,Malignant,cancer,51,train
cdd-cesm,Preprocessed_Dataset/cdd-cesm/cdd-cesm_132.jpg,Benign,non-cancer,51,train
cdd-cesm,Preprocessed_Dataset/cdd-cesm/cdd-cesm_133.jpg,Benign,non-cancer,51,train
cdd-cesm,Preprocessed_Dataset/cdd-cesm/cdd-cesm_134.jpg,Normal,non-cancer,52,val
cdd-cesm,Preprocessed_Dataset/cdd-cesm/cdd-cesm_135.jpg,Normal,non-cancer,52,val
cdd-cesm,Preprocessed_Dataset/cdd-cesm/cdd-cesm_136.jpg,Benign,non-cancer,52,val
cdd-cesm,Preprocessed_Dataset/cdd-cesm/cdd-cesm_137.jpg,Benign,non-cancer,52,val
cdd-cesm,Preprocessed_Dataset/cdd-cesm/cdd-cesm_138.jpg,Malignant,cancer,53,train
cdd-cesm,Preprocessed_Dataset/cdd-cesm/cdd-cesm_139.jpg,Benign,non-cancer,54,val
cdd-cesm,Preprocessed_Dataset/cdd-cesm/cdd-cesm_140.jpg,Benign,non-cancer,54,val
cdd-cesm,Preprocessed_Dataset/cdd-cesm/cdd-cesm_141.jpg,Normal,non-cancer,54,val
cdd-cesm,Preprocessed_Dataset/cdd-cesm/cdd-cesm_142.jpg,Normal,non-cancer,54,val
cdd-cesm,Preprocessed_Dataset/cdd-cesm/cdd-cesm_143.jpg,Malignant,cancer,55,train
cdd-cesm,Preprocessed_Dataset/cdd-cesm/cdd-cesm_144.jpg,Malignant,cancer,55,train
cdd-cesm,Preprocessed_Dataset/cdd-cesm/cdd-cesm_145.jpg,Normal,non-cancer,55,train
cdd-cesm,Preprocessed_Dataset/cdd-cesm/cdd-cesm_146.jpg,Normal,non-cancer,55,train
cdd-cesm,Preprocessed_Dataset/cdd-cesm/cdd-cesm_147.jpg,Normal,non-cancer,56,test
cdd-cesm,Preprocessed_Dataset/cdd-cesm/cdd-cesm_148.jpg,Normal,non-cancer,56,test
cdd-cesm,Preprocessed_Dataset/cdd-cesm/cdd-cesm_149.jpg,Malignant,cancer,56,test
cdd-cesm,Preprocessed_Dataset/cdd-cesm/cdd-cesm_150.jpg,Normal,non-cancer,57,test
cdd-cesm,Preprocessed_Dataset/cdd-cesm/cdd-cesm_151.jpg,Normal,non-cancer,58,train
cdd-cesm,Preprocessed_Dataset/cdd-cesm/cdd-cesm_152.jpg,Malignant,cancer,59,val
cdd-cesm,Preprocessed_Dataset/cdd-cesm/cdd-cesm_153.jpg,Malignant,cancer,59,val
cdd-cesm,Preprocessed_Dataset/cdd-cesm/cdd-cesm_154.jpg,Benign,non-cancer,59,val
cdd-cesm,Preprocessed_Dataset/cdd-cesm/cdd-cesm_155.jpg,Benign,non-cancer,59,val
cdd-cesm,Preprocessed_Dataset/cdd-cesm/cdd-cesm_156.jpg,Malignant,cancer,60,val
cdd-cesm,Preprocessed_Dataset/cdd-cesm/cdd-cesm_157.jpg,Normal,non-cancer,61,val
cdd-cesm,Preprocessed_Dataset/cdd-cesm/cdd-cesm_158.jpg,Normal,non-cancer,61,val
cdd-cesm,Preprocessed_Dataset/cdd-cesm/cdd-cesm_159.jpg,Benign,non-cancer,61,val
cdd-cesm,Preprocessed_Dataset/cdd-cesm/cdd-cesm_160.jpg,Benign,non-cancer,61,val
cdd-cesm,Preprocessed_Dataset/cdd-cesm/cdd-cesm_161.jpg,Benign,non-cancer,62,train
cdd-cesm,Preprocessed_Dataset/cdd-cesm/cdd-cesm_162.jpg,Benign,non-cancer,62,train
cdd-cesm,Preprocessed_Dataset/cdd-cesm/cdd-cesm_163.jpg,Benign,non-cancer,62,train
cdd-cesm,Preprocessed_Dataset/cdd-cesm/cdd-cesm_164.jpg,Benign,non-cancer,62,train
cdd-cesm,Preprocessed_Dataset/cdd-cesm/cdd-cesm_165.jpg,Normal,non-cancer,63,test
cdd-cesm,Preprocessed_Dataset/cdd-cesm/cdd-cesm_166.jpg,Malignant,cancer,64,test
cdd-cesm,Preprocessed_Dataset/cdd-cesm/cdd-cesm_167.jpg,Benign,non-cancer,64,test
cdd-cesm,Preprocessed_Dataset/cdd-cesm/cdd-cesm_168.jpg,Benign,non-cancer,64,test
cdd-cesm,Preprocessed_Dataset/cdd-cesm/cdd-cesm_169.jpg,Normal,non-cancer,65,train
cdd-cesm,Preprocessed_Dataset/cdd-cesm/cdd-cesm_170.jpg,Normal,non-cancer,65,train
cdd-cesm,Preprocessed_Dataset/cdd-cesm/cdd-cesm_171.jpg,Benign,non-cancer,65,train
cdd-cesm,Preprocessed_Dataset/cdd-cesm/cdd-cesm_172.jpg,Benign,non-cancer,65,train
cdd-cesm,Preprocessed_Dataset/cdd-cesm/cdd-cesm_173.jpg,Malignant,cancer,66,val
cdd-cesm,Preprocessed_Dataset/cdd-cesm/cdd-cesm_174.jpg,Malignant,cancer,66,val
cdd-cesm,Preprocessed_Dataset/cdd-cesm/cdd-cesm_175.jpg,Malignant,cancer,66,val
cdd-cesm,Preprocessed_Dataset/cdd-cesm/cdd-cesm_176.jpg,Malignant,cancer,66,val
cdd-cesm,Preprocessed_Dataset/cdd-cesm/cdd-cesm_177.jpg,Benign,non-cancer,67,test
cdd-cesm,Preprocessed_Dataset/cdd-cesm/cdd-cesm_178.jpg,Benign,non-cancer,67,test
cdd-cesm,Preprocessed_Dataset/cdd-cesm/cdd-cesm_179.jpg,Benign,non-cancer,68,train
cdd-cesm,Preprocessed_Dataset/cdd-cesm/cdd-cesm_180.jpg,Benign,non-cancer,68,train
cdd-cesm,Preprocessed_Dataset/cdd-cesm/cdd-cesm_181.jpg,Benign,non-cancer,69,test
cdd-cesm,Preprocessed_Dataset/cdd-cesm/cdd-cesm_182.jpg,Benign,non-cancer,69,test
cdd-cesm,Preprocessed_Dataset/cdd-cesm/cdd-cesm_183.jpg,Malignant,cancer,70,val
cdd-cesm,Preprocessed_Dataset/cdd-cesm/cdd-cesm_184.jpg,Benign,non-cancer,71,train
cdd-cesm,Preprocessed_Dataset/cdd-cesm/cdd-cesm_185.jpg,Malignant,cancer,72,test
cdd-cesm,Preprocessed_Dataset/cdd-cesm/cdd-cesm_186.jpg,Normal,non-cancer,72,test
cdd-cesm,Preprocessed_Dataset/cdd-cesm/cdd-cesm_187.jpg,Benign,non-cancer,73,train
cdd-cesm,Preprocessed_Dataset/cdd-cesm/cdd-cesm_188.jpg,Benign,non-cancer,73,train
cdd-cesm,Preprocessed_Dataset/cdd-cesm/cdd-cesm_189.jpg,Benign,non-cancer,73,train
cdd-cesm,Preprocessed_Dataset/cdd-cesm/cdd-cesm_190.jpg,Benign,non-cancer,73,train
cdd-cesm,Preprocessed_Dataset/cdd-cesm/cdd-cesm_191.jpg,Normal,non-cancer,74,train
cdd-cesm,Preprocessed_Dataset/cdd-cesm/cdd-cesm_192.jpg,Normal,non-cancer,74,train
cdd-cesm,Preprocessed_Dataset/cdd-cesm/cdd-cesm_193.jpg,Malignant,cancer,74,train
cdd-cesm,Preprocessed_Dataset/cdd-cesm/cdd-cesm_194.jpg,Malignant,cancer,74,train
cdd-cesm,Preprocessed_Dataset/cdd-cesm/cdd-cesm_195.jpg,Normal,non-cancer,75,train
cdd-cesm,Preprocessed_Dataset/cdd-cesm/cdd-cesm_196.jpg,Benign,non-cancer,76,train
cdd-cesm,Preprocessed_Dataset/cdd-cesm/cdd-cesm_197.jpg,Benign,non-cancer,76,train
cdd-cesm,Preprocessed_Dataset/cdd-cesm/cdd-cesm_198.jpg,Normal,non-cancer,76,train
cdd-cesm,Preprocessed_Dataset/cdd-cesm/cdd-cesm_199.jpg,Normal,non-cancer,76,train
cdd-cesm,Preprocessed_Dataset/cdd-cesm/cdd-cesm_200.jpg,Benign,non-cancer,77,train
cdd-cesm,Preprocessed_Dataset/cdd-cesm/cdd-cesm_201.jpg,Normal,non-cancer,77,train
cdd-cesm,Preprocessed_Dataset/cdd-cesm/cdd-cesm_202.jpg,Normal,non-cancer,78,test
cdd-cesm,Preprocessed_Dataset/cdd-cesm/cdd-cesm_203.jpg,Normal,non-cancer,79,test
cdd-cesm,Preprocessed_Dataset/cdd-cesm/cdd-cesm_204.jpg,Normal,non-cancer,79,test
cdd-cesm,Preprocessed_Dataset/cdd-cesm/cdd-cesm_205.jpg,Normal,non-cancer,80,val
cdd-cesm,Preprocessed_Dataset/cdd-cesm/cdd-cesm_206.jpg,Benign,non-cancer,80,val
cdd-cesm,Preprocessed_Dataset/cdd-cesm/cdd-cesm_207.jpg,Benign,non-cancer,80,val
cdd-cesm,Preprocessed_Dataset/cdd-cesm/cdd-cesm_208.jpg,Normal,non-cancer,81,train
cdd-cesm,Preprocessed_Dataset/cdd-cesm/cdd-cesm_209.jpg,Normal,non-cancer,81,train
cdd-cesm,Preprocessed_Dataset/cdd-cesm/cdd-cesm_210.jpg,Benign,non-cancer,81,train
cdd-cesm,Preprocessed_Dataset/cdd-cesm/cdd-cesm_211.jpg,Benign,non-cancer,81,train
cdd-cesm,Preprocessed_Dataset/cdd-cesm/cdd-cesm_212.jpg,Normal,non-cancer,82,train
cdd-cesm,Preprocessed_Dataset/cdd-cesm/cdd-cesm_213.jpg,Normal,non-cancer,82,train
cdd-cesm,Preprocessed_Dataset/cdd-cesm/cdd-cesm_214.jpg,Malignant,cancer,82,train
cdd-cesm,Preprocessed_Dataset/cdd-cesm/cdd-cesm_215.jpg,Malignant,cancer,82,train
cdd-cesm,Preprocessed_Dataset/cdd-cesm/cdd-cesm_216.jpg,Normal,non-cancer,83,train
cdd-cesm,Preprocessed_Dataset/cdd-cesm/cdd-cesm_217.jpg,Normal,non-cancer,83,train
cdd-cesm,Preprocessed_Dataset/cdd-cesm/cdd-cesm_218.jpg,Malignant,cancer,83,train
cdd-cesm,Preprocessed_Dataset/cdd-cesm/cdd-cesm_219.jpg,Malignant,cancer,83,train
cdd-cesm,Preprocessed_Dataset/cdd-cesm/cdd-cesm_220.jpg,Normal,non-cancer,84,test
cdd-cesm,Preprocessed_Dataset/cdd-cesm/cdd-cesm_221.jpg,Normal,non-cancer,84,test
cdd-cesm,Preprocessed_Dataset/cdd-cesm/cdd-cesm_222.jpg,Malignant,cancer,84,test
cdd-cesm,Preprocessed_Dataset/cdd-cesm/cdd-cesm_223.jpg,Malignant,cancer,84,test
cdd-cesm,Preprocessed_Dataset/cdd-cesm/cdd-cesm_224.jpg,Malignant,cancer,85,train
cdd-cesm,Preprocessed_Dataset/cdd-cesm/cdd-cesm_225.jpg,Benign,non-cancer,86,train
cdd-cesm,Preprocessed_Dataset/cdd-cesm/cdd-cesm_226.jpg,Normal,non-cancer,86,train
cdd-cesm,Preprocessed_Dataset/cdd-cesm/cdd-cesm_227.jpg,Normal,non-cancer,87,test
cdd-cesm,Preprocessed_Dataset/cdd-cesm/cdd-cesm_228.jpg,Normal,non-cancer,87,test
cdd-cesm,Preprocessed_Dataset/cdd-cesm/cdd-cesm_229.jpg,Malignant,cancer,87,test
cdd-cesm,Preprocessed_Dataset/cdd-cesm/cdd-cesm_230.jpg,Malignant,cancer,87,test
cdd-cesm,Preprocessed_Dataset/cdd-cesm/cdd-cesm_231.jpg,Benign,non-cancer,88,train
cdd-cesm,Preprocessed_Dataset/cdd-cesm/cdd-cesm_232.jpg,Benign,non-cancer,88,train
cdd-cesm,Preprocessed_Dataset/cdd-cesm/cdd-cesm_233.jpg,Normal,non-cancer,88,train
cdd-cesm,Preprocessed_Dataset/cdd-cesm/cdd-cesm_234.jpg,Normal,non-cancer,88,train
cdd-cesm,Preprocessed_Dataset/cdd-cesm/cdd-cesm_235.jpg,Malignant,cancer,89,train
cdd-cesm,Preprocessed_Dataset/cdd-cesm/cdd-cesm_236.jpg,Malignant,cancer,89,train
cdd-cesm,Preprocessed_Dataset/cdd-cesm/cdd-cesm_237.jpg,Normal,non-cancer,89,train
cdd-cesm,Preprocessed_Dataset/cdd-cesm/cdd-cesm_238.jpg,Normal,non-cancer,89,train
cdd-cesm,Preprocessed_Dataset/cdd-cesm/cdd-cesm_239.jpg,Malignant,cancer,90,test
cdd-cesm,Preprocessed_Dataset/cdd-cesm/cdd-cesm_240.jpg,Malignant,cancer,90,test
cdd-cesm,Preprocessed_Dataset/cdd-cesm/cdd-cesm_241.jpg,Normal,non-cancer,90,test
cdd-cesm,Preprocessed_Dataset/cdd-cesm/cdd-cesm_242.jpg,Normal,non-cancer,90,test
cdd-cesm,Preprocessed_Dataset/cdd-cesm/cdd-cesm_243.jpg,Benign,non-cancer,91,train
cdd-cesm,Preprocessed_Dataset/cdd-cesm/cdd-cesm_244.jpg,Normal,non-cancer,92,train
cdd-cesm,Preprocessed_Dataset/cdd-cesm/cdd-cesm_245.jpg,Normal,non-cancer,92,train
cdd-cesm,Preprocessed_Dataset/cdd-cesm/cdd-cesm_246.jpg,Normal,non-cancer,92,train
cdd-cesm,Preprocessed_Dataset/cdd-cesm/cdd-cesm_247.jpg,Normal,non-cancer,92,train
cdd-cesm,Preprocessed_Dataset/cdd-cesm/cdd-cesm_248.jpg,Benign,non-cancer,93,train
cdd-cesm,Preprocessed_Dataset/cdd-cesm/cdd-cesm_249.jpg,Benign,non-cancer,93,train
cdd-cesm,Preprocessed_Dataset/cdd-cesm/cdd-cesm_250.jpg,Malignant,cancer,93,train
cdd-cesm,Preprocessed_Dataset/cdd-cesm/cdd-cesm_251.jpg,Malignant,cancer,93,train
cdd-cesm,Preprocessed_Dataset/cdd-cesm/cdd-cesm_252.jpg,Malignant,cancer,94,train
cdd-cesm,Preprocessed_Dataset/cdd-cesm/cdd-cesm_253.jpg,Malignant,cancer,94,train
cdd-cesm,Preprocessed_Dataset/cdd-cesm/cdd-cesm_254.jpg,Benign,non-cancer,94,train
cdd-cesm,Preprocessed_Dataset/cdd-cesm/cdd-cesm_255.jpg,Benign,non-cancer,94,train
cdd-cesm,Preprocessed_Dataset/cdd-cesm/cdd-cesm_256.jpg,Normal,non-cancer,95,test
cdd-cesm,Preprocessed_Dataset/cdd-cesm/cdd-cesm_257.jpg,Malignant,cancer,95,test
cdd-cesm,Preprocessed_Dataset/cdd-cesm/cdd-cesm_258.jpg,Malignant,cancer,96,train
cdd-cesm,Preprocessed_Dataset/cdd-cesm/cdd-cesm_259.jpg,Malignant,cancer,96,train
cdd-cesm,Preprocessed_Dataset/cdd-cesm/cdd-cesm_260.jpg,Benign,non-cancer,96,train
cdd-cesm,Preprocessed_Dataset/cdd-cesm/cdd-cesm_261.jpg,Benign,non-cancer,96,train
cdd-cesm,Preprocessed_Dataset/cdd-cesm/cdd-cesm_262.jpg,Normal,non-cancer,97,test
cdd-cesm,Preprocessed_Dataset/cdd-cesm/cdd-cesm_263.jpg,Normal,non-cancer,97,test
cdd-cesm,Preprocessed_Dataset/cdd-cesm/cdd-cesm_264.jpg,Malignant,cancer,97,test
cdd-cesm,Preprocessed_Dataset/cdd-cesm/cdd-cesm_265.jpg,Malignant,cancer,97,test
cdd-cesm,Preprocessed_Dataset/cdd-cesm/cdd-cesm_266.jpg,Normal,non-cancer,98,val
cdd-cesm,Preprocessed_Dataset/cdd-cesm/cdd-cesm_267.jpg,Normal,non-cancer,98,val
cdd-cesm,Preprocessed_Dataset/cdd-cesm/cdd-cesm_268.jpg,Benign,non-cancer,98,val
cdd-cesm,Preprocessed_Dataset/cdd-cesm/cdd-cesm_269.jpg,Benign,non-cancer,98,val
cdd-cesm,Preprocessed_Dataset/cdd-cesm/cdd-cesm_270.jpg,Malignant,cancer,99,train
cdd-cesm,Preprocessed_Dataset/cdd-cesm/cdd-cesm_271.jpg,Malignant,cancer,99,train
cdd-cesm,Preprocessed_Dataset/cdd-cesm/cdd-cesm_272.jpg,Normal,non-cancer,99,train
cdd-cesm,Preprocessed_Dataset/cdd-cesm/cdd-cesm_273.jpg,Normal,non-cancer,99,train
cdd-cesm,Preprocessed_Dataset/cdd-cesm/cdd-cesm_274.jpg,Normal,non-cancer,99,train
cdd-cesm,Preprocessed_Dataset/cdd-cesm/cdd-cesm_275.jpg,Normal,non-cancer,100,test
cdd-cesm,Preprocessed_Dataset/cdd-cesm/cdd-cesm_276.jpg,Normal,non-cancer,100,test
cdd-cesm,Preprocessed_Dataset/cdd-cesm/cdd-cesm_277.jpg,Benign,non-cancer,100,test
cdd-cesm,Preprocessed_Dataset/cdd-cesm/cdd-cesm_278.jpg,Benign,non-cancer,100,test
cdd-cesm,Preprocessed_Dataset/cdd-cesm/cdd-cesm_279.jpg,Normal,non-cancer,101,val
cdd-cesm,Preprocessed_Dataset/cdd-cesm/cdd-cesm_280.jpg,Normal,non-cancer,101,val
cdd-cesm,Preprocessed_Dataset/cdd-cesm/cdd-cesm_281.jpg,Normal,non-cancer,101,val
cdd-cesm,Preprocessed_Dataset/cdd-cesm/cdd-cesm_282.jpg,Normal,non-cancer,101,val
cdd-cesm,Preprocessed_Dataset/cdd-cesm/cdd-cesm_283.jpg,Malignant,cancer,102,val
cdd-cesm,Preprocessed_Dataset/cdd-cesm/cdd-cesm_284.jpg,Malignant,cancer,102,val
cdd-cesm,Preprocessed_Dataset/cdd-cesm/cdd-cesm_285.jpg,Normal,non-cancer,102,val
cdd-cesm,Preprocessed_Dataset/cdd-cesm/cdd-cesm_286.jpg,Normal,non-cancer,102,val
cdd-cesm,Preprocessed_Dataset/cdd-cesm/cdd-cesm_287.jpg,Benign,non-cancer,103,train
cdd-cesm,Preprocessed_Dataset/cdd-cesm/cdd-cesm_288.jpg,Benign,non-cancer,103,train
cdd-cesm,Preprocessed_Dataset/cdd-cesm/cdd-cesm_289.jpg,Normal,non-cancer,103,train
cdd-cesm,Preprocessed_Dataset/cdd-cesm/cdd-cesm_290.jpg,Normal,non-cancer,103,train
cdd-cesm,Preprocessed_Dataset/cdd-cesm/cdd-cesm_291.jpg,Normal,non-cancer,104,train
cdd-cesm,Preprocessed_Dataset/cdd-cesm/cdd-cesm_292.jpg,Benign,non-cancer,104,train
cdd-cesm,Preprocessed_Dataset/cdd-cesm/cdd-cesm_293.jpg,Malignant,cancer,105,train
cdd-cesm,Preprocessed_Dataset/cdd-cesm/cdd-cesm_294.jpg,Malignant,cancer,105,train
cdd-cesm,Preprocessed_Dataset/cdd-cesm/cdd-cesm_295.jpg,Normal,non-cancer,105,train
cdd-cesm,Preprocessed_Dataset/cdd-cesm/cdd-cesm_296.jpg,Normal,non-cancer,105,train
cdd-cesm,Preprocessed_Dataset/cdd-cesm/cdd-cesm_297.jpg,Benign,non-cancer,106,train
cdd-cesm,Preprocessed_Dataset/cdd-cesm/cdd-cesm_298.jpg,Malignant,cancer,106,train
cdd-cesm,Preprocessed_Dataset/cdd-cesm/cdd-cesm_299.jpg,Malignant,cancer,107,train
cdd-cesm,Preprocessed_Dataset/cdd-cesm/cdd-cesm_300.jpg,Malignant,cancer,107,train
cdd-cesm,Preprocessed_Dataset/cdd-cesm/cdd-cesm_301.jpg,Normal,non-cancer,107,train
cdd-cesm,Preprocessed_Dataset/cdd-cesm/cdd-cesm_302.jpg,Normal,non-cancer,108,train
cdd-cesm,Preprocessed_Dataset/cdd-cesm/cdd-cesm_303.jpg,Malignant,cancer,108,train
cdd-cesm,Preprocessed_Dataset/cdd-cesm/cdd-cesm_304.jpg,Normal,non-cancer,109,train
cdd-cesm,Preprocessed_Dataset/cdd-cesm/cdd-cesm_305.jpg,Normal,non-cancer,110,train
cdd-cesm,Preprocessed_Dataset/cdd-cesm/cdd-cesm_306.jpg,Normal,non-cancer,110,train
cdd-cesm,Preprocessed_Dataset/cdd-cesm/cdd-cesm_307.jpg,Malignant,cancer,110,train
cdd-cesm,Preprocessed_Dataset/cdd-cesm/cdd-cesm_308.jpg,Malignant,cancer,111,train
cdd-cesm,Preprocessed_Dataset/cdd-cesm/cdd-cesm_309.jpg,Malignant,cancer,111,train
cdd-cesm,Preprocessed_Dataset/cdd-cesm/cdd-cesm_310.jpg,Normal,non-cancer,111,train
cdd-cesm,Preprocessed_Dataset/cdd-cesm/cdd-cesm_311.jpg,Normal,non-cancer,111,train
cdd-cesm,Preprocessed_Dataset/cdd-cesm/cdd-cesm_312.jpg,Normal,non-cancer,112,train
cdd-cesm,Preprocessed_Dataset/cdd-cesm/cdd-cesm_313.jpg,Benign,non-cancer,113,train
cdd-cesm,Preprocessed_Dataset/cdd-cesm/cdd-cesm_314.jpg,Malignant,cancer,113,train
cdd-cesm,Preprocessed_Dataset/cdd-cesm/cdd-cesm_315.jpg,Malignant,cancer,113,train
cdd-cesm,Preprocessed_Dataset/cdd-cesm/cdd-cesm_316.jpg,Benign,non-cancer,114,train
cdd-cesm,Preprocessed_Dataset/cdd-cesm/cdd-cesm_317.jpg,Benign,non-cancer,114,train
cdd-cesm,Preprocessed_Dataset/cdd-cesm/cdd-cesm_318.jpg,Normal,non-cancer,114,train
cdd-cesm,Preprocessed_Dataset/cdd-cesm/cdd-cesm_319.jpg,Normal,non-cancer,114,train
cdd-cesm,Preprocessed_Dataset/cdd-cesm/cdd-cesm_320.jpg,Malignant,cancer,115,val
cdd-cesm,Preprocessed_Dataset/cdd-cesm/cdd-cesm_321.jpg,Malignant,cancer,115,val
cdd-cesm,Preprocessed_Dataset/cdd-cesm/cdd-cesm_322.jpg,Benign,non-cancer,115,val
cdd-cesm,Preprocessed_Dataset/cdd-cesm/cdd-cesm_323.jpg,Benign,non-cancer,115,val
cdd-cesm,Preprocessed_Dataset/cdd-cesm/cdd-cesm_324.jpg,Malignant,cancer,116,train
cdd-cesm,Preprocessed_Dataset/cdd-cesm/cdd-cesm_325.jpg,Malignant,cancer,116,train
cdd-cesm,Preprocessed_Dataset/cdd-cesm/cdd-cesm_326.jpg,Benign,non-cancer,116,train
cdd-cesm,Preprocessed_Dataset/cdd-cesm/cdd-cesm_327.jpg,Benign,non-cancer,117,train
cdd-cesm,Preprocessed_Dataset/cdd-cesm/cdd-cesm_328.jpg,Normal,non-cancer,118,test
cdd-cesm,Preprocessed_Dataset/cdd-cesm/cdd-cesm_329.jpg,Normal,non-cancer,118,test
cdd-cesm,Preprocessed_Dataset/cdd-cesm/cdd-cesm_330.jpg,Benign,non-cancer,118,test
cdd-cesm,Preprocessed_Dataset/cdd-cesm/cdd-cesm_331.jpg,Benign,non-cancer,119,train
cdd-cesm,Preprocessed_Dataset/cdd-cesm/cdd-cesm_332.jpg,Benign,non-cancer,119,train
cdd-cesm,Preprocessed_Dataset/cdd-cesm/cdd-cesm_333.jpg,Malignant,cancer,119,train
cdd-cesm,Preprocessed_Dataset/cdd-cesm/cdd-cesm_334.jpg,Malignant,cancer,119,train
cdd-cesm,Preprocessed_Dataset/cdd-cesm/cdd-cesm_335.jpg,Normal,non-cancer,120,train
cdd-cesm,Preprocessed_Dataset/cdd-cesm/cdd-cesm_336.jpg,Benign,non-cancer,121,train
cdd-cesm,Preprocessed_Dataset/cdd-cesm/cdd-cesm_337.jpg,Malignant,cancer,121,train
cdd-cesm,Preprocessed_Dataset/cdd-cesm/cdd-cesm_338.jpg,Benign,non-cancer,122,val
cdd-cesm,Preprocessed_Dataset/cdd-cesm/cdd-cesm_339.jpg,Benign,non-cancer,122,val
cdd-cesm,Preprocessed_Dataset/cdd-cesm/cdd-cesm_340.jpg,Malignant,cancer,122,val
cdd-cesm,Preprocessed_Dataset/cdd-cesm/cdd-cesm_341.jpg,Malignant,cancer,122,val
cdd-cesm,Preprocessed_Dataset/cdd-cesm/cdd-cesm_342.jpg,Malignant,cancer,123,test
cdd-cesm,Preprocessed_Dataset/cdd-cesm/cdd-cesm_343.jpg,Malignant,cancer,123,test
cdd-cesm,Preprocessed_Dataset/cdd-cesm/cdd-cesm_344.jpg,Benign,non-cancer,123,test
cdd-cesm,Preprocessed_Dataset/cdd-cesm/cdd-cesm_345.jpg,Benign,non-cancer,123,test
cdd-cesm,Preprocessed_Dataset/cdd-cesm/cdd-cesm_346.jpg,Malignant,cancer,124,train
cdd-cesm,Preprocessed_Dataset/cdd-cesm/cdd-cesm_347.jpg,Malignant,cancer,124,train
cdd-cesm,Preprocessed_Dataset/cdd-cesm/cdd-cesm_348.jpg,Normal,non-cancer,124,train
cdd-cesm,Preprocessed_Dataset/cdd-cesm/cdd-cesm_349.jpg,Normal,non-cancer,124,train
cdd-cesm,Preprocessed_Dataset/cdd-cesm/cdd-cesm_350.jpg,Normal,non-cancer,125,train
cdd-cesm,Preprocessed_Dataset/cdd-cesm/cdd-cesm_351.jpg,Normal,non-cancer,125,train
cdd-cesm,Preprocessed_Dataset/cdd-cesm/cdd-cesm_352.jpg,Benign,non-cancer,125,train
cdd-cesm,Preprocessed_Dataset/cdd-cesm/cdd-cesm_353.jpg,Benign,non-cancer,125,train
cdd-cesm,Preprocessed_Dataset/cdd-cesm/cdd-cesm_354.jpg,Normal,non-cancer,126,train
cdd-cesm,Preprocessed_Dataset/cdd-cesm/cdd-cesm_355.jpg,Normal,non-cancer,126,train
cdd-cesm,Preprocessed_Dataset/cdd-cesm/cdd-cesm_356.jpg,Malignant,cancer,126,train
cdd-cesm,Preprocessed_Dataset/cdd-cesm/cdd-cesm_357.jpg,Malignant,cancer,126,train
cdd-cesm,Preprocessed_Dataset/cdd-cesm/cdd-cesm_358.jpg,Normal,non-cancer,127,train
cdd-cesm,Preprocessed_Dataset/cdd-cesm/cdd-cesm_359.jpg,Normal,non-cancer,128,train
cdd-cesm,Preprocessed_Dataset/cdd-cesm/cdd-cesm_360.jpg,Normal,non-cancer,128,train
cdd-cesm,Preprocessed_Dataset/cdd-cesm/cdd-cesm_361.jpg,Benign,non-cancer,128,train
cdd-cesm,Preprocessed_Dataset/cdd-cesm/cdd-cesm_362.jpg,Benign,non-cancer,128,train
cdd-cesm,Preprocessed_Dataset/cdd-cesm/cdd-cesm_363.jpg,Normal,non-cancer,129,val
cdd-cesm,Preprocessed_Dataset/cdd-cesm/cdd-cesm_364.jpg,Normal,non-cancer,129,val
cdd-cesm,Preprocessed_Dataset/cdd-cesm/cdd-cesm_365.jpg,Malignant,cancer,129,val
cdd-cesm,Preprocessed_Dataset/cdd-cesm/cdd-cesm_366.jpg,Malignant,cancer,129,val
cdd-cesm,Preprocessed_Dataset/cdd-cesm/cdd-cesm_367.jpg,Normal,non-cancer,130,train
cdd-cesm,Preprocessed_Dataset/cdd-cesm/cdd-cesm_368.jpg,Malignant,cancer,131,train
cdd-cesm,Preprocessed_Dataset/cdd-cesm/cdd-cesm_369.jpg,Benign,non-cancer,132,test
cdd-cesm,Preprocessed_Dataset/cdd-cesm/cdd-cesm_370.jpg,Benign,non-cancer,132,test
cdd-cesm,Preprocessed_Dataset/cdd-cesm/cdd-cesm_371.jpg,Normal,non-cancer,132,test
cdd-cesm,Preprocessed_Dataset/cdd-cesm/cdd-cesm_372.jpg,Normal,non-cancer,132,test
cdd-cesm,Preprocessed_Dataset/cdd-cesm/cdd-cesm_373.jpg,Normal,non-cancer,133,train
cdd-cesm,Preprocessed_Dataset/cdd-cesm/cdd-cesm_374.jpg,Malignant,cancer,134,train
cdd-cesm,Preprocessed_Dataset/cdd-cesm/cdd-cesm_375.jpg,Normal,non-cancer,135,train
cdd-cesm,Preprocessed_Dataset/cdd-cesm/cdd-cesm_376.jpg,Normal,non-cancer,136,train
cdd-cesm,Preprocessed_Dataset/cdd-cesm/cdd-cesm_377.jpg,Normal,non-cancer,136,train
cdd-cesm,Preprocessed_Dataset/cdd-cesm/cdd-cesm_378.jpg,Benign,non-cancer,136,train
cdd-cesm,Preprocessed_Dataset/cdd-cesm/cdd-cesm_379.jpg,Malignant,cancer,137,val
cdd-cesm,Preprocessed_Dataset/cdd-cesm/cdd-cesm_380.jpg,Malignant,cancer,138,val
cdd-cesm,Preprocessed_Dataset/cdd-cesm/cdd-cesm_381.jpg,Malignant,cancer,138,val
cdd-cesm,Preprocessed_Dataset/cdd-cesm/cdd-cesm_382.jpg,Normal,non-cancer,138,val
cdd-cesm,Preprocessed_Dataset/cdd-cesm/cdd-cesm_383.jpg,Normal,non-cancer,138,val
cdd-cesm,Preprocessed_Dataset/cdd-cesm/cdd-cesm_384.jpg,Benign,non-cancer,139,train
cdd-cesm,Preprocessed_Dataset/cdd-cesm/cdd-cesm_385.jpg,Benign,non-cancer,139,train
cdd-cesm,Preprocessed_Dataset/cdd-cesm/cdd-cesm_386.jpg,Benign,non-cancer,140,train
cdd-cesm,Preprocessed_Dataset/cdd-cesm/cdd-cesm_387.jpg,Benign,non-cancer,140,train
cdd-cesm,Preprocessed_Dataset/cdd-cesm/cdd-cesm_388.jpg,Normal,non-cancer,140,train
cdd-cesm,Preprocessed_Dataset/cdd-cesm/cdd-cesm_389.jpg,Normal,non-cancer,140,train
cdd-cesm,Preprocessed_Dataset/cdd-cesm/cdd-cesm_390.jpg,Benign,non-cancer,141,train
cdd-cesm,Preprocessed_Dataset/cdd-cesm/cdd-cesm_391.jpg,Benign,non-cancer,141,train
cdd-cesm,Preprocessed_Dataset/cdd-cesm/cdd-cesm_392.jpg,Benign,non-cancer,141,train
cdd-cesm,Preprocessed_Dataset/cdd-cesm/cdd-cesm_393.jpg,Benign,non-cancer,141,train
cdd-cesm,Preprocessed_Dataset/cdd-cesm/cdd-cesm_394.jpg,Benign,non-cancer,142,val
cdd-cesm,Preprocessed_Dataset/cdd-cesm/cdd-cesm_395.jpg,Benign,non-cancer,142,val
cdd-cesm,Preprocessed_Dataset/cdd-cesm/cdd-cesm_396.jpg,Benign,non-cancer,143,test
cdd-cesm,Preprocessed_Dataset/cdd-cesm/cdd-cesm_397.jpg,Benign,non-cancer,143,test
cdd-cesm,Preprocessed_Dataset/cdd-cesm/cdd-cesm_398.jpg,Benign,non-cancer,143,test
cdd-cesm,Preprocessed_Dataset/cdd-cesm/cdd-cesm_399.jpg,Normal,non-cancer,143,test
cdd-cesm,Preprocessed_Dataset/cdd-cesm/cdd-cesm_400.jpg,Benign,non-cancer,144,train
cdd-cesm,Preprocessed_Dataset/cdd-cesm/cdd-cesm_401.jpg,Benign,non-cancer,144,train
cdd-cesm,Preprocessed_Dataset/cdd-cesm/cdd-cesm_402.jpg,Benign,non-cancer,144,train
cdd-cesm,Preprocessed_Dataset/cdd-cesm/cdd-cesm_403.jpg,Benign,non-cancer,144,train
cdd-cesm,Preprocessed_Dataset/cdd-cesm/cdd-cesm_404.jpg,Benign,non-cancer,145,train
cdd-cesm,Preprocessed_Dataset/cdd-cesm/cdd-cesm_405.jpg,Benign,non-cancer,145,train
cdd-cesm,Preprocessed_Dataset/cdd-cesm/cdd-cesm_406.jpg,Malignant,cancer,145,train
cdd-cesm,Preprocessed_Dataset/cdd-cesm/cdd-cesm_407.jpg,Malignant,cancer,145,train
cdd-cesm,Preprocessed_Dataset/cdd-cesm/cdd-cesm_408.jpg,Malignant,cancer,146,train
cdd-cesm,Preprocessed_Dataset/cdd-cesm/cdd-cesm_409.jpg,Malignant,cancer,146,train
cdd-cesm,Preprocessed_Dataset/cdd-cesm/cdd-cesm_410.jpg,Normal,non-cancer,146,train
cdd-cesm,Preprocessed_Dataset/cdd-cesm/cdd-cesm_411.jpg,Normal,non-cancer,146,train
cdd-cesm,Preprocessed_Dataset/cdd-cesm/cdd-cesm_412.jpg,Normal,non-cancer,147,val
cdd-cesm,Preprocessed_Dataset/cdd-cesm/cdd-cesm_413.jpg,Normal,non-cancer,147,val
cdd-cesm,Preprocessed_Dataset/cdd-cesm/cdd-cesm_414.jpg,Benign,non-cancer,148,train
cdd-cesm,Preprocessed_Dataset/cdd-cesm/cdd-cesm_415.jpg,Benign,non-cancer,148,train
cdd-cesm,Preprocessed_Dataset/cdd-cesm/cdd-cesm_416.jpg,Normal,non-cancer,148,train
cdd-cesm,Preprocessed_Dataset/cdd-cesm/cdd-cesm_417.jpg,Normal,non-cancer,148,train
cdd-cesm,Preprocessed_Dataset/cdd-cesm/cdd-cesm_418.jpg,Malignant,cancer,149,train
cdd-cesm,Preprocessed_Dataset/cdd-cesm/cdd-cesm_419.jpg,Malignant,cancer,149,train
cdd-cesm,Preprocessed_Dataset/cdd-cesm/cdd-cesm_420.jpg,Benign,non-cancer,149,train
cdd-cesm,Preprocessed_Dataset/cdd-cesm/cdd-cesm_421.jpg,Benign,non-cancer,149,train
cdd-cesm,Preprocessed_Dataset/cdd-cesm/cdd-cesm_422.jpg,Normal,non-cancer,150,train
cdd-cesm,Preprocessed_Dataset/cdd-cesm/cdd-cesm_423.jpg,Normal,non-cancer,150,train
cdd-cesm,Preprocessed_Dataset/cdd-cesm/cdd-cesm_424.jpg,Malignant,cancer,150,train
cdd-cesm,Preprocessed_Dataset/cdd-cesm/cdd-cesm_425.jpg,Malignant,cancer,150,train
cdd-cesm,Preprocessed_Dataset/cdd-cesm/cdd-cesm_426.jpg,Benign,non-cancer,151,train
cdd-cesm,Preprocessed_Dataset/cdd-cesm/cdd-cesm_427.jpg,Benign,non-cancer,152,train
cdd-cesm,Preprocessed_Dataset/cdd-cesm/cdd-cesm_428.jpg,Malignant,cancer,152,train
cdd-cesm,Preprocessed_Dataset/cdd-cesm/cdd-cesm_429.jpg,Malignant,cancer,152,train
cdd-cesm,Preprocessed_Dataset/cdd-cesm/cdd-cesm_430.jpg,Benign,non-cancer,153,train
cdd-cesm,Preprocessed_Dataset/cdd-cesm/cdd-cesm_431.jpg,Benign,non-cancer,153,train
cdd-cesm,Preprocessed_Dataset/cdd-cesm/cdd-cesm_432.jpg,Benign,non-cancer,153,train
cdd-cesm,Preprocessed_Dataset/cdd-cesm/cdd-cesm_433.jpg,Normal,non-cancer,154,train
cdd-cesm,Preprocessed_Dataset/cdd-cesm/cdd-cesm_434.jpg,Normal,non-cancer,154,train
cdd-cesm,Preprocessed_Dataset/cdd-cesm/cdd-cesm_435.jpg,Malignant,cancer,154,train
cdd-cesm,Preprocessed_Dataset/cdd-cesm/cdd-cesm_436.jpg,Malignant,cancer,154,train
cdd-cesm,Preprocessed_Dataset/cdd-cesm/cdd-cesm_437.jpg,Normal,non-cancer,155,train
cdd-cesm,Preprocessed_Dataset/cdd-cesm/cdd-cesm_438.jpg,Normal,non-cancer,155,train
cdd-cesm,Preprocessed_Dataset/cdd-cesm/cdd-cesm_439.jpg,Malignant,cancer,155,train
cdd-cesm,Preprocessed_Dataset/cdd-cesm/cdd-cesm_440.jpg,Malignant,cancer,155,train
cdd-cesm,Preprocessed_Dataset/cdd-cesm/cdd-cesm_441.jpg,Benign,non-cancer,156,train
cdd-cesm,Preprocessed_Dataset/cdd-cesm/cdd-cesm_442.jpg,Benign,non-cancer,156,train
cdd-cesm,Preprocessed_Dataset/cdd-cesm/cdd-cesm_443.jpg,Normal,non-cancer,156,train
cdd-cesm,Preprocessed_Dataset/cdd-cesm/cdd-cesm_444.jpg,Normal,non-cancer,156,train
cdd-cesm,Preprocessed_Dataset/cdd-cesm/cdd-cesm_445.jpg,Normal,non-cancer,157,train
cdd-cesm,Preprocessed_Dataset/cdd-cesm/cdd-cesm_446.jpg,Normal,non-cancer,158,train
cdd-cesm,Preprocessed_Dataset/cdd-cesm/cdd-cesm_447.jpg,Benign,non-cancer,159,train
cdd-cesm,Preprocessed_Dataset/cdd-cesm/cdd-cesm_448.jpg,Benign,non-cancer,160,train
cdd-cesm,Preprocessed_Dataset/cdd-cesm/cdd-cesm_449.jpg,Benign,non-cancer,160,train
cdd-cesm,Preprocessed_Dataset/cdd-cesm/cdd-cesm_450.jpg,Benign,non-cancer,161,train
cdd-cesm,Preprocessed_Dataset/cdd-cesm/cdd-cesm_451.jpg,Benign,non-cancer,161,train
cdd-cesm,Preprocessed_Dataset/cdd-cesm/cdd-cesm_452.jpg,Benign,non-cancer,161,train
cdd-cesm,Preprocessed_Dataset/cdd-cesm/cdd-cesm_453.jpg,Benign,non-cancer,161,train
cdd-cesm,Preprocessed_Dataset/cdd-cesm/cdd-cesm_454.jpg,Malignant,cancer,162,train
cdd-cesm,Preprocessed_Dataset/cdd-cesm/cdd-cesm_455.jpg,Malignant,cancer,162,train
cdd-cesm,Preprocessed_Dataset/cdd-cesm/cdd-cesm_456.jpg,Normal,non-cancer,162,train
cdd-cesm,Preprocessed_Dataset/cdd-cesm/cdd-cesm_457.jpg,Normal,non-cancer,162,train
cdd-cesm,Preprocessed_Dataset/cdd-cesm/cdd-cesm_458.jpg,Malignant,cancer,163,train
cdd-cesm,Preprocessed_Dataset/cdd-cesm/cdd-cesm_459.jpg,Benign,non-cancer,164,train
cdd-cesm,Preprocessed_Dataset/cdd-cesm/cdd-cesm_460.jpg,Benign,non-cancer,165,train
cdd-cesm,Preprocessed_Dataset/cdd-cesm/cdd-cesm_461.jpg,Benign,non-cancer,165,train
cdd-cesm,Preprocessed_Dataset/cdd-cesm/cdd-cesm_462.jpg,Malignant,cancer,165,train
cdd-cesm,Preprocessed_Dataset/cdd-cesm/cdd-cesm_463.jpg,Malignant,cancer,165,train
cdd-cesm,Preprocessed_Dataset/cdd-cesm/cdd-cesm_464.jpg,Normal,non-cancer,166,train
cdd-cesm,Preprocessed_Dataset/cdd-cesm/cdd-cesm_465.jpg,Benign,non-cancer,167,test
cdd-cesm,Preprocessed_Dataset/cdd-cesm/cdd-cesm_466.jpg,Malignant,cancer,168,train
cdd-cesm,Preprocessed_Dataset/cdd-cesm/cdd-cesm_467.jpg,Malignant,cancer,169,train
cdd-cesm,Preprocessed_Dataset/cdd-cesm/cdd-cesm_468.jpg,Benign,non-cancer,169,train
cdd-cesm,Preprocessed_Dataset/cdd-cesm/cdd-cesm_469.jpg,Benign,non-cancer,169,train
cdd-cesm,Preprocessed_Dataset/cdd-cesm/cdd-cesm_470.jpg,Benign,non-cancer,170,train
cdd-cesm,Preprocessed_Dataset/cdd-cesm/cdd-cesm_471.jpg,Benign,non-cancer,170,train
cdd-cesm,Preprocessed_Dataset/cdd-cesm/cdd-cesm_472.jpg,Benign,non-cancer,170,train
cdd-cesm,Preprocessed_Dataset/cdd-cesm/cdd-cesm_473.jpg,Benign,non-cancer,170,train
cdd-cesm,Preprocessed_Dataset/cdd-cesm/cdd-cesm_474.jpg,Benign,non-cancer,171,train
cdd-cesm,Preprocessed_Dataset/cdd-cesm/cdd-cesm_475.jpg,Benign,non-cancer,172,train
cdd-cesm,Preprocessed_Dataset/cdd-cesm/cdd-cesm_476.jpg,Benign,non-cancer,172,train
cdd-cesm,Preprocessed_Dataset/cdd-cesm/cdd-cesm_477.jpg,Malignant,cancer,172,train
cdd-cesm,Preprocessed_Dataset/cdd-cesm/cdd-cesm_478.jpg,Malignant,cancer,172,train
cdd-cesm,Preprocessed_Dataset/cdd-cesm/cdd-cesm_479.jpg,Normal,non-cancer,173,train
cdd-cesm,Preprocessed_Dataset/cdd-cesm/cdd-cesm_480.jpg,Normal,non-cancer,173,train
cdd-cesm,Preprocessed_Dataset/cdd-cesm/cdd-cesm_481.jpg,Malignant,cancer,173,train
cdd-cesm,Preprocessed_Dataset/cdd-cesm/cdd-cesm_482.jpg,Malignant,cancer,173,train
cdd-cesm,Preprocessed_Dataset/cdd-cesm/cdd-cesm_483.jpg,Benign,non-cancer,174,train
cdd-cesm,Preprocessed_Dataset/cdd-cesm/cdd-cesm_484.jpg,Benign,non-cancer,174,train
cdd-cesm,Preprocessed_Dataset/cdd-cesm/cdd-cesm_485.jpg,Malignant,cancer,174,train
cdd-cesm,Preprocessed_Dataset/cdd-cesm/cdd-cesm_486.jpg,Malignant,cancer,174,train
cdd-cesm,Preprocessed_Dataset/cdd-cesm/cdd-cesm_487.jpg,Normal,non-cancer,175,train
cdd-cesm,Preprocessed_Dataset/cdd-cesm/cdd-cesm_488.jpg,Normal,non-cancer,175,train
cdd-cesm,Preprocessed_Dataset/cdd-cesm/cdd-cesm_489.jpg,Malignant,cancer,176,train
cdd-cesm,Preprocessed_Dataset/cdd-cesm/cdd-cesm_490.jpg,Malignant,cancer,176,train
cdd-cesm,Preprocessed_Dataset/cdd-cesm/cdd-cesm_491.jpg,Normal,non-cancer,176,train
cdd-cesm,Preprocessed_Dataset/cdd-cesm/cdd-cesm_492.jpg,Normal,non-cancer,176,train
cdd-cesm,Preprocessed_Dataset/cdd-cesm/cdd-cesm_493.jpg,Malignant,cancer,177,val
cdd-cesm,Preprocessed_Dataset/cdd-cesm/cdd-cesm_494.jpg,Malignant,cancer,177,val
cdd-cesm,Preprocessed_Dataset/cdd-cesm/cdd-cesm_495.jpg,Benign,non-cancer,177,val
cdd-cesm,Preprocessed_Dataset/cdd-cesm/cdd-cesm_496.jpg,Benign,non-cancer,177,val
cdd-cesm,Preprocessed_Dataset/cdd-cesm/cdd-cesm_497.jpg,Normal,non-cancer,178,train
cdd-cesm,Preprocessed_Dataset/cdd-cesm/cdd-cesm_498.jpg,Benign,non-cancer,179,val
cdd-cesm,Preprocessed_Dataset/cdd-cesm/cdd-cesm_499.jpg,Benign,non-cancer,179,val
cdd-cesm,Preprocessed_Dataset/cdd-cesm/cdd-cesm_500.jpg,Malignant,cancer,180,train
cdd-cesm,Preprocessed_Dataset/cdd-cesm/cdd-cesm_501.jpg,Malignant,cancer,180,train
cdd-cesm,Preprocessed_Dataset/cdd-cesm/cdd-cesm_502.jpg,Benign,non-cancer,180,train
cdd-cesm,Preprocessed_Dataset/cdd-cesm/cdd-cesm_503.jpg,Benign,non-cancer,180,train
cdd-cesm,Preprocessed_Dataset/cdd-cesm/cdd-cesm_504.jpg,Normal,non-cancer,181,test
cdd-cesm,Preprocessed_Dataset/cdd-cesm/cdd-cesm_505.jpg,Normal,non-cancer,181,test
cdd-cesm,Preprocessed_Dataset/cdd-cesm/cdd-cesm_506.jpg,Benign,non-cancer,181,test
cdd-cesm,Preprocessed_Dataset/cdd-cesm/cdd-cesm_507.jpg,Benign,non-cancer,181,test
cdd-cesm,Preprocessed_Dataset/cdd-cesm/cdd-cesm_508.jpg,Benign,non-cancer,182,val
cdd-cesm,Preprocessed_Dataset/cdd-cesm/cdd-cesm_509.jpg,Normal,non-cancer,183,train
cdd-cesm,Preprocessed_Dataset/cdd-cesm/cdd-cesm_510.jpg,Normal,non-cancer,183,train
cdd-cesm,Preprocessed_Dataset/cdd-cesm/cdd-cesm_511.jpg,Malignant,cancer,183,train
cdd-cesm,Preprocessed_Dataset/cdd-cesm/cdd-cesm_512.jpg,Malignant,cancer,183,train
cdd-cesm,Preprocessed_Dataset/cdd-cesm/cdd-cesm_513.jpg,Malignant,cancer,184,train
cdd-cesm,Preprocessed_Dataset/cdd-cesm/cdd-cesm_514.jpg,Malignant,cancer,184,train
cdd-cesm,Preprocessed_Dataset/cdd-cesm/cdd-cesm_515.jpg,Benign,non-cancer,184,train
cdd-cesm,Preprocessed_Dataset/cdd-cesm/cdd-cesm_516.jpg,Benign,non-cancer,184,train
cdd-cesm,Preprocessed_Dataset/cdd-cesm/cdd-cesm_517.jpg,Normal,non-cancer,185,val
cdd-cesm,Preprocessed_Dataset/cdd-cesm/cdd-cesm_518.jpg,Normal,non-cancer,185,val
cdd-cesm,Preprocessed_Dataset/cdd-cesm/cdd-cesm_519.jpg,Normal,non-cancer,185,val
cdd-cesm,Preprocessed_Dataset/cdd-cesm/cdd-cesm_520.jpg,Normal,non-cancer,185,val
cdd-cesm,Preprocessed_Dataset/cdd-cesm/cdd-cesm_521.jpg,Benign,non-cancer,186,train
cdd-cesm,Preprocessed_Dataset/cdd-cesm/cdd-cesm_522.jpg,Malignant,cancer,186,train
cdd-cesm,Preprocessed_Dataset/cdd-cesm/cdd-cesm_523.jpg,Malignant,cancer,186,train
cdd-cesm,Preprocessed_Dataset/cdd-cesm/cdd-cesm_524.jpg,Malignant,cancer,187,train
cdd-cesm,Preprocessed_Dataset/cdd-cesm/cdd-cesm_525.jpg,Benign,non-cancer,187,train
cdd-cesm,Preprocessed_Dataset/cdd-cesm/cdd-cesm_526.jpg,Malignant,cancer,188,train
cdd-cesm,Preprocessed_Dataset/cdd-cesm/cdd-cesm_527.jpg,Malignant,cancer,188,train
cdd-cesm,Preprocessed_Dataset/cdd-cesm/cdd-cesm_528.jpg,Normal,non-cancer,188,train
cdd-cesm,Preprocessed_Dataset/cdd-cesm/cdd-cesm_529.jpg,Normal,non-cancer,188,train
cdd-cesm,Preprocessed_Dataset/cdd-cesm/cdd-cesm_530.jpg,Benign,non-cancer,189,train
cdd-cesm,Preprocessed_Dataset/cdd-cesm/cdd-cesm_531.jpg,Benign,non-cancer,189,train
cdd-cesm,Preprocessed_Dataset/cdd-cesm/cdd-cesm_532.jpg,Normal,non-cancer,190,train
cdd-cesm,Preprocessed_Dataset/cdd-cesm/cdd-cesm_533.jpg,Malignant,cancer,190,train
cdd-cesm,Preprocessed_Dataset/cdd-cesm/cdd-cesm_534.jpg,Malignant,cancer,190,train
cdd-cesm,Preprocessed_Dataset/cdd-cesm/cdd-cesm_535.jpg,Benign,non-cancer,191,train
cdd-cesm,Preprocessed_Dataset/cdd-cesm/cdd-cesm_536.jpg,Benign,non-cancer,191,train
cdd-cesm,Preprocessed_Dataset/cdd-cesm/cdd-cesm_537.jpg,Malignant,cancer,191,train
cdd-cesm,Preprocessed_Dataset/cdd-cesm/cdd-cesm_538.jpg,Malignant,cancer,191,train
cdd-cesm,Preprocessed_Dataset/cdd-cesm/cdd-cesm_539.jpg,Benign,non-cancer,192,train
cdd-cesm,Preprocessed_Dataset/cdd-cesm/cdd-cesm_540.jpg,Benign,non-cancer,192,train
cdd-cesm,Preprocessed_Dataset/cdd-cesm/cdd-cesm_541.jpg,Benign,non-cancer,192,train
cdd-cesm,Preprocessed_Dataset/cdd-cesm/cdd-cesm_542.jpg,Benign,non-cancer,192,train
cdd-cesm,Preprocessed_Dataset/cdd-cesm/cdd-cesm_543.jpg,Benign,non-cancer,193,train
cdd-cesm,Preprocessed_Dataset/cdd-cesm/cdd-cesm_544.jpg,Malignant,cancer,194,train
cdd-cesm,Preprocessed_Dataset/cdd-cesm/cdd-cesm_545.jpg,Malignant,cancer,194,train
cdd-cesm,Preprocessed_Dataset/cdd-cesm/cdd-cesm_546.jpg,Normal,non-cancer,194,train
cdd-cesm,Preprocessed_Dataset/cdd-cesm/cdd-cesm_547.jpg,Normal,non-cancer,194,train
cdd-cesm,Preprocessed_Dataset/cdd-cesm/cdd-cesm_548.jpg,Normal,non-cancer,195,test
cdd-cesm,Preprocessed_Dataset/cdd-cesm/cdd-cesm_549.jpg,Normal,non-cancer,195,test
cdd-cesm,Preprocessed_Dataset/cdd-cesm/cdd-cesm_550.jpg,Malignant,cancer,195,test
cdd-cesm,Preprocessed_Dataset/cdd-cesm/cdd-cesm_551.jpg,Malignant,cancer,195,test
cdd-cesm,Preprocessed_Dataset/cdd-cesm/cdd-cesm_552.jpg,Malignant,cancer,196,val
cdd-cesm,Preprocessed_Dataset/cdd-cesm/cdd-cesm_553.jpg,Benign,non-cancer,196,val
cdd-cesm,Preprocessed_Dataset/cdd-cesm/cdd-cesm_554.jpg,Benign,non-cancer,196,val
cdd-cesm,Preprocessed_Dataset/cdd-cesm/cdd-cesm_555.jpg,Benign,non-cancer,197,train
cdd-cesm,Preprocessed_Dataset/cdd-cesm/cdd-cesm_556.jpg,Benign,non-cancer,197,train
cdd-cesm,Preprocessed_Dataset/cdd-cesm/cdd-cesm_557.jpg,Benign,non-cancer,197,train
cdd-cesm,Preprocessed_Dataset/cdd-cesm/cdd-cesm_558.jpg,Normal,non-cancer,197,train
cdd-cesm,Preprocessed_Dataset/cdd-cesm/cdd-cesm_559.jpg,Malignant,cancer,198,train
cdd-cesm,Preprocessed_Dataset/cdd-cesm/cdd-cesm_560.jpg,Malignant,cancer,198,train
cdd-cesm,Preprocessed_Dataset/cdd-cesm/cdd-cesm_561.jpg,Normal,non-cancer,199,train
cdd-cesm,Preprocessed_Dataset/cdd-cesm/cdd-cesm_562.jpg,Normal,non-cancer,200,train
cdd-cesm,Preprocessed_Dataset/cdd-cesm/cdd-cesm_563.jpg,Normal,non-cancer,200,train
cdd-cesm,Preprocessed_Dataset/cdd-cesm/cdd-cesm_564.jpg,Benign,non-cancer,200,train
cdd-cesm,Preprocessed_Dataset/cdd-cesm/cdd-cesm_565.jpg,Benign,non-cancer,200,train
cdd-cesm,Preprocessed_Dataset/cdd-cesm/cdd-cesm_566.jpg,Normal,non-cancer,201,train
cdd-cesm,Preprocessed_Dataset/cdd-cesm/cdd-cesm_567.jpg,Normal,non-cancer,202,test
cdd-cesm,Preprocessed_Dataset/cdd-cesm/cdd-cesm_568.jpg,Normal,non-cancer,202,test
cdd-cesm,Preprocessed_Dataset/cdd-cesm/cdd-cesm_569.jpg,Malignant,cancer,202,test
cdd-cesm,Preprocessed_Dataset/cdd-cesm/cdd-cesm_570.jpg,Malignant,cancer,202,test
cdd-cesm,Preprocessed_Dataset/cdd-cesm/cdd-cesm_571.jpg,Benign,non-cancer,203,train
cdd-cesm,Preprocessed_Dataset/cdd-cesm/cdd-cesm_572.jpg,Benign,non-cancer,203,train
cdd-cesm,Preprocessed_Dataset/cdd-cesm/cdd-cesm_573.jpg,Normal,non-cancer,204,train
cdd-cesm,Preprocessed_Dataset/cdd-cesm/cdd-cesm_574.jpg,Malignant,cancer,205,train
cdd-cesm,Preprocessed_Dataset/cdd-cesm/cdd-cesm_575.jpg,Normal,non-cancer,206,test
cdd-cesm,Preprocessed_Dataset/cdd-cesm/cdd-cesm_576.jpg,Normal,non-cancer,206,test
cdd-cesm,Preprocessed_Dataset/cdd-cesm/cdd-cesm_577.jpg,Malignant,cancer,206,test
cdd-cesm,Preprocessed_Dataset/cdd-cesm/cdd-cesm_578.jpg,Malignant,cancer,206,test
cdd-cesm,Preprocessed_Dataset/cdd-cesm/cdd-cesm_579.jpg,Normal,non-cancer,207,train
cdd-cesm,Preprocessed_Dataset/cdd-cesm/cdd-cesm_580.jpg,Normal,non-cancer,207,train
cdd-cesm,Preprocessed_Dataset/cdd-cesm/cdd-cesm_581.jpg,Malignant,cancer,207,train
cdd-cesm,Preprocessed_Dataset/cdd-cesm/cdd-cesm_582.jpg,Malignant,cancer,207,train
cdd-cesm,Preprocessed_Dataset/cdd-cesm/cdd-cesm_583.jpg,Malignant,cancer,208,test
cdd-cesm,Preprocessed_Dataset/cdd-cesm/cdd-cesm_584.jpg,Malignant,cancer,208,test
cdd-cesm,Preprocessed_Dataset/cdd-cesm/cdd-cesm_585.jpg,Benign,non-cancer,209,train
cdd-cesm,Preprocessed_Dataset/cdd-cesm/cdd-cesm_586.jpg,Benign,non-cancer,209,train
cdd-cesm,Preprocessed_Dataset/cdd-cesm/cdd-cesm_587.jpg,Malignant,cancer,209,train
cdd-cesm,Preprocessed_Dataset/cdd-cesm/cdd-cesm_588.jpg,Malignant,cancer,209,train
cdd-cesm,Preprocessed_Dataset/cdd-cesm/cdd-cesm_589.jpg,Benign,non-cancer,210,train
cdd-cesm,Preprocessed_Dataset/cdd-cesm/cdd-cesm_590.jpg,Benign,non-cancer,210,train
cdd-cesm,Preprocessed_Dataset/cdd-cesm/cdd-cesm_591.jpg,Normal,non-cancer,211,train
cdd-cesm,Preprocessed_Dataset/cdd-cesm/cdd-cesm_592.jpg,Normal,non-cancer,211,train
cdd-cesm,Preprocessed_Dataset/cdd-cesm/cdd-cesm_593.jpg,Malignant,cancer,211,train
cdd-cesm,Preprocessed_Dataset/cdd-cesm/cdd-cesm_594.jpg,Malignant,cancer,211,train
cdd-cesm,Preprocessed_Dataset/cdd-cesm/cdd-cesm_595.jpg,Normal,non-cancer,212,val
cdd-cesm,Preprocessed_Dataset/cdd-cesm/cdd-cesm_596.jpg,Normal,non-cancer,212,val
cdd-cesm,Preprocessed_Dataset/cdd-cesm/cdd-cesm_597.jpg,Malignant,cancer,212,val
cdd-cesm,Preprocessed_Dataset/cdd-cesm/cdd-cesm_598.jpg,Malignant,cancer,212,val
cdd-cesm,Preprocessed_Dataset/cdd-cesm/cdd-cesm_599.jpg,Normal,non-cancer,213,val
cdd-cesm,Preprocessed_Dataset/cdd-cesm/cdd-cesm_600.jpg,Normal,non-cancer,213,val
cdd-cesm,Preprocessed_Dataset/cdd-cesm/cdd-cesm_601.jpg,Malignant,cancer,213,val
cdd-cesm,Preprocessed_Dataset/cdd-cesm/cdd-cesm_602.jpg,Malignant,cancer,213,val
cdd-cesm,Preprocessed_Dataset/cdd-cesm/cdd-cesm_603.jpg,Normal,non-cancer,214,val
cdd-cesm,Preprocessed_Dataset/cdd-cesm/cdd-cesm_604.jpg,Normal,non-cancer,214,val
cdd-cesm,Preprocessed_Dataset/cdd-cesm/cdd-cesm_605.jpg,Malignant,cancer,214,val
cdd-cesm,Preprocessed_Dataset/cdd-cesm/cdd-cesm_606.jpg,Malignant,cancer,214,val
cdd-cesm,Preprocessed_Dataset/cdd-cesm/cdd-cesm_607.jpg,Normal,non-cancer,215,train
cdd-cesm,Preprocessed_Dataset/cdd-cesm/cdd-cesm_608.jpg,Normal,non-cancer,215,train
cdd-cesm,Preprocessed_Dataset/cdd-cesm/cdd-cesm_609.jpg,Malignant,cancer,215,train
cdd-cesm,Preprocessed_Dataset/cdd-cesm/cdd-cesm_610.jpg,Malignant,cancer,216,train
cdd-cesm,Preprocessed_Dataset/cdd-cesm/cdd-cesm_611.jpg,Malignant,cancer,216,train
cdd-cesm,Preprocessed_Dataset/cdd-cesm/cdd-cesm_612.jpg,Normal,non-cancer,216,train
cdd-cesm,Preprocessed_Dataset/cdd-cesm/cdd-cesm_613.jpg,Normal,non-cancer,216,train
cdd-cesm,Preprocessed_Dataset/cdd-cesm/cdd-cesm_614.jpg,Benign,non-cancer,217,train
cdd-cesm,Preprocessed_Dataset/cdd-cesm/cdd-cesm_615.jpg,Benign,non-cancer,217,train
cdd-cesm,Preprocessed_Dataset/cdd-cesm/cdd-cesm_616.jpg,Normal,non-cancer,218,train
cdd-cesm,Preprocessed_Dataset/cdd-cesm/cdd-cesm_617.jpg,Malignant,cancer,218,train
cdd-cesm,Preprocessed_Dataset/cdd-cesm/cdd-cesm_618.jpg,Normal,non-cancer,219,train
cdd-cesm,Preprocessed_Dataset/cdd-cesm/cdd-cesm_619.jpg,Malignant,cancer,220,train
cdd-cesm,Preprocessed_Dataset/cdd-cesm/cdd-cesm_620.jpg,Malignant,cancer,220,train
cdd-cesm,Preprocessed_Dataset/cdd-cesm/cdd-cesm_621.jpg,Normal,non-cancer,220,train
cdd-cesm,Preprocessed_Dataset/cdd-cesm/cdd-cesm_622.jpg,Normal,non-cancer,220,train
cdd-cesm,Preprocessed_Dataset/cdd-cesm/cdd-cesm_623.jpg,Malignant,cancer,221,test
cdd-cesm,Preprocessed_Dataset/cdd-cesm/cdd-cesm_624.jpg,Normal,non-cancer,222,train
cdd-cesm,Preprocessed_Dataset/cdd-cesm/cdd-cesm_625.jpg,Normal,non-cancer,223,train
cdd-cesm,Preprocessed_Dataset/cdd-cesm/cdd-cesm_626.jpg,Malignant,cancer,223,train
cdd-cesm,Preprocessed_Dataset/cdd-cesm/cdd-cesm_627.jpg,Malignant,cancer,223,train
cdd-cesm,Preprocessed_Dataset/cdd-cesm/cdd-cesm_628.jpg,Benign,non-cancer,224,test
cdd-cesm,Preprocessed_Dataset/cdd-cesm/cdd-cesm_629.jpg,Normal,non-cancer,225,train
cdd-cesm,Preprocessed_Dataset/cdd-cesm/cdd-cesm_630.jpg,Normal,non-cancer,225,train
cdd-cesm,Preprocessed_Dataset/cdd-cesm/cdd-cesm_631.jpg,Benign,non-cancer,225,train
cdd-cesm,Preprocessed_Dataset/cdd-cesm/cdd-cesm_632.jpg,Benign,non-cancer,225,train
cdd-cesm,Preprocessed_Dataset/cdd-cesm/cdd-cesm_633.jpg,Normal,non-cancer,226,train
cdd-cesm,Preprocessed_Dataset/cdd-cesm/cdd-cesm_634.jpg,Normal,non-cancer,226,train
cdd-cesm,Preprocessed_Dataset/cdd-cesm/cdd-cesm_635.jpg,Normal,non-cancer,226,train
cdd-cesm,Preprocessed_Dataset/cdd-cesm/cdd-cesm_636.jpg,Normal,non-cancer,226,train
cdd-cesm,Preprocessed_Dataset/cdd-cesm/cdd-cesm_637.jpg,Benign,non-cancer,227,train
cdd-cesm,Preprocessed_Dataset/cdd-cesm/cdd-cesm_638.jpg,Benign,non-cancer,227,train
cdd-cesm,Preprocessed_Dataset/cdd-cesm/cdd-cesm_639.jpg,Normal,non-cancer,227,train
cdd-cesm,Preprocessed_Dataset/cdd-cesm/cdd-cesm_640.jpg,Normal,non-cancer,227,train
cdd-cesm,Preprocessed_Dataset/cdd-cesm/cdd-cesm_641.jpg,Benign,non-cancer,228,train
cdd-cesm,Preprocessed_Dataset/cdd-cesm/cdd-cesm_642.jpg,Benign,non-cancer,228,train
cdd-cesm,Preprocessed_Dataset/cdd-cesm/cdd-cesm_643.jpg,Benign,non-cancer,228,train
cdd-cesm,Preprocessed_Dataset/cdd-cesm/cdd-cesm_644.jpg,Benign,non-cancer,228,train
cdd-cesm,Preprocessed_Dataset/cdd-cesm/cdd-cesm_645.jpg,Benign,non-cancer,229,train
cdd-cesm,Preprocessed_Dataset/cdd-cesm/cdd-cesm_646.jpg,Malignant,cancer,230,train
cdd-cesm,Preprocessed_Dataset/cdd-cesm/cdd-cesm_647.jpg,Malignant,cancer,230,train
cdd-cesm,Preprocessed_Dataset/cdd-cesm/cdd-cesm_648.jpg,Normal,non-cancer,230,train
cdd-cesm,Preprocessed_Dataset/cdd-cesm/cdd-cesm_649.jpg,Normal,non-cancer,230,train
cdd-cesm,Preprocessed_Dataset/cdd-cesm/cdd-cesm_650.jpg,Benign,non-cancer,231,train
cdd-cesm,Preprocessed_Dataset/cdd-cesm/cdd-cesm_651.jpg,Normal,non-cancer,232,train
cdd-cesm,Preprocessed_Dataset/cdd-cesm/cdd-cesm_652.jpg,Normal,non-cancer,232,train
cdd-cesm,Preprocessed_Dataset/cdd-cesm/cdd-cesm_653.jpg,Malignant,cancer,232,train
cdd-cesm,Preprocessed_Dataset/cdd-cesm/cdd-cesm_654.jpg,Malignant,cancer,232,train
cdd-cesm,Preprocessed_Dataset/cdd-cesm/cdd-cesm_655.jpg,Normal,non-cancer,233,train
cdd-cesm,Preprocessed_Dataset/cdd-cesm/cdd-cesm_656.jpg,Normal,non-cancer,233,train
cdd-cesm,Preprocessed_Dataset/cdd-cesm/cdd-cesm_657.jpg,Malignant,cancer,233,train
cdd-cesm,Preprocessed_Dataset/cdd-cesm/cdd-cesm_658.jpg,Malignant,cancer,233,train
cdd-cesm,Preprocessed_Dataset/cdd-cesm/cdd-cesm_659.jpg,Benign,non-cancer,234,train
cdd-cesm,Preprocessed_Dataset/cdd-cesm/cdd-cesm_660.jpg,Benign,non-cancer,235,test
cdd-cesm,Preprocessed_Dataset/cdd-cesm/cdd-cesm_661.jpg,Benign,non-cancer,235,test
cdd-cesm,Preprocessed_Dataset/cdd-cesm/cdd-cesm_662.jpg,Benign,non-cancer,235,test
cdd-cesm,Preprocessed_Dataset/cdd-cesm/cdd-cesm_663.jpg,Benign,non-cancer,235,test
cdd-cesm,Preprocessed_Dataset/cdd-cesm/cdd-cesm_664.jpg,Normal,non-cancer,236,train
cdd-cesm,Preprocessed_Dataset/cdd-cesm/cdd-cesm_665.jpg,Normal,non-cancer,236,train
cdd-cesm,Preprocessed_Dataset/cdd-cesm/cdd-cesm_666.jpg,Benign,non-cancer,236,train
cdd-cesm,Preprocessed_Dataset/cdd-cesm/cdd-cesm_667.jpg,Benign,non-cancer,236,train
cdd-cesm,Preprocessed_Dataset/cdd-cesm/cdd-cesm_668.jpg,Normal,non-cancer,237,train
cdd-cesm,Preprocessed_Dataset/cdd-cesm/cdd-cesm_669.jpg,Normal,non-cancer,237,train
cdd-cesm,Preprocessed_Dataset/cdd-cesm/cdd-cesm_670.jpg,Benign,non-cancer,237,train
cdd-cesm,Preprocessed_Dataset/cdd-cesm/cdd-cesm_671.jpg,Benign,non-cancer,237,train
cdd-cesm,Preprocessed_Dataset/cdd-cesm/cdd-cesm_672.jpg,Benign,non-cancer,238,val
cdd-cesm,Preprocessed_Dataset/cdd-cesm/cdd-cesm_673.jpg,Benign,non-cancer,238,val
cdd-cesm,Preprocessed_Dataset/cdd-cesm/cdd-cesm_674.jpg,Benign,non-cancer,238,val
cdd-cesm,Preprocessed_Dataset/cdd-cesm/cdd-cesm_675.jpg,Benign,non-cancer,238,val
cdd-cesm,Preprocessed_Dataset/cdd-cesm/cdd-cesm_676.jpg,Malignant,cancer,239,train
cdd-cesm,Preprocessed_Dataset/cdd-cesm/cdd-cesm_677.jpg,Malignant,cancer,239,train
cdd-cesm,Preprocessed_Dataset/cdd-cesm/cdd-cesm_678.jpg,Normal,non-cancer,239,train
cdd-cesm,Preprocessed_Dataset/cdd-cesm/cdd-cesm_679.jpg,Normal,non-cancer,239,train
cdd-cesm,Preprocessed_Dataset/cdd-cesm/cdd-cesm_680.jpg,Normal,non-cancer,240,train
cdd-cesm,Preprocessed_Dataset/cdd-cesm/cdd-cesm_681.jpg,Benign,non-cancer,241,train
cdd-cesm,Preprocessed_Dataset/cdd-cesm/cdd-cesm_682.jpg,Benign,non-cancer,241,train
cdd-cesm,Preprocessed_Dataset/cdd-cesm/cdd-cesm_683.jpg,Malignant,cancer,242,train
cdd-cesm,Preprocessed_Dataset/cdd-cesm/cdd-cesm_684.jpg,Normal,non-cancer,242,train
cdd-cesm,Preprocessed_Dataset/cdd-cesm/cdd-cesm_685.jpg,Malignant,cancer,243,val
cdd-cesm,Preprocessed_Dataset/cdd-cesm/cdd-cesm_686.jpg,Malignant,cancer,243,val
cdd-cesm,Preprocessed_Dataset/cdd-cesm/cdd-cesm_687.jpg,Normal,non-cancer,243,val
cdd-cesm,Preprocessed_Dataset/cdd-cesm/cdd-cesm_688.jpg,Normal,non-cancer,243,val
cdd-cesm,Preprocessed_Dataset/cdd-cesm/cdd-cesm_689.jpg,Normal,non-cancer,244,train
cdd-cesm,Preprocessed_Dataset/cdd-cesm/cdd-cesm_690.jpg,Normal,non-cancer,244,train
cdd-cesm,Preprocessed_Dataset/cdd-cesm/cdd-cesm_691.jpg,Benign,non-cancer,244,train
cdd-cesm,Preprocessed_Dataset/cdd-cesm/cdd-cesm_692.jpg,Benign,non-cancer,244,train
cdd-cesm,Preprocessed_Dataset/cdd-cesm/cdd-cesm_693.jpg,Benign,non-cancer,245,test
cdd-cesm,Preprocessed_Dataset/cdd-cesm/cdd-cesm_694.jpg,Malignant,cancer,245,test
cdd-cesm,Preprocessed_Dataset/cdd-cesm/cdd-cesm_695.jpg,Malignant,cancer,246,train
cdd-cesm,Preprocessed_Dataset/cdd-cesm/cdd-cesm_696.jpg,Malignant,cancer,247,test
cdd-cesm,Preprocessed_Dataset/cdd-cesm/cdd-cesm_697.jpg,Normal,non-cancer,248,train
cdd-cesm,Preprocessed_Dataset/cdd-cesm/cdd-cesm_698.jpg,Benign,non-cancer,248,train
cdd-cesm,Preprocessed_Dataset/cdd-cesm/cdd-cesm_699.jpg,Benign,non-cancer,248,train
cdd-cesm,Preprocessed_Dataset/cdd-cesm/cdd-cesm_700.jpg,Malignant,cancer,249,train
cdd-cesm,Preprocessed_Dataset/cdd-cesm/cdd-cesm_701.jpg,Malignant,cancer,249,train
cdd-cesm,Preprocessed_Dataset/cdd-cesm/cdd-cesm_702.jpg,Normal,non-cancer,249,train
cdd-cesm,Preprocessed_Dataset/cdd-cesm/cdd-cesm_703.jpg,Normal,non-cancer,249,train
cdd-cesm,Preprocessed_Dataset/cdd-cesm/cdd-cesm_704.jpg,Normal,non-cancer,250,train
cdd-cesm,Preprocessed_Dataset/cdd-cesm/cdd-cesm_705.jpg,Malignant,cancer,251,train
cdd-cesm,Preprocessed_Dataset/cdd-cesm/cdd-cesm_706.jpg,Malignant,cancer,251,train
cdd-cesm,Preprocessed_Dataset/cdd-cesm/cdd-cesm_707.jpg,Normal,non-cancer,251,train
cdd-cesm,Preprocessed_Dataset/cdd-cesm/cdd-cesm_708.jpg,Normal,non-cancer,251,train
cdd-cesm,Preprocessed_Dataset/cdd-cesm/cdd-cesm_709.jpg,Malignant,cancer,252,train
cdd-cesm,Preprocessed_Dataset/cdd-cesm/cdd-cesm_710.jpg,Malignant,cancer,252,train
cdd-cesm,Preprocessed_Dataset/cdd-cesm/cdd-cesm_711.jpg,Normal,non-cancer,252,train
cdd-cesm,Preprocessed_Dataset/cdd-cesm/cdd-cesm_712.jpg,Normal,non-cancer,252,train
cdd-cesm,Preprocessed_Dataset/cdd-cesm/cdd-cesm_713.jpg,Malignant,cancer,253,train
cdd-cesm,Preprocessed_Dataset/cdd-cesm/cdd-cesm_714.jpg,Malignant,cancer,253,train
cdd-cesm,Preprocessed_Dataset/cdd-cesm/cdd-cesm_715.jpg,Normal,non-cancer,253,train
cdd-cesm,Preprocessed_Dataset/cdd-cesm/cdd-cesm_716.jpg,Normal,non-cancer,253,train
cdd-cesm,Preprocessed_Dataset/cdd-cesm/cdd-cesm_717.jpg,Malignant,cancer,254,train
cdd-cesm,Preprocessed_Dataset/cdd-cesm/cdd-cesm_718.jpg,Malignant,cancer,254,train
cdd-cesm,Preprocessed_Dataset/cdd-cesm/cdd-cesm_719.jpg,Normal,non-cancer,254,train
cdd-cesm,Preprocessed_Dataset/cdd-cesm/cdd-cesm_720.jpg,Benign,non-cancer,254,train
cdd-cesm,Preprocessed_Dataset/cdd-cesm/cdd-cesm_721.jpg,Benign,non-cancer,255,train
cdd-cesm,Preprocessed_Dataset/cdd-cesm/cdd-cesm_722.jpg,Benign,non-cancer,255,train
cdd-cesm,Preprocessed_Dataset/cdd-cesm/cdd-cesm_723.jpg,Malignant,cancer,255,train
cdd-cesm,Preprocessed_Dataset/cdd-cesm/cdd-cesm_724.jpg,Malignant,cancer,255,train
cdd-cesm,Preprocessed_Dataset/cdd-cesm/cdd-cesm_725.jpg,Malignant,cancer,256,train
cdd-cesm,Preprocessed_Dataset/cdd-cesm/cdd-cesm_726.jpg,Malignant,cancer,256,train
cdd-cesm,Preprocessed_Dataset/cdd-cesm/cdd-cesm_727.jpg,Malignant,cancer,257,train
cdd-cesm,Preprocessed_Dataset/cdd-cesm/cdd-cesm_728.jpg,Malignant,cancer,257,train
cdd-cesm,Preprocessed_Dataset/cdd-cesm/cdd-cesm_729.jpg,Normal,non-cancer,257,train
cdd-cesm,Preprocessed_Dataset/cdd-cesm/cdd-cesm_730.jpg,Normal,non-cancer,257,train
cdd-cesm,Preprocessed_Dataset/cdd-cesm/cdd-cesm_731.jpg,Malignant,cancer,258,val
cdd-cesm,Preprocessed_Dataset/cdd-cesm/cdd-cesm_732.jpg,Malignant,cancer,258,val
cdd-cesm,Preprocessed_Dataset/cdd-cesm/cdd-cesm_733.jpg,Normal,non-cancer,258,val
cdd-cesm,Preprocessed_Dataset/cdd-cesm/cdd-cesm_734.jpg,Normal,non-cancer,258,val
cdd-cesm,Preprocessed_Dataset/cdd-cesm/cdd-cesm_735.jpg,Normal,non-cancer,259,train
cdd-cesm,Preprocessed_Dataset/cdd-cesm/cdd-cesm_736.jpg,Normal,non-cancer,259,train
cdd-cesm,Preprocessed_Dataset/cdd-cesm/cdd-cesm_737.jpg,Malignant,cancer,259,train
cdd-cesm,Preprocessed_Dataset/cdd-cesm/cdd-cesm_738.jpg,Malignant,cancer,259,train
cdd-cesm,Preprocessed_Dataset/cdd-cesm/cdd-cesm_739.jpg,Malignant,cancer,260,train
cdd-cesm,Preprocessed_Dataset/cdd-cesm/cdd-cesm_740.jpg,Malignant,cancer,260,train
cdd-cesm,Preprocessed_Dataset/cdd-cesm/cdd-cesm_741.jpg,Normal,non-cancer,260,train
cdd-cesm,Preprocessed_Dataset/cdd-cesm/cdd-cesm_742.jpg,Normal,non-cancer,260,train
cdd-cesm,Preprocessed_Dataset/cdd-cesm/cdd-cesm_743.jpg,Normal,non-cancer,261,test
cdd-cesm,Preprocessed_Dataset/cdd-cesm/cdd-cesm_744.jpg,Normal,non-cancer,261,test
cdd-cesm,Preprocessed_Dataset/cdd-cesm/cdd-cesm_745.jpg,Malignant,cancer,261,test
cdd-cesm,Preprocessed_Dataset/cdd-cesm/cdd-cesm_746.jpg,Malignant,cancer,261,test
cdd-cesm,Preprocessed_Dataset/cdd-cesm/cdd-cesm_747.jpg,Benign,non-cancer,262,test
cdd-cesm,Preprocessed_Dataset/cdd-cesm/cdd-cesm_748.jpg,Benign,non-cancer,262,test
cdd-cesm,Preprocessed_Dataset/cdd-cesm/cdd-cesm_749.jpg,Malignant,cancer,262,test
cdd-cesm,Preprocessed_Dataset/cdd-cesm/cdd-cesm_750.jpg,Malignant,cancer,262,test
cdd-cesm,Preprocessed_Dataset/cdd-cesm/cdd-cesm_751.jpg,Malignant,cancer,263,val
cdd-cesm,Preprocessed_Dataset/cdd-cesm/cdd-cesm_752.jpg,Malignant,cancer,263,val
cdd-cesm,Preprocessed_Dataset/cdd-cesm/cdd-cesm_753.jpg,Benign,non-cancer,263,val
cdd-cesm,Preprocessed_Dataset/cdd-cesm/cdd-cesm_754.jpg,Benign,non-cancer,263,val
cdd-cesm,Preprocessed_Dataset/cdd-cesm/cdd-cesm_755.jpg,Normal,non-cancer,264,train
cdd-cesm,Preprocessed_Dataset/cdd-cesm/cdd-cesm_756.jpg,Normal,non-cancer,264,train
cdd-cesm,Preprocessed_Dataset/cdd-cesm/cdd-cesm_757.jpg,Malignant,cancer,264,train
cdd-cesm,Preprocessed_Dataset/cdd-cesm/cdd-cesm_758.jpg,Malignant,cancer,264,train
cdd-cesm,Preprocessed_Dataset/cdd-cesm/cdd-cesm_759.jpg,Malignant,cancer,265,test
cdd-cesm,Preprocessed_Dataset/cdd-cesm/cdd-cesm_760.jpg,Malignant,cancer,265,test
cdd-cesm,Preprocessed_Dataset/cdd-cesm/cdd-cesm_761.jpg,Malignant,cancer,265,test
cdd-cesm,Preprocessed_Dataset/cdd-cesm/cdd-cesm_762.jpg,Malignant,cancer,265,test
cdd-cesm,Preprocessed_Dataset/cdd-cesm/cdd-cesm_763.jpg,Malignant,cancer,266,val
cdd-cesm,Preprocessed_Dataset/cdd-cesm/cdd-cesm_764.jpg,Malignant,cancer,266,val
cdd-cesm,Preprocessed_Dataset/cdd-cesm/cdd-cesm_765.jpg,Normal,non-cancer,266,val
cdd-cesm,Preprocessed_Dataset/cdd-cesm/cdd-cesm_766.jpg,Normal,non-cancer,266,val
cdd-cesm,Preprocessed_Dataset/cdd-cesm/cdd-cesm_767.jpg,Normal,non-cancer,267,train
cdd-cesm,Preprocessed_Dataset/cdd-cesm/cdd-cesm_768.jpg,Normal,non-cancer,267,train
cdd-cesm,Preprocessed_Dataset/cdd-cesm/cdd-cesm_769.jpg,Malignant,cancer,267,train
cdd-cesm,Preprocessed_Dataset/cdd-cesm/cdd-cesm_770.jpg,Malignant,cancer,267,train
cdd-cesm,Preprocessed_Dataset/cdd-cesm/cdd-cesm_771.jpg,Normal,non-cancer,268,train
cdd-cesm,Preprocessed_Dataset/cdd-cesm/cdd-cesm_772.jpg,Normal,non-cancer,268,train
cdd-cesm,Preprocessed_Dataset/cdd-cesm/cdd-cesm_773.jpg,Malignant,cancer,268,train
cdd-cesm,Preprocessed_Dataset/cdd-cesm/cdd-cesm_774.jpg,Malignant,cancer,268,train
cdd-cesm,Preprocessed_Dataset/cdd-cesm/cdd-cesm_775.jpg,Normal,non-cancer,269,train
cdd-cesm,Preprocessed_Dataset/cdd-cesm/cdd-cesm_776.jpg,Normal,non-cancer,269,train
cdd-cesm,Preprocessed_Dataset/cdd-cesm/cdd-cesm_777.jpg,Malignant,cancer,269,train
cdd-cesm,Preprocessed_Dataset/cdd-cesm/cdd-cesm_778.jpg,Malignant,cancer,269,train
cdd-cesm,Preprocessed_Dataset/cdd-cesm/cdd-cesm_779.jpg,Benign,non-cancer,270,train
cdd-cesm,Preprocessed_Dataset/cdd-cesm/cdd-cesm_780.jpg,Benign,non-cancer,270,train
cdd-cesm,Preprocessed_Dataset/cdd-cesm/cdd-cesm_781.jpg,Normal,non-cancer,270,train
cdd-cesm,Preprocessed_Dataset/cdd-cesm/cdd-cesm_782.jpg,Normal,non-cancer,270,train
cdd-cesm,Preprocessed_Dataset/cdd-cesm/cdd-cesm_783.jpg,Benign,non-cancer,271,train
cdd-cesm,Preprocessed_Dataset/cdd-cesm/cdd-cesm_784.jpg,Benign,non-cancer,271,train
cdd-cesm,Preprocessed_Dataset/cdd-cesm/cdd-cesm_785.jpg,Malignant,cancer,271,train
cdd-cesm,Preprocessed_Dataset/cdd-cesm/cdd-cesm_786.jpg,Malignant,cancer,271,train
cdd-cesm,Preprocessed_Dataset/cdd-cesm/cdd-cesm_787.jpg,Normal,non-cancer,272,train
cdd-cesm,Preprocessed_Dataset/cdd-cesm/cdd-cesm_788.jpg,Normal,non-cancer,272,train
cdd-cesm,Preprocessed_Dataset/cdd-cesm/cdd-cesm_789.jpg,Malignant,cancer,272,train
cdd-cesm,Preprocessed_Dataset/cdd-cesm/cdd-cesm_790.jpg,Malignant,cancer,272,train
cdd-cesm,Preprocessed_Dataset/cdd-cesm/cdd-cesm_791.jpg,Benign,non-cancer,273,val
cdd-cesm,Preprocessed_Dataset/cdd-cesm/cdd-cesm_792.jpg,Benign,non-cancer,273,val
cdd-cesm,Preprocessed_Dataset/cdd-cesm/cdd-cesm_793.jpg,Malignant,cancer,273,val
cdd-cesm,Preprocessed_Dataset/cdd-cesm/cdd-cesm_794.jpg,Malignant,cancer,273,val
cdd-cesm,Preprocessed_Dataset/cdd-cesm/cdd-cesm_795.jpg,Benign,non-cancer,274,train
cdd-cesm,Preprocessed_Dataset/cdd-cesm/cdd-cesm_796.jpg,Benign,non-cancer,274,train
cdd-cesm,Preprocessed_Dataset/cdd-cesm/cdd-cesm_797.jpg,Malignant,cancer,274,train
cdd-cesm,Preprocessed_Dataset/cdd-cesm/cdd-cesm_798.jpg,Malignant,cancer,274,train
cdd-cesm,Preprocessed_Dataset/cdd-cesm/cdd-cesm_799.jpg,Normal,non-cancer,275,train
cdd-cesm,Preprocessed_Dataset/cdd-cesm/cdd-cesm_800.jpg,Normal,non-cancer,275,train
cdd-cesm,Preprocessed_Dataset/cdd-cesm/cdd-cesm_801.jpg,Malignant,cancer,275,train
cdd-cesm,Preprocessed_Dataset/cdd-cesm/cdd-cesm_802.jpg,Malignant,cancer,275,train
cdd-cesm,Preprocessed_Dataset/cdd-cesm/cdd-cesm_803.jpg,Normal,non-cancer,276,val
cdd-cesm,Preprocessed_Dataset/cdd-cesm/cdd-cesm_804.jpg,Normal,non-cancer,276,val
cdd-cesm,Preprocessed_Dataset/cdd-cesm/cdd-cesm_805.jpg,Malignant,cancer,276,val
cdd-cesm,Preprocessed_Dataset/cdd-cesm/cdd-cesm_806.jpg,Malignant,cancer,276,val
cdd-cesm,Preprocessed_Dataset/cdd-cesm/cdd-cesm_807.jpg,Normal,non-cancer,277,val
cdd-cesm,Preprocessed_Dataset/cdd-cesm/cdd-cesm_808.jpg,Normal,non-cancer,277,val
cdd-cesm,Preprocessed_Dataset/cdd-cesm/cdd-cesm_809.jpg,Malignant,cancer,277,val
cdd-cesm,Preprocessed_Dataset/cdd-cesm/cdd-cesm_810.jpg,Malignant,cancer,277,val
cdd-cesm,Preprocessed_Dataset/cdd-cesm/cdd-cesm_811.jpg,Benign,non-cancer,278,train
cdd-cesm,Preprocessed_Dataset/cdd-cesm/cdd-cesm_812.jpg,Benign,non-cancer,278,train
cdd-cesm,Preprocessed_Dataset/cdd-cesm/cdd-cesm_813.jpg,Malignant,cancer,278,train
cdd-cesm,Preprocessed_Dataset/cdd-cesm/cdd-cesm_814.jpg,Malignant,cancer,278,train
cdd-cesm,Preprocessed_Dataset/cdd-cesm/cdd-cesm_815.jpg,Malignant,cancer,279,train
cdd-cesm,Preprocessed_Dataset/cdd-cesm/cdd-cesm_816.jpg,Malignant,cancer,279,train
cdd-cesm,Preprocessed_Dataset/cdd-cesm/cdd-cesm_817.jpg,Normal,non-cancer,279,train
cdd-cesm,Preprocessed_Dataset/cdd-cesm/cdd-cesm_818.jpg,Normal,non-cancer,279,train
cdd-cesm,Preprocessed_Dataset/cdd-cesm/cdd-cesm_819.jpg,Benign,non-cancer,280,val
cdd-cesm,Preprocessed_Dataset/cdd-cesm/cdd-cesm_820.jpg,Benign,non-cancer,280,val
cdd-cesm,Preprocessed_Dataset/cdd-cesm/cdd-cesm_821.jpg,Malignant,cancer,280,val
cdd-cesm,Preprocessed_Dataset/cdd-cesm/cdd-cesm_822.jpg,Malignant,cancer,280,val
cdd-cesm,Preprocessed_Dataset/cdd-cesm/cdd-cesm_823.jpg,Malignant,cancer,281,test
cdd-cesm,Preprocessed_Dataset/cdd-cesm/cdd-cesm_824.jpg,Malignant,cancer,281,test
cdd-cesm,Preprocessed_Dataset/cdd-cesm/cdd-cesm_825.jpg,Normal,non-cancer,281,test
cdd-cesm,Preprocessed_Dataset/cdd-cesm/cdd-cesm_826.jpg,Normal,non-cancer,281,test
cdd-cesm,Preprocessed_Dataset/cdd-cesm/cdd-cesm_827.jpg,Normal,non-cancer,281,test
cdd-cesm,Preprocessed_Dataset/cdd-cesm/cdd-cesm_828.jpg,Normal,non-cancer,282,test
cdd-cesm,Preprocessed_Dataset/cdd-cesm/cdd-cesm_829.jpg,Normal,non-cancer,282,test
cdd-cesm,Preprocessed_Dataset/cdd-cesm/cdd-cesm_830.jpg,Normal,non-cancer,282,test
cdd-cesm,Preprocessed_Dataset/cdd-cesm/cdd-cesm_831.jpg,Normal,non-cancer,282,test
cdd-cesm,Preprocessed_Dataset/cdd-cesm/cdd-cesm_832.jpg,Normal,non-cancer,283,test
cdd-cesm,Preprocessed_Dataset/cdd-cesm/cdd-cesm_833.jpg,Normal,non-cancer,283,test
cdd-cesm,Preprocessed_Dataset/cdd-cesm/cdd-cesm_834.jpg,Malignant,cancer,283,test
cdd-cesm,Preprocessed_Dataset/cdd-cesm/cdd-cesm_835.jpg,Malignant,cancer,283,test
cdd-cesm,Preprocessed_Dataset/cdd-cesm/cdd-cesm_836.jpg,Benign,non-cancer,284,train
cdd-cesm,Preprocessed_Dataset/cdd-cesm/cdd-cesm_837.jpg,Benign,non-cancer,284,train
cdd-cesm,Preprocessed_Dataset/cdd-cesm/cdd-cesm_838.jpg,Benign,non-cancer,284,train
cdd-cesm,Preprocessed_Dataset/cdd-cesm/cdd-cesm_839.jpg,Benign,non-cancer,284,train
cdd-cesm,Preprocessed_Dataset/cdd-cesm/cdd-cesm_840.jpg,Malignant,cancer,285,train
cdd-cesm,Preprocessed_Dataset/cdd-cesm/cdd-cesm_841.jpg,Malignant,cancer,285,train
cdd-cesm,Preprocessed_Dataset/cdd-cesm/cdd-cesm_842.jpg,Benign,non-cancer,285,train
cdd-cesm,Preprocessed_Dataset/cdd-cesm/cdd-cesm_843.jpg,Benign,non-cancer,285,train
cdd-cesm,Preprocessed_Dataset/cdd-cesm/cdd-cesm_844.jpg,Malignant,cancer,286,train
cdd-cesm,Preprocessed_Dataset/cdd-cesm/cdd-cesm_845.jpg,Malignant,cancer,286,train
cdd-cesm,Preprocessed_Dataset/cdd-cesm/cdd-cesm_846.jpg,Normal,non-cancer,286,train
cdd-cesm,Preprocessed_Dataset/cdd-cesm/cdd-cesm_847.jpg,Normal,non-cancer,286,train
cdd-cesm,Preprocessed_Dataset/cdd-cesm/cdd-cesm_848.jpg,Benign,non-cancer,287,val
cdd-cesm,Preprocessed_Dataset/cdd-cesm/cdd-cesm_849.jpg,Benign,non-cancer,287,val
cdd-cesm,Preprocessed_Dataset/cdd-cesm/cdd-cesm_850.jpg,Malignant,cancer,287,val
cdd-cesm,Preprocessed_Dataset/cdd-cesm/cdd-cesm_851.jpg,Malignant,cancer,287,val
cdd-cesm,Preprocessed_Dataset/cdd-cesm/cdd-cesm_852.jpg,Normal,non-cancer,288,train
cdd-cesm,Preprocessed_Dataset/cdd-cesm/cdd-cesm_853.jpg,Normal,non-cancer,288,train
cdd-cesm,Preprocessed_Dataset/cdd-cesm/cdd-cesm_854.jpg,Malignant,cancer,288,train
cdd-cesm,Preprocessed_Dataset/cdd-cesm/cdd-cesm_855.jpg,Malignant,cancer,288,train
cdd-cesm,Preprocessed_Dataset/cdd-cesm/cdd-cesm_856.jpg,Malignant,cancer,289,train
cdd-cesm,Preprocessed_Dataset/cdd-cesm/cdd-cesm_857.jpg,Malignant,cancer,289,train
cdd-cesm,Preprocessed_Dataset/cdd-cesm/cdd-cesm_858.jpg,Normal,non-cancer,289,train
cdd-cesm,Preprocessed_Dataset/cdd-cesm/cdd-cesm_859.jpg,Normal,non-cancer,289,train
cdd-cesm,Preprocessed_Dataset/cdd-cesm/cdd-cesm_860.jpg,Malignant,cancer,290,test
cdd-cesm,Preprocessed_Dataset/cdd-cesm/cdd-cesm_861.jpg,Malignant,cancer,290,test
cdd-cesm,Preprocessed_Dataset/cdd-cesm/cdd-cesm_862.jpg,Benign,non-cancer,290,test
cdd-cesm,Preprocessed_Dataset/cdd-cesm/cdd-cesm_863.jpg,Benign,non-cancer,290,test
cdd-cesm,Preprocessed_Dataset/cdd-cesm/cdd-cesm_864.jpg,Malignant,cancer,291,train
cdd-cesm,Preprocessed_Dataset/cdd-cesm/cdd-cesm_865.jpg,Malignant,cancer,291,train
cdd-cesm,Preprocessed_Dataset/cdd-cesm/cdd-cesm_866.jpg,Normal,non-cancer,291,train
cdd-cesm,Preprocessed_Dataset/cdd-cesm/cdd-cesm_867.jpg,Normal,non-cancer,291,train
cdd-cesm,Preprocessed_Dataset/cdd-cesm/cdd-cesm_868.jpg,Malignant,cancer,292,train
cdd-cesm,Preprocessed_Dataset/cdd-cesm/cdd-cesm_869.jpg,Malignant,cancer,292,train
cdd-cesm,Preprocessed_Dataset/cdd-cesm/cdd-cesm_870.jpg,Normal,non-cancer,292,train
cdd-cesm,Preprocessed_Dataset/cdd-cesm/cdd-cesm_871.jpg,Benign,non-cancer,292,train
cdd-cesm,Preprocessed_Dataset/cdd-cesm/cdd-cesm_872.jpg,Benign,non-cancer,293,train
cdd-cesm,Preprocessed_Dataset/cdd-cesm/cdd-cesm_873.jpg,Benign,non-cancer,293,train
cdd-cesm,Preprocessed_Dataset/cdd-cesm/cdd-cesm_874.jpg,Normal,non-cancer,293,train
cdd-cesm,Preprocessed_Dataset/cdd-cesm/cdd-cesm_875.jpg,Normal,non-cancer,293,train
cdd-cesm,Preprocessed_Dataset/cdd-cesm/cdd-cesm_876.jpg,Benign,non-cancer,294,val
cdd-cesm,Preprocessed_Dataset/cdd-cesm/cdd-cesm_877.jpg,Benign,non-cancer,294,val
cdd-cesm,Preprocessed_Dataset/cdd-cesm/cdd-cesm_878.jpg,Benign,non-cancer,295,train
cdd-cesm,Preprocessed_Dataset/cdd-cesm/cdd-cesm_879.jpg,Benign,non-cancer,295,train
cdd-cesm,Preprocessed_Dataset/cdd-cesm/cdd-cesm_880.jpg,Benign,non-cancer,295,train
cdd-cesm,Preprocessed_Dataset/cdd-cesm/cdd-cesm_881.jpg,Benign,non-cancer,295,train
cdd-cesm,Preprocessed_Dataset/cdd-cesm/cdd-cesm_882.jpg,Benign,non-cancer,296,val
cdd-cesm,Preprocessed_Dataset/cdd-cesm/cdd-cesm_883.jpg,Benign,non-cancer,296,val
cdd-cesm,Preprocessed_Dataset/cdd-cesm/cdd-cesm_884.jpg,Malignant,cancer,296,val
cdd-cesm,Preprocessed_Dataset/cdd-cesm/cdd-cesm_885.jpg,Malignant,cancer,296,val
cdd-cesm,Preprocessed_Dataset/cdd-cesm/cdd-cesm_886.jpg,Benign,non-cancer,297,train
cdd-cesm,Preprocessed_Dataset/cdd-cesm/cdd-cesm_887.jpg,Benign,non-cancer,297,train
cdd-cesm,Preprocessed_Dataset/cdd-cesm/cdd-cesm_888.jpg,Malignant,cancer,297,train
cdd-cesm,Preprocessed_Dataset/cdd-cesm/cdd-cesm_889.jpg,Malignant,cancer,297,train
cdd-cesm,Preprocessed_Dataset/cdd-cesm/cdd-cesm_890.jpg,Normal,non-cancer,298,train
cdd-cesm,Preprocessed_Dataset/cdd-cesm/cdd-cesm_891.jpg,Normal,non-cancer,298,train
cdd-cesm,Preprocessed_Dataset/cdd-cesm/cdd-cesm_892.jpg,Malignant,cancer,298,train
cdd-cesm,Preprocessed_Dataset/cdd-cesm/cdd-cesm_893.jpg,Malignant,cancer,298,train
cdd-cesm,Preprocessed_Dataset/cdd-cesm/cdd-cesm_894.jpg,Malignant,cancer,299,train
cdd-cesm,Preprocessed_Dataset/cdd-cesm/cdd-cesm_895.jpg,Malignant,cancer,299,train
cdd-cesm,Preprocessed_Dataset/cdd-cesm/cdd-cesm_896.jpg,Normal,non-cancer,299,train
cdd-cesm,Preprocessed_Dataset/cdd-cesm/cdd-cesm_897.jpg,Normal,non-cancer,299,train
cdd-cesm,Preprocessed_Dataset/cdd-cesm/cdd-cesm_898.jpg,Benign,non-cancer,300,train
cdd-cesm,Preprocessed_Dataset/cdd-cesm/cdd-cesm_899.jpg,Benign,non-cancer,300,train
cdd-cesm,Preprocessed_Dataset/cdd-cesm/cdd-cesm_900.jpg,Normal,non-cancer,300,train
cdd-cesm,Preprocessed_Dataset/cdd-cesm/cdd-cesm_901.jpg,Normal,non-cancer,300,train
cdd-cesm,Preprocessed_Dataset/cdd-cesm/cdd-cesm_902.jpg,Benign,non-cancer,301,train
cdd-cesm,Preprocessed_Dataset/cdd-cesm/cdd-cesm_903.jpg,Benign,non-cancer,301,train
cdd-cesm,Preprocessed_Dataset/cdd-cesm/cdd-cesm_904.jpg,Benign,non-cancer,301,train
cdd-cesm,Preprocessed_Dataset/cdd-cesm/cdd-cesm_905.jpg,Benign,non-cancer,301,train
cdd-cesm,Preprocessed_Dataset/cdd-cesm/cdd-cesm_906.jpg,Normal,non-cancer,302,train
cdd-cesm,Preprocessed_Dataset/cdd-cesm/cdd-cesm_907.jpg,Normal,non-cancer,302,train
cdd-cesm,Preprocessed_Dataset/cdd-cesm/cdd-cesm_908.jpg,Benign,non-cancer,302,train
cdd-cesm,Preprocessed_Dataset/cdd-cesm/cdd-cesm_909.jpg,Benign,non-cancer,302,train
cdd-cesm,Preprocessed_Dataset/cdd-cesm/cdd-cesm_910.jpg,Normal,non-cancer,303,test
cdd-cesm,Preprocessed_Dataset/cdd-cesm/cdd-cesm_911.jpg,Normal,non-cancer,303,test
cdd-cesm,Preprocessed_Dataset/cdd-cesm/cdd-cesm_912.jpg,Malignant,cancer,303,test
cdd-cesm,Preprocessed_Dataset/cdd-cesm/cdd-cesm_913.jpg,Malignant,cancer,303,test
cdd-cesm,Preprocessed_Dataset/cdd-cesm/cdd-cesm_914.jpg,Malignant,cancer,304,train
cdd-cesm,Preprocessed_Dataset/cdd-cesm/cdd-cesm_915.jpg,Malignant,cancer,304,train
cdd-cesm,Preprocessed_Dataset/cdd-cesm/cdd-cesm_916.jpg,Normal,non-cancer,304,train
cdd-cesm,Preprocessed_Dataset/cdd-cesm/cdd-cesm_917.jpg,Normal,non-cancer,304,train
cdd-cesm,Preprocessed_Dataset/cdd-cesm/cdd-cesm_918.jpg,Malignant,cancer,305,train
cdd-cesm,Preprocessed_Dataset/cdd-cesm/cdd-cesm_919.jpg,Malignant,cancer,305,train
cdd-cesm,Preprocessed_Dataset/cdd-cesm/cdd-cesm_920.jpg,Benign,non-cancer,305,train
cdd-cesm,Preprocessed_Dataset/cdd-cesm/cdd-cesm_921.jpg,Benign,non-cancer,305,train
cdd-cesm,Preprocessed_Dataset/cdd-cesm/cdd-cesm_922.jpg,Malignant,cancer,306,train
cdd-cesm,Preprocessed_Dataset/cdd-cesm/cdd-cesm_923.jpg,Malignant,cancer,306,train
cdd-cesm,Preprocessed_Dataset/cdd-cesm/cdd-cesm_924.jpg,Malignant,cancer,306,train
cdd-cesm,Preprocessed_Dataset/cdd-cesm/cdd-cesm_925.jpg,Malignant,cancer,306,train
cdd-cesm,Preprocessed_Dataset/cdd-cesm/cdd-cesm_926.jpg,Benign,non-cancer,307,train
cdd-cesm,Preprocessed_Dataset/cdd-cesm/cdd-cesm_927.jpg,Benign,non-cancer,307,train
cdd-cesm,Preprocessed_Dataset/cdd-cesm/cdd-cesm_928.jpg,Malignant,cancer,307,train
cdd-cesm,Preprocessed_Dataset/cdd-cesm/cdd-cesm_929.jpg,Malignant,cancer,307,train
cdd-cesm,Preprocessed_Dataset/cdd-cesm/cdd-cesm_930.jpg,Normal,non-cancer,308,train
cdd-cesm,Preprocessed_Dataset/cdd-cesm/cdd-cesm_931.jpg,Normal,non-cancer,308,train
cdd-cesm,Preprocessed_Dataset/cdd-cesm/cdd-cesm_932.jpg,Malignant,cancer,308,train
cdd-cesm,Preprocessed_Dataset/cdd-cesm/cdd-cesm_933.jpg,Malignant,cancer,308,train
cdd-cesm,Preprocessed_Dataset/cdd-cesm/cdd-cesm_934.jpg,Benign,non-cancer,309,train
cdd-cesm,Preprocessed_Dataset/cdd-cesm/cdd-cesm_935.jpg,Benign,non-cancer,309,train
cdd-cesm,Preprocessed_Dataset/cdd-cesm/cdd-cesm_936.jpg,Benign,non-cancer,309,train
cdd-cesm,Preprocessed_Dataset/cdd-cesm/cdd-cesm_937.jpg,Benign,non-cancer,309,train
cdd-cesm,Preprocessed_Dataset/cdd-cesm/cdd-cesm_938.jpg,Benign,non-cancer,310,train
cdd-cesm,Preprocessed_Dataset/cdd-cesm/cdd-cesm_939.jpg,Benign,non-cancer,310,train
cdd-cesm,Preprocessed_Dataset/cdd-cesm/cdd-cesm_940.jpg,Malignant,cancer,310,train
cdd-cesm,Preprocessed_Dataset/cdd-cesm/cdd-cesm_941.jpg,Malignant,cancer,310,train
cdd-cesm,Preprocessed_Dataset/cdd-cesm/cdd-cesm_942.jpg,Malignant,cancer,311,val
cdd-cesm,Preprocessed_Dataset/cdd-cesm/cdd-cesm_943.jpg,Malignant,cancer,311,val
cdd-cesm,Preprocessed_Dataset/cdd-cesm/cdd-cesm_944.jpg,Benign,non-cancer,311,val
cdd-cesm,Preprocessed_Dataset/cdd-cesm/cdd-cesm_945.jpg,Benign,non-cancer,311,val
cdd-cesm,Preprocessed_Dataset/cdd-cesm/cdd-cesm_946.jpg,Normal,non-cancer,312,val
cdd-cesm,Preprocessed_Dataset/cdd-cesm/cdd-cesm_947.jpg,Normal,non-cancer,312,val
cdd-cesm,Preprocessed_Dataset/cdd-cesm/cdd-cesm_948.jpg,Malignant,cancer,312,val
cdd-cesm,Preprocessed_Dataset/cdd-cesm/cdd-cesm_949.jpg,Malignant,cancer,312,val
cdd-cesm,Preprocessed_Dataset/cdd-cesm/cdd-cesm_950.jpg,Malignant,cancer,313,val
cdd-cesm,Preprocessed_Dataset/cdd-cesm/cdd-cesm_951.jpg,Malignant,cancer,313,val
cdd-cesm,Preprocessed_Dataset/cdd-cesm/cdd-cesm_952.jpg,Malignant,cancer,313,val
cdd-cesm,Preprocessed_Dataset/cdd-cesm/cdd-cesm_953.jpg,Malignant,cancer,313,val
cdd-cesm,Preprocessed_Dataset/cdd-cesm/cdd-cesm_954.jpg,Normal,non-cancer,314,train
cdd-cesm,Preprocessed_Dataset/cdd-cesm/cdd-cesm_955.jpg,Normal,non-cancer,314,train
cdd-cesm,Preprocessed_Dataset/cdd-cesm/cdd-cesm_956.jpg,Malignant,cancer,314,train
cdd-cesm,Preprocessed_Dataset/cdd-cesm/cdd-cesm_957.jpg,Malignant,cancer,314,train
cdd-cesm,Preprocessed_Dataset/cdd-cesm/cdd-cesm_958.jpg,Benign,non-cancer,315,train
cdd-cesm,Preprocessed_Dataset/cdd-cesm/cdd-cesm_959.jpg,Benign,non-cancer,315,train
cdd-cesm,Preprocessed_Dataset/cdd-cesm/cdd-cesm_960.jpg,Malignant,cancer,315,train
cdd-cesm,Preprocessed_Dataset/cdd-cesm/cdd-cesm_961.jpg,Malignant,cancer,315,train
cdd-cesm,Preprocessed_Dataset/cdd-cesm/cdd-cesm_962.jpg,Benign,non-cancer,316,train
cdd-cesm,Preprocessed_Dataset/cdd-cesm/cdd-cesm_963.jpg,Benign,non-cancer,316,train
cdd-cesm,Preprocessed_Dataset/cdd-cesm/cdd-cesm_964.jpg,Malignant,cancer,316,train
cdd-cesm,Preprocessed_Dataset/cdd-cesm/cdd-cesm_965.jpg,Malignant,cancer,316,train
cdd-cesm,Preprocessed_Dataset/cdd-cesm/cdd-cesm_966.jpg,Benign,non-cancer,317,train
cdd-cesm,Preprocessed_Dataset/cdd-cesm/cdd-cesm_967.jpg,Benign,non-cancer,317,train
cdd-cesm,Preprocessed_Dataset/cdd-cesm/cdd-cesm_968.jpg,Malignant,cancer,317,train
cdd-cesm,Preprocessed_Dataset/cdd-cesm/cdd-cesm_969.jpg,Malignant,cancer,317,train
cdd-cesm,Preprocessed_Dataset/cdd-cesm/cdd-cesm_970.jpg,Malignant,cancer,318,train
cdd-cesm,Preprocessed_Dataset/cdd-cesm/cdd-cesm_971.jpg,Malignant,cancer,318,train
cdd-cesm,Preprocessed_Dataset/cdd-cesm/cdd-cesm_972.jpg,Benign,non-cancer,318,train
cdd-cesm,Preprocessed_Dataset/cdd-cesm/cdd-cesm_973.jpg,Benign,non-cancer,318,train
cdd-cesm,Preprocessed_Dataset/cdd-cesm/cdd-cesm_974.jpg,Benign,non-cancer,319,train
cdd-cesm,Preprocessed_Dataset/cdd-cesm/cdd-cesm_975.jpg,Benign,non-cancer,319,train
cdd-cesm,Preprocessed_Dataset/cdd-cesm/cdd-cesm_976.jpg,Benign,non-cancer,319,train
cdd-cesm,Preprocessed_Dataset/cdd-cesm/cdd-cesm_977.jpg,Benign,non-cancer,319,train
cdd-cesm,Preprocessed_Dataset/cdd-cesm/cdd-cesm_978.jpg,Normal,non-cancer,320,train
cdd-cesm,Preprocessed_Dataset/cdd-cesm/cdd-cesm_979.jpg,Normal,non-cancer,320,train
cdd-cesm,Preprocessed_Dataset/cdd-cesm/cdd-cesm_980.jpg,Malignant,cancer,320,train
cdd-cesm,Preprocessed_Dataset/cdd-cesm/cdd-cesm_981.jpg,Malignant,cancer,320,train
cdd-cesm,Preprocessed_Dataset/cdd-cesm/cdd-cesm_982.jpg,Malignant,cancer,321,val
cdd-cesm,Preprocessed_Dataset/cdd-cesm/cdd-cesm_983.jpg,Malignant,cancer,321,val
cdd-cesm,Preprocessed_Dataset/cdd-cesm/cdd-cesm_984.jpg,Normal,non-cancer,322,train
cdd-cesm,Preprocessed_Dataset/cdd-cesm/cdd-cesm_985.jpg,Normal,non-cancer,322,train
cdd-cesm,Preprocessed_Dataset/cdd-cesm/cdd-cesm_986.jpg,Malignant,cancer,322,train
cdd-cesm,Preprocessed_Dataset/cdd-cesm/cdd-cesm_987.jpg,Malignant,cancer,322,train
cdd-cesm,Preprocessed_Dataset/cdd-cesm/cdd-cesm_988.jpg,Normal,non-cancer,323,train
cdd-cesm,Preprocessed_Dataset/cdd-cesm/cdd-cesm_989.jpg,Normal,non-cancer,323,train
cdd-cesm,Preprocessed_Dataset/cdd-cesm/cdd-cesm_990.jpg,Malignant,cancer,323,train
cdd-cesm,Preprocessed_Dataset/cdd-cesm/cdd-cesm_991.jpg,Malignant,cancer,323,train
cdd-cesm,Preprocessed_Dataset/cdd-cesm/cdd-cesm_992.jpg,Benign,non-cancer,324,train
cdd-cesm,Preprocessed_Dataset/cdd-cesm/cdd-cesm_993.jpg,Normal,non-cancer,324,train
cdd-cesm,Preprocessed_Dataset/cdd-cesm/cdd-cesm_994.jpg,Normal,non-cancer,324,train
cdd-cesm,Preprocessed_Dataset/cdd-cesm/cdd-cesm_995.jpg,Benign,non-cancer,325,train
cdd-cesm,Preprocessed_Dataset/cdd-cesm/cdd-cesm_996.jpg,Benign,non-cancer,325,train
cdd-cesm,Preprocessed_Dataset/cdd-cesm/cdd-cesm_997.jpg,Normal,non-cancer,325,train
cdd-cesm,Preprocessed_Dataset/cdd-cesm/cdd-cesm_998.jpg,Normal,non-cancer,325,train
cdd-cesm,Preprocessed_Dataset/cdd-cesm/cdd-cesm_999.jpg,Benign,non-cancer,326,train
cdd-cesm,Preprocessed_Dataset/cdd-cesm/cdd-cesm_1000.jpg,Benign,non-cancer,326,train
cdd-cesm,Preprocessed_Dataset/cdd-cesm/cdd-cesm_1001.jpg,Malignant,cancer,326,train
cdd-cesm,Preprocessed_Dataset/cdd-cesm/cdd-cesm_1002.jpg,Malignant,cancer,326,train
kau-bcmd,Preprocessed_Dataset/kau-bcmd/kau-bcmd_0.jpg,Benign,non-cancer,BC0022845,train
kau-bcmd,Preprocessed_Dataset/kau-bcmd/kau-bcmd_1.jpg,Benign,non-cancer,BC0026061,train
kau-bcmd,Preprocessed_Dataset/kau-bcmd/kau-bcmd_2.jpg,Benign,non-cancer,BC0026061,train
kau-bcmd,Preprocessed_Dataset/kau-bcmd/kau-bcmd_3.jpg,Benign,non-cancer,BC0026061,train
kau-bcmd,Preprocessed_Dataset/kau-bcmd/kau-bcmd_4.jpg,Benign,non-cancer,BC0026061,train
kau-bcmd,Preprocessed_Dataset/kau-bcmd/kau-bcmd_5.jpg,Normal,non-cancer,BC0025981,train
kau-bcmd,Preprocessed_Dataset/kau-bcmd/kau-bcmd_6.jpg,Normal,non-cancer,BC0025981,train
kau-bcmd,Preprocessed_Dataset/kau-bcmd/kau-bcmd_7.jpg,Normal,non-cancer,BC0025981,train
kau-bcmd,Preprocessed_Dataset/kau-bcmd/kau-bcmd_8.jpg,Normal,non-cancer,BC0025981,train
kau-bcmd,Preprocessed_Dataset/kau-bcmd/kau-bcmd_9.jpg,Benign,non-cancer,BC0026001,train
kau-bcmd,Preprocessed_Dataset/kau-bcmd/kau-bcmd_10.jpg,Benign,non-cancer,BC0026001,train
kau-bcmd,Preprocessed_Dataset/kau-bcmd/kau-bcmd_11.jpg,Benign,non-cancer,BC0026001,train
kau-bcmd,Preprocessed_Dataset/kau-bcmd/kau-bcmd_12.jpg,Benign,non-cancer,BC0026001,train
kau-bcmd,Preprocessed_Dataset/kau-bcmd/kau-bcmd_13.jpg,Normal,non-cancer,BC0022062,test
kau-bcmd,Preprocessed_Dataset/kau-bcmd/kau-bcmd_14.jpg,Normal,non-cancer,BC0022062,test
kau-bcmd,Preprocessed_Dataset/kau-bcmd/kau-bcmd_15.jpg,Normal,non-cancer,BC0022062,test
kau-bcmd,Preprocessed_Dataset/kau-bcmd/kau-bcmd_16.jpg,Normal,non-cancer,BC0022062,test
kau-bcmd,Preprocessed_Dataset/kau-bcmd/kau-bcmd_17.jpg,Normal,non-cancer,BC0022462,train
kau-bcmd,Preprocessed_Dataset/kau-bcmd/kau-bcmd_18.jpg,Normal,non-cancer,BC0022462,train
kau-bcmd,Preprocessed_Dataset/kau-bcmd/kau-bcmd_19.jpg,Normal,non-cancer,BC0022462,train
kau-bcmd,Preprocessed_Dataset/kau-bcmd/kau-bcmd_20.jpg,Normal,non-cancer,BC0022462,train
kau-bcmd,Preprocessed_Dataset/kau-bcmd/kau-bcmd_21.jpg,Normal,non-cancer,BC019741,train
kau-bcmd,Preprocessed_Dataset/kau-bcmd/kau-bcmd_22.jpg,Normal,non-cancer,BC019741,train
kau-bcmd,Preprocessed_Dataset/kau-bcmd/kau-bcmd_23.jpg,Normal,non-cancer,BC019741,train
kau-bcmd,Preprocessed_Dataset/kau-bcmd/kau-bcmd_24.jpg,Normal,non-cancer,BC019741,train
kau-bcmd,Preprocessed_Dataset/kau-bcmd/kau-bcmd_25.jpg,Normal,non-cancer,BC0025881,train
kau-bcmd,Preprocessed_Dataset/kau-bcmd/kau-bcmd_26.jpg,Normal,non-cancer,BC0025881,train
kau-bcmd,Preprocessed_Dataset/kau-bcmd/kau-bcmd_27.jpg,Normal,non-cancer,BC0025881,train
kau-bcmd,Preprocessed_Dataset/kau-bcmd/kau-bcmd_28.jpg,Normal,non-cancer,BC0025881,train
kau-bcmd,Preprocessed_Dataset/kau-bcmd/kau-bcmd_29.jpg,Normal,non-cancer,BC0022481,train
kau-bcmd,Preprocessed_Dataset/kau-bcmd/kau-bcmd_30.jpg,Normal,non-cancer,BC0022481,train
kau-bcmd,Preprocessed_Dataset/kau-bcmd/kau-bcmd_31.jpg,Normal,non-cancer,BC0022481,train
kau-bcmd,Preprocessed_Dataset/kau-bcmd/kau-bcmd_32.jpg,Normal,non-cancer,BC0022481,train
kau-bcmd,Preprocessed_Dataset/kau-bcmd/kau-bcmd_33.jpg,Normal,non-cancer,BC001101,train
kau-bcmd,Preprocessed_Dataset/kau-bcmd/kau-bcmd_34.jpg,Normal,non-cancer,BC001101,train
kau-bcmd,Preprocessed_Dataset/kau-bcmd/kau-bcmd_35.jpg,Normal,non-cancer,BC001101,train
kau-bcmd,Preprocessed_Dataset/kau-bcmd/kau-bcmd_36.jpg,Normal,non-cancer,BC001101,train
kau-bcmd,Preprocessed_Dataset/kau-bcmd/kau-bcmd_37.jpg,Normal,non-cancer,BC0022381,train
kau-bcmd,Preprocessed_Dataset/kau-bcmd/kau-bcmd_38.jpg,Normal,non-cancer,BC0022381,train
kau-bcmd,Preprocessed_Dataset/kau-bcmd/kau-bcmd_39.jpg,Normal,non-cancer,BC0022381,train
kau-bcmd,Preprocessed_Dataset/kau-bcmd/kau-bcmd_40.jpg,Normal,non-cancer,BC0022381,train
kau-bcmd,Preprocessed_Dataset/kau-bcmd/kau-bcmd_41.jpg,Normal,non-cancer,BC0022361,train
kau-bcmd,Preprocessed_Dataset/kau-bcmd/kau-bcmd_42.jpg,Normal,non-cancer,BC0022361,train
kau-bcmd,Preprocessed_Dataset/kau-bcmd/kau-bcmd_43.jpg,Normal,non-cancer,BC0022361,train
kau-bcmd,Preprocessed_Dataset/kau-bcmd/kau-bcmd_44.jpg,Normal,non-cancer,BC0022361,train
kau-bcmd,Preprocessed_Dataset/kau-bcmd/kau-bcmd_45.jpg,Normal,non-cancer,BC0022341,train
kau-bcmd,Preprocessed_Dataset/kau-bcmd/kau-bcmd_46.jpg,Normal,non-cancer,BC0022341,train
kau-bcmd,Preprocessed_Dataset/kau-bcmd/kau-bcmd_47.jpg,Normal,non-cancer,BC0022341,train
kau-bcmd,Preprocessed_Dataset/kau-bcmd/kau-bcmd_48.jpg,Normal,non-cancer,BC0022341,train
kau-bcmd,Preprocessed_Dataset/kau-bcmd/kau-bcmd_49.jpg,Normal,non-cancer,BC0025761,train
kau-bcmd,Preprocessed_Dataset/kau-bcmd/kau-bcmd_50.jpg,Normal,non-cancer,BC0025761,train
kau-bcmd,Preprocessed_Dataset/kau-bcmd/kau-bcmd_51.jpg,Normal,non-cancer,BC0025761,train
kau-bcmd,Preprocessed_Dataset/kau-bcmd/kau-bcmd_52.jpg,Normal,non-cancer,BC0025761,train
kau-bcmd,Preprocessed_Dataset/kau-bcmd/kau-bcmd_53.jpg,Benign,non-cancer,BC014002,train
kau-bcmd,Preprocessed_Dataset/kau-bcmd/kau-bcmd_54.jpg,Benign,non-cancer,BC014002,train
kau-bcmd,Preprocessed_Dataset/kau-bcmd/kau-bcmd_55.jpg,Benign,non-cancer,BC014002,train
kau-bcmd,Preprocessed_Dataset/kau-bcmd/kau-bcmd_56.jpg,Benign,non-cancer,BC014002,train
kau-bcmd,Preprocessed_Dataset/kau-bcmd/kau-bcmd_57.jpg,Normal,non-cancer,BC017021,train
kau-bcmd,Preprocessed_Dataset/kau-bcmd/kau-bcmd_58.jpg,Normal,non-cancer,BC017021,train
kau-bcmd,Preprocessed_Dataset/kau-bcmd/kau-bcmd_59.jpg,Normal,non-cancer,BC017021,train
kau-bcmd,Preprocessed_Dataset/kau-bcmd/kau-bcmd_60.jpg,Normal,non-cancer,BC017021,train
kau-bcmd,Preprocessed_Dataset/kau-bcmd/kau-bcmd_61.jpg,Normal,non-cancer,BC0025721,train
kau-bcmd,Preprocessed_Dataset/kau-bcmd/kau-bcmd_62.jpg,Normal,non-cancer,BC0025721,train
kau-bcmd,Preprocessed_Dataset/kau-bcmd/kau-bcmd_63.jpg,Normal,non-cancer,BC0025721,train
kau-bcmd,Preprocessed_Dataset/kau-bcmd/kau-bcmd_64.jpg,Normal,non-cancer,BC0025721,train
kau-bcmd,Preprocessed_Dataset/kau-bcmd/kau-bcmd_65.jpg,Normal,non-cancer,BC0022033,train
kau-bcmd,Preprocessed_Dataset/kau-bcmd/kau-bcmd_66.jpg,Normal,non-cancer,BC0022033,train
kau-bcmd,Preprocessed_Dataset/kau-bcmd/kau-bcmd_67.jpg,Normal,non-cancer,BC0022033,train
kau-bcmd,Preprocessed_Dataset/kau-bcmd/kau-bcmd_68.jpg,Normal,non-cancer,BC0022033,train
kau-bcmd,Preprocessed_Dataset/kau-bcmd/kau-bcmd_69.jpg,Normal,non-cancer,BC0025641,val
kau-bcmd,Preprocessed_Dataset/kau-bcmd/kau-bcmd_70.jpg,Normal,non-cancer,BC0025641,val
kau-bcmd,Preprocessed_Dataset/kau-bcmd/kau-bcmd_71.jpg,Normal,non-cancer,BC0025641,val
kau-bcmd,Preprocessed_Dataset/kau-bcmd/kau-bcmd_72.jpg,Normal,non-cancer,BC0025641,val
kau-bcmd,Preprocessed_Dataset/kau-bcmd/kau-bcmd_73.jpg,Normal,non-cancer,BC0025642,train
kau-bcmd,Preprocessed_Dataset/kau-bcmd/kau-bcmd_74.jpg,Normal,non-cancer,BC0025642,train
kau-bcmd,Preprocessed_Dataset/kau-bcmd/kau-bcmd_75.jpg,Normal,non-cancer,BC0025642,train
kau-bcmd,Preprocessed_Dataset/kau-bcmd/kau-bcmd_76.jpg,Normal,non-cancer,BC0025642,train
kau-bcmd,Preprocessed_Dataset/kau-bcmd/kau-bcmd_77.jpg,Benign,non-cancer,BC0025583,test
kau-bcmd,Preprocessed_Dataset/kau-bcmd/kau-bcmd_78.jpg,Benign,non-cancer,BC0025583,test
kau-bcmd,Preprocessed_Dataset/kau-bcmd/kau-bcmd_79.jpg,Benign,non-cancer,BC0025583,test
kau-bcmd,Preprocessed_Dataset/kau-bcmd/kau-bcmd_80.jpg,Benign,non-cancer,BC0025583,test
kau-bcmd,Preprocessed_Dataset/kau-bcmd/kau-bcmd_81.jpg,Benign,non-cancer,BC015825,val
kau-bcmd,Preprocessed_Dataset/kau-bcmd/kau-bcmd_82.jpg,Benign,non-cancer,BC015825,val
kau-bcmd,Preprocessed_Dataset/kau-bcmd/kau-bcmd_83.jpg,Benign,non-cancer,BC015825,val
kau-bcmd,Preprocessed_Dataset/kau-bcmd/kau-bcmd_84.jpg,Benign,non-cancer,BC015825,val
kau-bcmd,Preprocessed_Dataset/kau-bcmd/kau-bcmd_85.jpg,Normal,non-cancer,BC0025542,train
kau-bcmd,Preprocessed_Dataset/kau-bcmd/kau-bcmd_86.jpg,Normal,non-cancer,BC0025542,train
kau-bcmd,Preprocessed_Dataset/kau-bcmd/kau-bcmd_87.jpg,Normal,non-cancer,BC0025542,train
kau-bcmd,Preprocessed_Dataset/kau-bcmd/kau-bcmd_88.jpg,Normal,non-cancer,BC0025542,train
kau-bcmd,Preprocessed_Dataset/kau-bcmd/kau-bcmd_89.jpg,Normal,non-cancer,BC0021962,train
kau-bcmd,Preprocessed_Dataset/kau-bcmd/kau-bcmd_90.jpg,Normal,non-cancer,BC0021962,train
kau-bcmd,Preprocessed_Dataset/kau-bcmd/kau-bcmd_91.jpg,Normal,non-cancer,BC0021962,train
kau-bcmd,Preprocessed_Dataset/kau-bcmd/kau-bcmd_92.jpg,Normal,non-cancer,BC0021962,train
kau-bcmd,Preprocessed_Dataset/kau-bcmd/kau-bcmd_93.jpg,Normal,non-cancer,BC0021922,train
kau-bcmd,Preprocessed_Dataset/kau-bcmd/kau-bcmd_94.jpg,Normal,non-cancer,BC0021922,train
kau-bcmd,Preprocessed_Dataset/kau-bcmd/kau-bcmd_95.jpg,Normal,non-cancer,BC0021922,train
kau-bcmd,Preprocessed_Dataset/kau-bcmd/kau-bcmd_96.jpg,Normal,non-cancer,BC0021922,train
kau-bcmd,Preprocessed_Dataset/kau-bcmd/kau-bcmd_97.jpg,Normal,non-cancer,BC0025481,test
kau-bcmd,Preprocessed_Dataset/kau-bcmd/kau-bcmd_98.jpg,Normal,non-cancer,BC0025481,test
kau-bcmd,Preprocessed_Dataset/kau-bcmd/kau-bcmd_99.jpg,Normal,non-cancer,BC0025481,test
kau-bcmd,Preprocessed_Dataset/kau-bcmd/kau-bcmd_100.jpg,Normal,non-cancer,BC0025481,test
kau-bcmd,Preprocessed_Dataset/kau-bcmd/kau-bcmd_101.jpg,Benign,non-cancer,BC015722,test
kau-bcmd,Preprocessed_Dataset/kau-bcmd/kau-bcmd_102.jpg,Benign,non-cancer,BC015722,test
kau-bcmd,Preprocessed_Dataset/kau-bcmd/kau-bcmd_103.jpg,Benign,non-cancer,BC015722,test
kau-bcmd,Preprocessed_Dataset/kau-bcmd/kau-bcmd_104.jpg,Benign,non-cancer,BC015722,test
kau-bcmd,Preprocessed_Dataset/kau-bcmd/kau-bcmd_105.jpg,Normal,non-cancer,BC000465,train
kau-bcmd,Preprocessed_Dataset/kau-bcmd/kau-bcmd_106.jpg,Normal,non-cancer,BC000465,train
kau-bcmd,Preprocessed_Dataset/kau-bcmd/kau-bcmd_107.jpg,Normal,non-cancer,BC000465,train
kau-bcmd,Preprocessed_Dataset/kau-bcmd/kau-bcmd_108.jpg,Normal,non-cancer,BC000465,train
kau-bcmd,Preprocessed_Dataset/kau-bcmd/kau-bcmd_109.jpg,Normal,non-cancer,BC017944,train
kau-bcmd,Preprocessed_Dataset/kau-bcmd/kau-bcmd_110.jpg,Normal,non-cancer,BC017944,train
kau-bcmd,Preprocessed_Dataset/kau-bcmd/kau-bcmd_111.jpg,Normal,non-cancer,BC017944,train
kau-bcmd,Preprocessed_Dataset/kau-bcmd/kau-bcmd_112.jpg,Normal,non-cancer,BC017944,train
kau-bcmd,Preprocessed_Dataset/kau-bcmd/kau-bcmd_113.jpg,Normal,non-cancer,BC0021821,train
kau-bcmd,Preprocessed_Dataset/kau-bcmd/kau-bcmd_114.jpg,Normal,non-cancer,BC0021821,train
kau-bcmd,Preprocessed_Dataset/kau-bcmd/kau-bcmd_115.jpg,Normal,non-cancer,BC0021821,train
kau-bcmd,Preprocessed_Dataset/kau-bcmd/kau-bcmd_116.jpg,Normal,non-cancer,BC0021821,train
kau-bcmd,Preprocessed_Dataset/kau-bcmd/kau-bcmd_117.jpg,Benign,non-cancer,BC0025381,val
kau-bcmd,Preprocessed_Dataset/kau-bcmd/kau-bcmd_118.jpg,Benign,non-cancer,BC0025381,val
kau-bcmd,Preprocessed_Dataset/kau-bcmd/kau-bcmd_119.jpg,Benign,non-cancer,BC0025381,val
kau-bcmd,Preprocessed_Dataset/kau-bcmd/kau-bcmd_120.jpg,Benign,non-cancer,BC0025381,val
kau-bcmd,Preprocessed_Dataset/kau-bcmd/kau-bcmd_121.jpg,Normal,non-cancer,BC0025361,train
kau-bcmd,Preprocessed_Dataset/kau-bcmd/kau-bcmd_122.jpg,Normal,non-cancer,BC0025361,train
kau-bcmd,Preprocessed_Dataset/kau-bcmd/kau-bcmd_123.jpg,Normal,non-cancer,BC0025349,train
kau-bcmd,Preprocessed_Dataset/kau-bcmd/kau-bcmd_124.jpg,Normal,non-cancer,BC0025349,train
kau-bcmd,Preprocessed_Dataset/kau-bcmd/kau-bcmd_125.jpg,Normal,non-cancer,BC0025349,train
kau-bcmd,Preprocessed_Dataset/kau-bcmd/kau-bcmd_126.jpg,Normal,non-cancer,BC0025349,train
kau-bcmd,Preprocessed_Dataset/kau-bcmd/kau-bcmd_127.jpg,Normal,non-cancer,BC0025281,train
kau-bcmd,Preprocessed_Dataset/kau-bcmd/kau-bcmd_128.jpg,Normal,non-cancer,BC0025281,train
kau-bcmd,Preprocessed_Dataset/kau-bcmd/kau-bcmd_129.jpg,Normal,non-cancer,BC0025281,train
kau-bcmd,Preprocessed_Dataset/kau-bcmd/kau-bcmd_130.jpg,Normal,non-cancer,BC0025281,train
kau-bcmd,Preprocessed_Dataset/kau-bcmd/kau-bcmd_131.jpg,Normal,non-cancer,BC0021581,val
kau-bcmd,Preprocessed_Dataset/kau-bcmd/kau-bcmd_132.jpg,Normal,non-cancer,BC0021581,val
kau-bcmd,Preprocessed_Dataset/kau-bcmd/kau-bcmd_133.jpg,Normal,non-cancer,BC0021581,val
kau-bcmd,Preprocessed_Dataset/kau-bcmd/kau-bcmd_134.jpg,Normal,non-cancer,BC0021581,val
kau-bcmd,Preprocessed_Dataset/kau-bcmd/kau-bcmd_135.jpg,Normal,non-cancer,BC0021747,val
kau-bcmd,Preprocessed_Dataset/kau-bcmd/kau-bcmd_136.jpg,Normal,non-cancer,BC0021747,val
kau-bcmd,Preprocessed_Dataset/kau-bcmd/kau-bcmd_137.jpg,Normal,non-cancer,BC0021747,val
kau-bcmd,Preprocessed_Dataset/kau-bcmd/kau-bcmd_138.jpg,Normal,non-cancer,BC0021747,val
kau-bcmd,Preprocessed_Dataset/kau-bcmd/kau-bcmd_139.jpg,Suspicious Malignant,cancer,BC0021728,test
kau-bcmd,Preprocessed_Dataset/kau-bcmd/kau-bcmd_140.jpg,Suspicious Malignant,cancer,BC0021728,test
kau-bcmd,Preprocessed_Dataset/kau-bcmd/kau-bcmd_141.jpg,Suspicious Malignant,cancer,BC0021728,test
kau-bcmd,Preprocessed_Dataset/kau-bcmd/kau-bcmd_142.jpg,Suspicious Malignant,cancer,BC0021728,test
kau-bcmd,Preprocessed_Dataset/kau-bcmd/kau-bcmd_143.jpg,Normal,non-cancer,BC0021662,train
kau-bcmd,Preprocessed_Dataset/kau-bcmd/kau-bcmd_144.jpg,Normal,non-cancer,BC0021662,train
kau-bcmd,Preprocessed_Dataset/kau-bcmd/kau-bcmd_145.jpg,Normal,non-cancer,BC0021662,train
kau-bcmd,Preprocessed_Dataset/kau-bcmd/kau-bcmd_146.jpg,Normal,non-cancer,BC0021662,train
kau-bcmd,Preprocessed_Dataset/kau-bcmd/kau-bcmd_147.jpg,Benign,non-cancer,BC0025182,train
kau-bcmd,Preprocessed_Dataset/kau-bcmd/kau-bcmd_148.jpg,Normal,non-cancer,BC0025202,train
kau-bcmd,Preprocessed_Dataset/kau-bcmd/kau-bcmd_149.jpg,Normal,non-cancer,BC0025202,train
kau-bcmd,Preprocessed_Dataset/kau-bcmd/kau-bcmd_150.jpg,Normal,non-cancer,BC0025202,train
kau-bcmd,Preprocessed_Dataset/kau-bcmd/kau-bcmd_151.jpg,Normal,non-cancer,BC0025202,train
kau-bcmd,Preprocessed_Dataset/kau-bcmd/kau-bcmd_152.jpg,Normal,non-cancer,BC004102,train
kau-bcmd,Preprocessed_Dataset/kau-bcmd/kau-bcmd_153.jpg,Normal,non-cancer,BC004102,train
kau-bcmd,Preprocessed_Dataset/kau-bcmd/kau-bcmd_154.jpg,Normal,non-cancer,BC004102,train
kau-bcmd,Preprocessed_Dataset/kau-bcmd/kau-bcmd_155.jpg,Normal,non-cancer,BC004102,train
kau-bcmd,Preprocessed_Dataset/kau-bcmd/kau-bcmd_156.jpg,Normal,non-cancer,BC0021641,test
kau-bcmd,Preprocessed_Dataset/kau-bcmd/kau-bcmd_157.jpg,Normal,non-cancer,BC0021641,test
kau-bcmd,Preprocessed_Dataset/kau-bcmd/kau-bcmd_158.jpg,Normal,non-cancer,BC009041,val
kau-bcmd,Preprocessed_Dataset/kau-bcmd/kau-bcmd_159.jpg,Normal,non-cancer,BC009041,val
kau-bcmd,Preprocessed_Dataset/kau-bcmd/kau-bcmd_160.jpg,Normal,non-cancer,BC009041,val
kau-bcmd,Preprocessed_Dataset/kau-bcmd/kau-bcmd_161.jpg,Normal,non-cancer,BC009041,val
kau-bcmd,Preprocessed_Dataset/kau-bcmd/kau-bcmd_162.jpg,Normal,non-cancer,BC0025081,test
kau-bcmd,Preprocessed_Dataset/kau-bcmd/kau-bcmd_163.jpg,Normal,non-cancer,BC0025081,test
kau-bcmd,Preprocessed_Dataset/kau-bcmd/kau-bcmd_164.jpg,Normal,non-cancer,BC0025081,test
kau-bcmd,Preprocessed_Dataset/kau-bcmd/kau-bcmd_165.jpg,Normal,non-cancer,BC0025081,test
kau-bcmd,Preprocessed_Dataset/kau-bcmd/kau-bcmd_166.jpg,Normal,non-cancer,BC0025084,train
kau-bcmd,Preprocessed_Dataset/kau-bcmd/kau-bcmd_167.jpg,Normal,non-cancer,BC0025084,train
kau-bcmd,Preprocessed_Dataset/kau-bcmd/kau-bcmd_168.jpg,Normal,non-cancer,BC0025084,train
kau-bcmd,Preprocessed_Dataset/kau-bcmd/kau-bcmd_169.jpg,Normal,non-cancer,BC0025084,train
kau-bcmd,Preprocessed_Dataset/kau-bcmd/kau-bcmd_170.jpg,Normal,non-cancer,BC0025083,train
kau-bcmd,Preprocessed_Dataset/kau-bcmd/kau-bcmd_171.jpg,Normal,non-cancer,BC0025083,train
kau-bcmd,Preprocessed_Dataset/kau-bcmd/kau-bcmd_172.jpg,Normal,non-cancer,BC0025083,train
kau-bcmd,Preprocessed_Dataset/kau-bcmd/kau-bcmd_173.jpg,Normal,non-cancer,BC0025083,train
kau-bcmd,Preprocessed_Dataset/kau-bcmd/kau-bcmd_174.jpg,Normal,non-cancer,BC0021401,test
kau-bcmd,Preprocessed_Dataset/kau-bcmd/kau-bcmd_175.jpg,Normal,non-cancer,BC0021401,test
kau-bcmd,Preprocessed_Dataset/kau-bcmd/kau-bcmd_176.jpg,Normal,non-cancer,BC0021401,test
kau-bcmd,Preprocessed_Dataset/kau-bcmd/kau-bcmd_177.jpg,Normal,non-cancer,BC0021401,test
kau-bcmd,Preprocessed_Dataset/kau-bcmd/kau-bcmd_178.jpg,Normal,non-cancer,BC0024983,train
kau-bcmd,Preprocessed_Dataset/kau-bcmd/kau-bcmd_179.jpg,Normal,non-cancer,BC0024983,train
kau-bcmd,Preprocessed_Dataset/kau-bcmd/kau-bcmd_180.jpg,Normal,non-cancer,BC0024983,train
kau-bcmd,Preprocessed_Dataset/kau-bcmd/kau-bcmd_181.jpg,Normal,non-cancer,BC0024983,train
kau-bcmd,Preprocessed_Dataset/kau-bcmd/kau-bcmd_182.jpg,Normal,non-cancer,BC018121,train
kau-bcmd,Preprocessed_Dataset/kau-bcmd/kau-bcmd_183.jpg,Normal,non-cancer,BC018121,train
kau-bcmd,Preprocessed_Dataset/kau-bcmd/kau-bcmd_184.jpg,Normal,non-cancer,BC018121,train
kau-bcmd,Preprocessed_Dataset/kau-bcmd/kau-bcmd_185.jpg,Normal,non-cancer,BC018121,train
kau-bcmd,Preprocessed_Dataset/kau-bcmd/kau-bcmd_186.jpg,Normal,non-cancer,BC0021181,train
kau-bcmd,Preprocessed_Dataset/kau-bcmd/kau-bcmd_187.jpg,Normal,non-cancer,BC0021181,train
kau-bcmd,Preprocessed_Dataset/kau-bcmd/kau-bcmd_188.jpg,Normal,non-cancer,BC0021181,train
kau-bcmd,Preprocessed_Dataset/kau-bcmd/kau-bcmd_189.jpg,Normal,non-cancer,BC0021181,train
kau-bcmd,Preprocessed_Dataset/kau-bcmd/kau-bcmd_190.jpg,Normal,non-cancer,BC000741,train
kau-bcmd,Preprocessed_Dataset/kau-bcmd/kau-bcmd_191.jpg,Normal,non-cancer,BC000741,train
kau-bcmd,Preprocessed_Dataset/kau-bcmd/kau-bcmd_192.jpg,Normal,non-cancer,BC000741,train
kau-bcmd,Preprocessed_Dataset/kau-bcmd/kau-bcmd_193.jpg,Normal,non-cancer,BC000741,train
kau-bcmd,Preprocessed_Dataset/kau-bcmd/kau-bcmd_194.jpg,Suspicious Malignant,cancer,BC0025041,test
kau-bcmd,Preprocessed_Dataset/kau-bcmd/kau-bcmd_195.jpg,Suspicious Malignant,cancer,BC0025041,test
kau-bcmd,Preprocessed_Dataset/kau-bcmd/kau-bcmd_196.jpg,Suspicious Malignant,cancer,BC0025041,test
kau-bcmd,Preprocessed_Dataset/kau-bcmd/kau-bcmd_197.jpg,Suspicious Malignant,cancer,BC0025041,test
kau-bcmd,Preprocessed_Dataset/kau-bcmd/kau-bcmd_198.jpg,Normal,non-cancer,BC0021442,train
kau-bcmd,Preprocessed_Dataset/kau-bcmd/kau-bcmd_199.jpg,Normal,non-cancer,BC0021442,train
kau-bcmd,Preprocessed_Dataset/kau-bcmd/kau-bcmd_200.jpg,Normal,non-cancer,BC0021442,train
kau-bcmd,Preprocessed_Dataset/kau-bcmd/kau-bcmd_201.jpg,Normal,non-cancer,BC0021442,train
kau-bcmd,Preprocessed_Dataset/kau-bcmd/kau-bcmd_202.jpg,Normal,non-cancer,BC016561,train
kau-bcmd,Preprocessed_Dataset/kau-bcmd/kau-bcmd_203.jpg,Normal,non-cancer,BC016561,train
kau-bcmd,Preprocessed_Dataset/kau-bcmd/kau-bcmd_204.jpg,Normal,non-cancer,BC016561,train
kau-bcmd,Preprocessed_Dataset/kau-bcmd/kau-bcmd_205.jpg,Normal,non-cancer,BC016561,train
kau-bcmd,Preprocessed_Dataset/kau-bcmd/kau-bcmd_206.jpg,Normal,non-cancer,BC0021421,train
kau-bcmd,Preprocessed_Dataset/kau-bcmd/kau-bcmd_207.jpg,Normal,non-cancer,BC0021421,train
kau-bcmd,Preprocessed_Dataset/kau-bcmd/kau-bcmd_208.jpg,Normal,non-cancer,BC0021421,train
kau-bcmd,Preprocessed_Dataset/kau-bcmd/kau-bcmd_209.jpg,Normal,non-cancer,BC0021421,train
kau-bcmd,Preprocessed_Dataset/kau-bcmd/kau-bcmd_210.jpg,Normal,non-cancer,BC012521,train
kau-bcmd,Preprocessed_Dataset/kau-bcmd/kau-bcmd_211.jpg,Normal,non-cancer,BC012521,train
kau-bcmd,Preprocessed_Dataset/kau-bcmd/kau-bcmd_212.jpg,Normal,non-cancer,BC012521,train
kau-bcmd,Preprocessed_Dataset/kau-bcmd/kau-bcmd_213.jpg,Normal,non-cancer,BC012521,train
kau-bcmd,Preprocessed_Dataset/kau-bcmd/kau-bcmd_214.jpg,Normal,non-cancer,BC0024921,train
kau-bcmd,Preprocessed_Dataset/kau-bcmd/kau-bcmd_215.jpg,Normal,non-cancer,BC0024921,train
kau-bcmd,Preprocessed_Dataset/kau-bcmd/kau-bcmd_216.jpg,Normal,non-cancer,BC0024921,train
kau-bcmd,Preprocessed_Dataset/kau-bcmd/kau-bcmd_217.jpg,Normal,non-cancer,BC015743,train
kau-bcmd,Preprocessed_Dataset/kau-bcmd/kau-bcmd_218.jpg,Normal,non-cancer,BC015743,train
kau-bcmd,Preprocessed_Dataset/kau-bcmd/kau-bcmd_219.jpg,Normal,non-cancer,BC015743,train
kau-bcmd,Preprocessed_Dataset/kau-bcmd/kau-bcmd_220.jpg,Normal,non-cancer,BC015743,train
kau-bcmd,Preprocessed_Dataset/kau-bcmd/kau-bcmd_221.jpg,Normal,non-cancer,BC0024901,val
kau-bcmd,Preprocessed_Dataset/kau-bcmd/kau-bcmd_222.jpg,Normal,non-cancer,BC0024901,val
kau-bcmd,Preprocessed_Dataset/kau-bcmd/kau-bcmd_223.jpg,Normal,non-cancer,BC0024901,val
kau-bcmd,Preprocessed_Dataset/kau-bcmd/kau-bcmd_224.jpg,Normal,non-cancer,BC0024901,val
kau-bcmd,Preprocessed_Dataset/kau-bcmd/kau-bcmd_225.jpg,Normal,non-cancer,BC0024841,train
kau-bcmd,Preprocessed_Dataset/kau-bcmd/kau-bcmd_226.jpg,Normal,non-cancer,BC0024841,train
kau-bcmd,Preprocessed_Dataset/kau-bcmd/kau-bcmd_227.jpg,Normal,non-cancer,BC0024841,train
kau-bcmd,Preprocessed_Dataset/kau-bcmd/kau-bcmd_228.jpg,Normal,non-cancer,BC0024841,train
kau-bcmd,Preprocessed_Dataset/kau-bcmd/kau-bcmd_229.jpg,Normal,non-cancer,BC0024763,train
kau-bcmd,Preprocessed_Dataset/kau-bcmd/kau-bcmd_230.jpg,Normal,non-cancer,BC0024763,train
kau-bcmd,Preprocessed_Dataset/kau-bcmd/kau-bcmd_231.jpg,Malignant,cancer,BC0024763,train
kau-bcmd,Preprocessed_Dataset/kau-bcmd/kau-bcmd_232.jpg,Malignant,cancer,BC0024763,train
kau-bcmd,Preprocessed_Dataset/kau-bcmd/kau-bcmd_233.jpg,Normal,non-cancer,BC0024721,train
kau-bcmd,Preprocessed_Dataset/kau-bcmd/kau-bcmd_234.jpg,Normal,non-cancer,BC0024721,train
kau-bcmd,Preprocessed_Dataset/kau-bcmd/kau-bcmd_235.jpg,Normal,non-cancer,BC0024721,train
kau-bcmd,Preprocessed_Dataset/kau-bcmd/kau-bcmd_236.jpg,Normal,non-cancer,BC0024721,train
kau-bcmd,Preprocessed_Dataset/kau-bcmd/kau-bcmd_237.jpg,Normal,non-cancer,BC014181,train
kau-bcmd,Preprocessed_Dataset/kau-bcmd/kau-bcmd_238.jpg,Normal,non-cancer,BC014181,train
kau-bcmd,Preprocessed_Dataset/kau-bcmd/kau-bcmd_239.jpg,Normal,non-cancer,BC014181,train
kau-bcmd,Preprocessed_Dataset/kau-bcmd/kau-bcmd_240.jpg,Normal,non-cancer,BC014181,train
kau-bcmd,Preprocessed_Dataset/kau-bcmd/kau-bcmd_241.jpg,Normal,non-cancer,BC0024703,val
kau-bcmd,Preprocessed_Dataset/kau-bcmd/kau-bcmd_242.jpg,Normal,non-cancer,BC0024703,val
kau-bcmd,Preprocessed_Dataset/kau-bcmd/kau-bcmd_243.jpg,Normal,non-cancer,BC0024703,val
kau-bcmd,Preprocessed_Dataset/kau-bcmd/kau-bcmd_244.jpg,Normal,non-cancer,BC0024703,val
kau-bcmd,Preprocessed_Dataset/kau-bcmd/kau-bcmd_245.jpg,Normal,non-cancer,BC019102,train
kau-bcmd,Preprocessed_Dataset/kau-bcmd/kau-bcmd_246.jpg,Normal,non-cancer,BC019102,train
kau-bcmd,Preprocessed_Dataset/kau-bcmd/kau-bcmd_247.jpg,Normal,non-cancer,BC019102,train
kau-bcmd,Preprocessed_Dataset/kau-bcmd/kau-bcmd_248.jpg,Normal,non-cancer,BC019102,train
kau-bcmd,Preprocessed_Dataset/kau-bcmd/kau-bcmd_249.jpg,Benign,non-cancer,BC0024704,test
kau-bcmd,Preprocessed_Dataset/kau-bcmd/kau-bcmd_250.jpg,Benign,non-cancer,BC0024704,test
kau-bcmd,Preprocessed_Dataset/kau-bcmd/kau-bcmd_251.jpg,Benign,non-cancer,BC0024704,test
kau-bcmd,Preprocessed_Dataset/kau-bcmd/kau-bcmd_252.jpg,Benign,non-cancer,BC0024704,test
kau-bcmd,Preprocessed_Dataset/kau-bcmd/kau-bcmd_253.jpg,Normal,non-cancer,BC003301,train
kau-bcmd,Preprocessed_Dataset/kau-bcmd/kau-bcmd_254.jpg,Normal,non-cancer,BC003301,train
kau-bcmd,Preprocessed_Dataset/kau-bcmd/kau-bcmd_255.jpg,Normal,non-cancer,BC003301,train
kau-bcmd,Preprocessed_Dataset/kau-bcmd/kau-bcmd_256.jpg,Normal,non-cancer,BC003301,train
kau-bcmd,Preprocessed_Dataset/kau-bcmd/kau-bcmd_257.jpg,Normal,non-cancer,BC014481,train
kau-bcmd,Preprocessed_Dataset/kau-bcmd/kau-bcmd_258.jpg,Normal,non-cancer,BC014481,train
kau-bcmd,Preprocessed_Dataset/kau-bcmd/kau-bcmd_259.jpg,Normal,non-cancer,BC014481,train
kau-bcmd,Preprocessed_Dataset/kau-bcmd/kau-bcmd_260.jpg,Normal,non-cancer,BC014481,train
kau-bcmd,Preprocessed_Dataset/kau-bcmd/kau-bcmd_261.jpg,Normal,non-cancer,BC0024641,val
kau-bcmd,Preprocessed_Dataset/kau-bcmd/kau-bcmd_262.jpg,Normal,non-cancer,BC0024641,val
kau-bcmd,Preprocessed_Dataset/kau-bcmd/kau-bcmd_263.jpg,Normal,non-cancer,BC0024641,val
kau-bcmd,Preprocessed_Dataset/kau-bcmd/kau-bcmd_264.jpg,Normal,non-cancer,BC0024641,val
kau-bcmd,Preprocessed_Dataset/kau-bcmd/kau-bcmd_265.jpg,Benign,non-cancer,BC0024463,train
kau-bcmd,Preprocessed_Dataset/kau-bcmd/kau-bcmd_266.jpg,Normal,non-cancer,BC003201,val
kau-bcmd,Preprocessed_Dataset/kau-bcmd/kau-bcmd_267.jpg,Normal,non-cancer,BC003201,val
kau-bcmd,Preprocessed_Dataset/kau-bcmd/kau-bcmd_268.jpg,Normal,non-cancer,BC003201,val
kau-bcmd,Preprocessed_Dataset/kau-bcmd/kau-bcmd_269.jpg,Normal,non-cancer,BC003201,val
kau-bcmd,Preprocessed_Dataset/kau-bcmd/kau-bcmd_270.jpg,Normal,non-cancer,BC009804,train
kau-bcmd,Preprocessed_Dataset/kau-bcmd/kau-bcmd_271.jpg,Normal,non-cancer,BC009804,train
kau-bcmd,Preprocessed_Dataset/kau-bcmd/kau-bcmd_272.jpg,Normal,non-cancer,BC009804,train
kau-bcmd,Preprocessed_Dataset/kau-bcmd/kau-bcmd_273.jpg,Normal,non-cancer,BC009804,train
kau-bcmd,Preprocessed_Dataset/kau-bcmd/kau-bcmd_274.jpg,Normal,non-cancer,BC017301,train
kau-bcmd,Preprocessed_Dataset/kau-bcmd/kau-bcmd_275.jpg,Normal,non-cancer,BC017301,train
kau-bcmd,Preprocessed_Dataset/kau-bcmd/kau-bcmd_276.jpg,Normal,non-cancer,BC017301,train
kau-bcmd,Preprocessed_Dataset/kau-bcmd/kau-bcmd_277.jpg,Normal,non-cancer,BC017301,train
kau-bcmd,Preprocessed_Dataset/kau-bcmd/kau-bcmd_278.jpg,Normal,non-cancer,BC017241,train
kau-bcmd,Preprocessed_Dataset/kau-bcmd/kau-bcmd_279.jpg,Normal,non-cancer,BC017241,train
kau-bcmd,Preprocessed_Dataset/kau-bcmd/kau-bcmd_280.jpg,Normal,non-cancer,BC017241,train
kau-bcmd,Preprocessed_Dataset/kau-bcmd/kau-bcmd_281.jpg,Normal,non-cancer,BC017241,train
kau-bcmd,Preprocessed_Dataset/kau-bcmd/kau-bcmd_282.jpg,Suspicious Malignant,cancer,BC0024581,val
kau-bcmd,Preprocessed_Dataset/kau-bcmd/kau-bcmd_283.jpg,Suspicious Malignant,cancer,BC0024581,val
kau-bcmd,Preprocessed_Dataset/kau-bcmd/kau-bcmd_284.jpg,Suspicious Malignant,cancer,BC0024581,val
kau-bcmd,Preprocessed_Dataset/kau-bcmd/kau-bcmd_285.jpg,Suspicious Malignant,cancer,BC0024581,val
kau-bcmd,Preprocessed_Dataset/kau-bcmd/kau-bcmd_286.jpg,Benign,non-cancer,BC017261,test
kau-bcmd,Preprocessed_Dataset/kau-bcmd/kau-bcmd_287.jpg,Benign,non-cancer,BC017261,test
kau-bcmd,Preprocessed_Dataset/kau-bcmd/kau-bcmd_288.jpg,Benign,non-cancer,BC017261,test
kau-bcmd,Preprocessed_Dataset/kau-bcmd/kau-bcmd_289.jpg,Benign,non-cancer,BC017261,test
kau-bcmd,Preprocessed_Dataset/kau-bcmd/kau-bcmd_290.jpg,Benign,non-cancer,BC014021,test
kau-bcmd,Preprocessed_Dataset/kau-bcmd/kau-bcmd_291.jpg,Benign,non-cancer,BC014021,test
kau-bcmd,Preprocessed_Dataset/kau-bcmd/kau-bcmd_292.jpg,Benign,non-cancer,BC014021,test
kau-bcmd,Preprocessed_Dataset/kau-bcmd/kau-bcmd_293.jpg,Benign,non-cancer,BC014021,test
kau-bcmd,Preprocessed_Dataset/kau-bcmd/kau-bcmd_294.jpg,Normal,non-cancer,BC017221,train
kau-bcmd,Preprocessed_Dataset/kau-bcmd/kau-bcmd_295.jpg,Normal,non-cancer,BC017221,train
kau-bcmd,Preprocessed_Dataset/kau-bcmd/kau-bcmd_296.jpg,Normal,non-cancer,BC017221,train
kau-bcmd,Preprocessed_Dataset/kau-bcmd/kau-bcmd_297.jpg,Normal,non-cancer,BC017221,train
kau-bcmd,Preprocessed_Dataset/kau-bcmd/kau-bcmd_298.jpg,Normal,non-cancer,BC003026,test
kau-bcmd,Preprocessed_Dataset/kau-bcmd/kau-bcmd_299.jpg,Normal,non-cancer,BC003026,test
kau-bcmd,Preprocessed_Dataset/kau-bcmd/kau-bcmd_300.jpg,Normal,non-cancer,BC003026,test
kau-bcmd,Preprocessed_Dataset/kau-bcmd/kau-bcmd_301.jpg,Normal,non-cancer,BC003026,test
kau-bcmd,Preprocessed_Dataset/kau-bcmd/kau-bcmd_302.jpg,Normal,non-cancer,BC0024521,train
kau-bcmd,Preprocessed_Dataset/kau-bcmd/kau-bcmd_303.jpg,Normal,non-cancer,BC0024521,train
kau-bcmd,Preprocessed_Dataset/kau-bcmd/kau-bcmd_304.jpg,Normal,non-cancer,BC0024521,train
kau-bcmd,Preprocessed_Dataset/kau-bcmd/kau-bcmd_305.jpg,Normal,non-cancer,BC0024521,train
kau-bcmd,Preprocessed_Dataset/kau-bcmd/kau-bcmd_306.jpg,Normal,non-cancer,BC000601,test
kau-bcmd,Preprocessed_Dataset/kau-bcmd/kau-bcmd_307.jpg,Normal,non-cancer,BC000601,test
kau-bcmd,Preprocessed_Dataset/kau-bcmd/kau-bcmd_308.jpg,Normal,non-cancer,BC000601,test
kau-bcmd,Preprocessed_Dataset/kau-bcmd/kau-bcmd_309.jpg,Normal,non-cancer,BC000601,test
kau-bcmd,Preprocessed_Dataset/kau-bcmd/kau-bcmd_310.jpg,Normal,non-cancer,BC010261,train
kau-bcmd,Preprocessed_Dataset/kau-bcmd/kau-bcmd_311.jpg,Normal,non-cancer,BC010261,train
kau-bcmd,Preprocessed_Dataset/kau-bcmd/kau-bcmd_312.jpg,Normal,non-cancer,BC010261,train
kau-bcmd,Preprocessed_Dataset/kau-bcmd/kau-bcmd_313.jpg,Normal,non-cancer,BC010261,train
kau-bcmd,Preprocessed_Dataset/kau-bcmd/kau-bcmd_314.jpg,Normal,non-cancer,BC014585,val
kau-bcmd,Preprocessed_Dataset/kau-bcmd/kau-bcmd_315.jpg,Normal,non-cancer,BC014585,val
kau-bcmd,Preprocessed_Dataset/kau-bcmd/kau-bcmd_316.jpg,Normal,non-cancer,BC014585,val
kau-bcmd,Preprocessed_Dataset/kau-bcmd/kau-bcmd_317.jpg,Normal,non-cancer,BC014585,val
kau-bcmd,Preprocessed_Dataset/kau-bcmd/kau-bcmd_318.jpg,Normal,non-cancer,BC0024242,test
kau-bcmd,Preprocessed_Dataset/kau-bcmd/kau-bcmd_319.jpg,Normal,non-cancer,BC0024242,test
kau-bcmd,Preprocessed_Dataset/kau-bcmd/kau-bcmd_320.jpg,Normal,non-cancer,BC0024242,test
kau-bcmd,Preprocessed_Dataset/kau-bcmd/kau-bcmd_321.jpg,Normal,non-cancer,BC0024242,test
kau-bcmd,Preprocessed_Dataset/kau-bcmd/kau-bcmd_322.jpg,Normal,non-cancer,BC0024222,train
kau-bcmd,Preprocessed_Dataset/kau-bcmd/kau-bcmd_323.jpg,Normal,non-cancer,BC0024222,train
kau-bcmd,Preprocessed_Dataset/kau-bcmd/kau-bcmd_324.jpg,Normal,non-cancer,BC0024222,train
kau-bcmd,Preprocessed_Dataset/kau-bcmd/kau-bcmd_325.jpg,Normal,non-cancer,BC0024222,train
kau-bcmd,Preprocessed_Dataset/kau-bcmd/kau-bcmd_326.jpg,Normal,non-cancer,BC005781,train
kau-bcmd,Preprocessed_Dataset/kau-bcmd/kau-bcmd_327.jpg,Normal,non-cancer,BC005781,train
kau-bcmd,Preprocessed_Dataset/kau-bcmd/kau-bcmd_328.jpg,Normal,non-cancer,BC005781,train
kau-bcmd,Preprocessed_Dataset/kau-bcmd/kau-bcmd_329.jpg,Normal,non-cancer,BC005781,train
kau-bcmd,Preprocessed_Dataset/kau-bcmd/kau-bcmd_330.jpg,Normal,non-cancer,BC0020742,val
kau-bcmd,Preprocessed_Dataset/kau-bcmd/kau-bcmd_331.jpg,Normal,non-cancer,BC0020742,val
kau-bcmd,Preprocessed_Dataset/kau-bcmd/kau-bcmd_332.jpg,Normal,non-cancer,BC0020742,val
kau-bcmd,Preprocessed_Dataset/kau-bcmd/kau-bcmd_333.jpg,Normal,non-cancer,BC0020742,val
kau-bcmd,Preprocessed_Dataset/kau-bcmd/kau-bcmd_334.jpg,Normal,non-cancer,BC0024101,train
kau-bcmd,Preprocessed_Dataset/kau-bcmd/kau-bcmd_335.jpg,Normal,non-cancer,BC0024101,train
kau-bcmd,Preprocessed_Dataset/kau-bcmd/kau-bcmd_336.jpg,Normal,non-cancer,BC0024101,train
kau-bcmd,Preprocessed_Dataset/kau-bcmd/kau-bcmd_337.jpg,Normal,non-cancer,BC0024101,train
kau-bcmd,Preprocessed_Dataset/kau-bcmd/kau-bcmd_338.jpg,Normal,non-cancer,BC0024063,train
kau-bcmd,Preprocessed_Dataset/kau-bcmd/kau-bcmd_339.jpg,Normal,non-cancer,BC0024063,train
kau-bcmd,Preprocessed_Dataset/kau-bcmd/kau-bcmd_340.jpg,Normal,non-cancer,BC0024063,train
kau-bcmd,Preprocessed_Dataset/kau-bcmd/kau-bcmd_341.jpg,Normal,non-cancer,BC0024063,train
kau-bcmd,Preprocessed_Dataset/kau-bcmd/kau-bcmd_342.jpg,Normal,non-cancer,BC0024062,val
kau-bcmd,Preprocessed_Dataset/kau-bcmd/kau-bcmd_343.jpg,Normal,non-cancer,BC0024062,val
kau-bcmd,Preprocessed_Dataset/kau-bcmd/kau-bcmd_344.jpg,Normal,non-cancer,BC0024062,val
kau-bcmd,Preprocessed_Dataset/kau-bcmd/kau-bcmd_345.jpg,Normal,non-cancer,BC0024062,val
kau-bcmd,Preprocessed_Dataset/kau-bcmd/kau-bcmd_346.jpg,Benign,non-cancer,BC0024022,val
kau-bcmd,Preprocessed_Dataset/kau-bcmd/kau-bcmd_347.jpg,Benign,non-cancer,BC0024022,val
kau-bcmd,Preprocessed_Dataset/kau-bcmd/kau-bcmd_348.jpg,Benign,non-cancer,BC0024022,val
kau-bcmd,Preprocessed_Dataset/kau-bcmd/kau-bcmd_349.jpg,Benign,non-cancer,BC0024022,val
kau-bcmd,Preprocessed_Dataset/kau-bcmd/kau-bcmd_350.jpg,Normal,non-cancer,BC010161,val
kau-bcmd,Preprocessed_Dataset/kau-bcmd/kau-bcmd_351.jpg,Normal,non-cancer,BC010161,val
kau-bcmd,Preprocessed_Dataset/kau-bcmd/kau-bcmd_352.jpg,Normal,non-cancer,BC010161,val
kau-bcmd,Preprocessed_Dataset/kau-bcmd/kau-bcmd_353.jpg,Normal,non-cancer,BC010161,val
kau-bcmd,Preprocessed_Dataset/kau-bcmd/kau-bcmd_354.jpg,Normal,non-cancer,BC0023887,train
kau-bcmd,Preprocessed_Dataset/kau-bcmd/kau-bcmd_355.jpg,Normal,non-cancer,BC0023887,train
kau-bcmd,Preprocessed_Dataset/kau-bcmd/kau-bcmd_356.jpg,Normal,non-cancer,BC0023887,train
kau-bcmd,Preprocessed_Dataset/kau-bcmd/kau-bcmd_357.jpg,Normal,non-cancer,BC0023887,train
kau-bcmd,Preprocessed_Dataset/kau-bcmd/kau-bcmd_358.jpg,Normal,non-cancer,BC0023889,train
kau-bcmd,Preprocessed_Dataset/kau-bcmd/kau-bcmd_359.jpg,Normal,non-cancer,BC0023889,train
kau-bcmd,Preprocessed_Dataset/kau-bcmd/kau-bcmd_360.jpg,Normal,non-cancer,BC0023889,train
kau-bcmd,Preprocessed_Dataset/kau-bcmd/kau-bcmd_361.jpg,Normal,non-cancer,BC0023889,train
kau-bcmd,Preprocessed_Dataset/kau-bcmd/kau-bcmd_362.jpg,Normal,non-cancer,BC0023901,val
kau-bcmd,Preprocessed_Dataset/kau-bcmd/kau-bcmd_363.jpg,Normal,non-cancer,BC0023901,val
kau-bcmd,Preprocessed_Dataset/kau-bcmd/kau-bcmd_364.jpg,Normal,non-cancer,BC0023901,val
kau-bcmd,Preprocessed_Dataset/kau-bcmd/kau-bcmd_365.jpg,Normal,non-cancer,BC0023901,val
kau-bcmd,Preprocessed_Dataset/kau-bcmd/kau-bcmd_366.jpg,Normal,non-cancer,BC0023801,val
kau-bcmd,Preprocessed_Dataset/kau-bcmd/kau-bcmd_367.jpg,Normal,non-cancer,BC0023801,val
kau-bcmd,Preprocessed_Dataset/kau-bcmd/kau-bcmd_368.jpg,Normal,non-cancer,BC0023801,val
kau-bcmd,Preprocessed_Dataset/kau-bcmd/kau-bcmd_369.jpg,Normal,non-cancer,BC0023801,val
kau-bcmd,Preprocessed_Dataset/kau-bcmd/kau-bcmd_370.jpg,Normal,non-cancer,BC0020301,train
kau-bcmd,Preprocessed_Dataset/kau-bcmd/kau-bcmd_371.jpg,Normal,non-cancer,BC0020301,train
kau-bcmd,Preprocessed_Dataset/kau-bcmd/kau-bcmd_372.jpg,Normal,non-cancer,BC0020301,train
kau-bcmd,Preprocessed_Dataset/kau-bcmd/kau-bcmd_373.jpg,Normal,non-cancer,BC0020301,train
kau-bcmd,Preprocessed_Dataset/kau-bcmd/kau-bcmd_374.jpg,Normal,non-cancer,BC0023783,train
kau-bcmd,Preprocessed_Dataset/kau-bcmd/kau-bcmd_375.jpg,Normal,non-cancer,BC0023783,train
kau-bcmd,Preprocessed_Dataset/kau-bcmd/kau-bcmd_376.jpg,Normal,non-cancer,BC0023783,train
kau-bcmd,Preprocessed_Dataset/kau-bcmd/kau-bcmd_377.jpg,Normal,non-cancer,BC0023783,train
kau-bcmd,Preprocessed_Dataset/kau-bcmd/kau-bcmd_378.jpg,Normal,non-cancer,BC008703,test
kau-bcmd,Preprocessed_Dataset/kau-bcmd/kau-bcmd_379.jpg,Normal,non-cancer,BC008703,test
kau-bcmd,Preprocessed_Dataset/kau-bcmd/kau-bcmd_380.jpg,Normal,non-cancer,BC008703,test
kau-bcmd,Preprocessed_Dataset/kau-bcmd/kau-bcmd_381.jpg,Normal,non-cancer,BC008703,test
kau-bcmd,Preprocessed_Dataset/kau-bcmd/kau-bcmd_382.jpg,Normal,non-cancer,BC019701,train
kau-bcmd,Preprocessed_Dataset/kau-bcmd/kau-bcmd_383.jpg,Normal,non-cancer,BC019701,train
kau-bcmd,Preprocessed_Dataset/kau-bcmd/kau-bcmd_384.jpg,Normal,non-cancer,BC019701,train
kau-bcmd,Preprocessed_Dataset/kau-bcmd/kau-bcmd_385.jpg,Normal,non-cancer,BC019701,train
kau-bcmd,Preprocessed_Dataset/kau-bcmd/kau-bcmd_386.jpg,Normal,non-cancer,BC0020241,train
kau-bcmd,Preprocessed_Dataset/kau-bcmd/kau-bcmd_387.jpg,Normal,non-cancer,BC0020241,train
kau-bcmd,Preprocessed_Dataset/kau-bcmd/kau-bcmd_388.jpg,Normal,non-cancer,BC0020241,train
kau-bcmd,Preprocessed_Dataset/kau-bcmd/kau-bcmd_389.jpg,Normal,non-cancer,BC0020241,train
kau-bcmd,Preprocessed_Dataset/kau-bcmd/kau-bcmd_390.jpg,Normal,non-cancer,BC0023742,train
kau-bcmd,Preprocessed_Dataset/kau-bcmd/kau-bcmd_391.jpg,Normal,non-cancer,BC0023742,train
kau-bcmd,Preprocessed_Dataset/kau-bcmd/kau-bcmd_392.jpg,Normal,non-cancer,BC0023742,train
kau-bcmd,Preprocessed_Dataset/kau-bcmd/kau-bcmd_393.jpg,Normal,non-cancer,BC0023742,train
kau-bcmd,Preprocessed_Dataset/kau-bcmd/kau-bcmd_394.jpg,Normal,non-cancer,BC0023704,train
kau-bcmd,Preprocessed_Dataset/kau-bcmd/kau-bcmd_395.jpg,Normal,non-cancer,BC0023704,train
kau-bcmd,Preprocessed_Dataset/kau-bcmd/kau-bcmd_396.jpg,Normal,non-cancer,BC0023704,train
kau-bcmd,Preprocessed_Dataset/kau-bcmd/kau-bcmd_397.jpg,Normal,non-cancer,BC0023704,train
kau-bcmd,Preprocessed_Dataset/kau-bcmd/kau-bcmd_398.jpg,Normal,non-cancer,BC014765,val
kau-bcmd,Preprocessed_Dataset/kau-bcmd/kau-bcmd_399.jpg,Normal,non-cancer,BC014765,val
kau-bcmd,Preprocessed_Dataset/kau-bcmd/kau-bcmd_400.jpg,Normal,non-cancer,BC014765,val
kau-bcmd,Preprocessed_Dataset/kau-bcmd/kau-bcmd_401.jpg,Normal,non-cancer,BC014765,val
kau-bcmd,Preprocessed_Dataset/kau-bcmd/kau-bcmd_402.jpg,Benign,non-cancer,BC0020302,train
kau-bcmd,Preprocessed_Dataset/kau-bcmd/kau-bcmd_403.jpg,Benign,non-cancer,BC0020302,train
kau-bcmd,Preprocessed_Dataset/kau-bcmd/kau-bcmd_404.jpg,Benign,non-cancer,BC0020302,train
kau-bcmd,Preprocessed_Dataset/kau-bcmd/kau-bcmd_405.jpg,Benign,non-cancer,BC0020302,train
kau-bcmd,Preprocessed_Dataset/kau-bcmd/kau-bcmd_406.jpg,Normal,non-cancer,BC0023641,train
kau-bcmd,Preprocessed_Dataset/kau-bcmd/kau-bcmd_407.jpg,Normal,non-cancer,BC0023641,train
kau-bcmd,Preprocessed_Dataset/kau-bcmd/kau-bcmd_408.jpg,Normal,non-cancer,BC0023641,train
kau-bcmd,Preprocessed_Dataset/kau-bcmd/kau-bcmd_409.jpg,Normal,non-cancer,BC0023641,train
kau-bcmd,Preprocessed_Dataset/kau-bcmd/kau-bcmd_410.jpg,Normal,non-cancer,BC003842,train
kau-bcmd,Preprocessed_Dataset/kau-bcmd/kau-bcmd_411.jpg,Normal,non-cancer,BC003842,train
kau-bcmd,Preprocessed_Dataset/kau-bcmd/kau-bcmd_412.jpg,Normal,non-cancer,BC003842,train
kau-bcmd,Preprocessed_Dataset/kau-bcmd/kau-bcmd_413.jpg,Normal,non-cancer,BC003842,train
kau-bcmd,Preprocessed_Dataset/kau-bcmd/kau-bcmd_414.jpg,Normal,non-cancer,BC001806,train
kau-bcmd,Preprocessed_Dataset/kau-bcmd/kau-bcmd_415.jpg,Normal,non-cancer,BC001806,train
kau-bcmd,Preprocessed_Dataset/kau-bcmd/kau-bcmd_416.jpg,Normal,non-cancer,BC001806,train
kau-bcmd,Preprocessed_Dataset/kau-bcmd/kau-bcmd_417.jpg,Normal,non-cancer,BC001806,train
kau-bcmd,Preprocessed_Dataset/kau-bcmd/kau-bcmd_418.jpg,Normal,non-cancer,BC001805,train
kau-bcmd,Preprocessed_Dataset/kau-bcmd/kau-bcmd_419.jpg,Normal,non-cancer,BC001805,train
kau-bcmd,Preprocessed_Dataset/kau-bcmd/kau-bcmd_420.jpg,Normal,non-cancer,BC001805,train
kau-bcmd,Preprocessed_Dataset/kau-bcmd/kau-bcmd_421.jpg,Normal,non-cancer,BC001805,train
kau-bcmd,Preprocessed_Dataset/kau-bcmd/kau-bcmd_422.jpg,Normal,non-cancer,BC0023582,train
kau-bcmd,Preprocessed_Dataset/kau-bcmd/kau-bcmd_423.jpg,Normal,non-cancer,BC0023582,train
kau-bcmd,Preprocessed_Dataset/kau-bcmd/kau-bcmd_424.jpg,Normal,non-cancer,BC0023582,train
kau-bcmd,Preprocessed_Dataset/kau-bcmd/kau-bcmd_425.jpg,Normal,non-cancer,BC0023582,train
kau-bcmd,Preprocessed_Dataset/kau-bcmd/kau-bcmd_426.jpg,Normal,non-cancer,BC0023583,train
kau-bcmd,Preprocessed_Dataset/kau-bcmd/kau-bcmd_427.jpg,Normal,non-cancer,BC0023583,train
kau-bcmd,Preprocessed_Dataset/kau-bcmd/kau-bcmd_428.jpg,Normal,non-cancer,BC0023583,train
kau-bcmd,Preprocessed_Dataset/kau-bcmd/kau-bcmd_429.jpg,Normal,non-cancer,BC0023583,train
kau-bcmd,Preprocessed_Dataset/kau-bcmd/kau-bcmd_430.jpg,Normal,non-cancer,BC001804,train
kau-bcmd,Preprocessed_Dataset/kau-bcmd/kau-bcmd_431.jpg,Normal,non-cancer,BC001804,train
kau-bcmd,Preprocessed_Dataset/kau-bcmd/kau-bcmd_432.jpg,Normal,non-cancer,BC001804,train
kau-bcmd,Preprocessed_Dataset/kau-bcmd/kau-bcmd_433.jpg,Normal,non-cancer,BC001804,train
kau-bcmd,Preprocessed_Dataset/kau-bcmd/kau-bcmd_434.jpg,Normal,non-cancer,BC0020161,test
kau-bcmd,Preprocessed_Dataset/kau-bcmd/kau-bcmd_435.jpg,Normal,non-cancer,BC0020161,test
kau-bcmd,Preprocessed_Dataset/kau-bcmd/kau-bcmd_436.jpg,Normal,non-cancer,BC0020161,test
kau-bcmd,Preprocessed_Dataset/kau-bcmd/kau-bcmd_437.jpg,Normal,non-cancer,BC0020161,test
kau-bcmd,Preprocessed_Dataset/kau-bcmd/kau-bcmd_438.jpg,Normal,non-cancer,BC0023603,train
kau-bcmd,Preprocessed_Dataset/kau-bcmd/kau-bcmd_439.jpg,Normal,non-cancer,BC0023603,train
kau-bcmd,Preprocessed_Dataset/kau-bcmd/kau-bcmd_440.jpg,Normal,non-cancer,BC0023603,train
kau-bcmd,Preprocessed_Dataset/kau-bcmd/kau-bcmd_441.jpg,Normal,non-cancer,BC0023603,train
kau-bcmd,Preprocessed_Dataset/kau-bcmd/kau-bcmd_442.jpg,Normal,non-cancer,BC0023561,train
kau-bcmd,Preprocessed_Dataset/kau-bcmd/kau-bcmd_443.jpg,Normal,non-cancer,BC0023561,train
kau-bcmd,Preprocessed_Dataset/kau-bcmd/kau-bcmd_444.jpg,Normal,non-cancer,BC0023561,train
kau-bcmd,Preprocessed_Dataset/kau-bcmd/kau-bcmd_445.jpg,Normal,non-cancer,BC0023561,train
kau-bcmd,Preprocessed_Dataset/kau-bcmd/kau-bcmd_446.jpg,Normal,non-cancer,BC019901,train
kau-bcmd,Preprocessed_Dataset/kau-bcmd/kau-bcmd_447.jpg,Normal,non-cancer,BC019901,train
kau-bcmd,Preprocessed_Dataset/kau-bcmd/kau-bcmd_448.jpg,Normal,non-cancer,BC019901,train
kau-bcmd,Preprocessed_Dataset/kau-bcmd/kau-bcmd_449.jpg,Normal,non-cancer,BC019901,train
kau-bcmd,Preprocessed_Dataset/kau-bcmd/kau-bcmd_450.jpg,Normal,non-cancer,BC0023521,train
kau-bcmd,Preprocessed_Dataset/kau-bcmd/kau-bcmd_451.jpg,Normal,non-cancer,BC0023521,train
kau-bcmd,Preprocessed_Dataset/kau-bcmd/kau-bcmd_452.jpg,Normal,non-cancer,BC0023521,train
kau-bcmd,Preprocessed_Dataset/kau-bcmd/kau-bcmd_453.jpg,Normal,non-cancer,BC0023521,train
kau-bcmd,Preprocessed_Dataset/kau-bcmd/kau-bcmd_454.jpg,Normal,non-cancer,BC0023481,train
kau-bcmd,Preprocessed_Dataset/kau-bcmd/kau-bcmd_455.jpg,Normal,non-cancer,BC0023481,train
kau-bcmd,Preprocessed_Dataset/kau-bcmd/kau-bcmd_456.jpg,Normal,non-cancer,BC0023481,train
kau-bcmd,Preprocessed_Dataset/kau-bcmd/kau-bcmd_457.jpg,Normal,non-cancer,BC0023481,train
kau-bcmd,Preprocessed_Dataset/kau-bcmd/kau-bcmd_458.jpg,Normal,non-cancer,BC0023421,train
kau-bcmd,Preprocessed_Dataset/kau-bcmd/kau-bcmd_459.jpg,Normal,non-cancer,BC0023421,train
kau-bcmd,Preprocessed_Dataset/kau-bcmd/kau-bcmd_460.jpg,Normal,non-cancer,BC0023421,train
kau-bcmd,Preprocessed_Dataset/kau-bcmd/kau-bcmd_461.jpg,Normal,non-cancer,BC0023421,train
kau-bcmd,Preprocessed_Dataset/kau-bcmd/kau-bcmd_462.jpg,Normal,non-cancer,BC0023485,train
kau-bcmd,Preprocessed_Dataset/kau-bcmd/kau-bcmd_463.jpg,Normal,non-cancer,BC0023485,train
kau-bcmd,Preprocessed_Dataset/kau-bcmd/kau-bcmd_464.jpg,Normal,non-cancer,BC0023485,train
kau-bcmd,Preprocessed_Dataset/kau-bcmd/kau-bcmd_465.jpg,Normal,non-cancer,BC0023485,train
kau-bcmd,Preprocessed_Dataset/kau-bcmd/kau-bcmd_466.jpg,Normal,non-cancer,BC019481,train
kau-bcmd,Preprocessed_Dataset/kau-bcmd/kau-bcmd_467.jpg,Normal,non-cancer,BC019481,train
kau-bcmd,Preprocessed_Dataset/kau-bcmd/kau-bcmd_468.jpg,Normal,non-cancer,BC019481,train
kau-bcmd,Preprocessed_Dataset/kau-bcmd/kau-bcmd_469.jpg,Normal,non-cancer,BC019481,train
kau-bcmd,Preprocessed_Dataset/kau-bcmd/kau-bcmd_470.jpg,Normal,non-cancer,BC0023341,train
kau-bcmd,Preprocessed_Dataset/kau-bcmd/kau-bcmd_471.jpg,Normal,non-cancer,BC0023341,train
kau-bcmd,Preprocessed_Dataset/kau-bcmd/kau-bcmd_472.jpg,Normal,non-cancer,BC0023341,train
kau-bcmd,Preprocessed_Dataset/kau-bcmd/kau-bcmd_473.jpg,Normal,non-cancer,BC0023341,train
kau-bcmd,Preprocessed_Dataset/kau-bcmd/kau-bcmd_474.jpg,Normal,non-cancer,BC015561,train
kau-bcmd,Preprocessed_Dataset/kau-bcmd/kau-bcmd_475.jpg,Normal,non-cancer,BC015561,train
kau-bcmd,Preprocessed_Dataset/kau-bcmd/kau-bcmd_476.jpg,Normal,non-cancer,BC015561,train
kau-bcmd,Preprocessed_Dataset/kau-bcmd/kau-bcmd_477.jpg,Normal,non-cancer,BC015561,train
kau-bcmd,Preprocessed_Dataset/kau-bcmd/kau-bcmd_478.jpg,Normal,non-cancer,BC0023361,test
kau-bcmd,Preprocessed_Dataset/kau-bcmd/kau-bcmd_479.jpg,Normal,non-cancer,BC0023361,test
kau-bcmd,Preprocessed_Dataset/kau-bcmd/kau-bcmd_480.jpg,Normal,non-cancer,BC0023361,test
kau-bcmd,Preprocessed_Dataset/kau-bcmd/kau-bcmd_481.jpg,Normal,non-cancer,BC0023361,test
kau-bcmd,Preprocessed_Dataset/kau-bcmd/kau-bcmd_482.jpg,Normal,non-cancer,BC0023323,train
kau-bcmd,Preprocessed_Dataset/kau-bcmd/kau-bcmd_483.jpg,Normal,non-cancer,BC0023323,train
kau-bcmd,Preprocessed_Dataset/kau-bcmd/kau-bcmd_484.jpg,Normal,non-cancer,BC0023323,train
kau-bcmd,Preprocessed_Dataset/kau-bcmd/kau-bcmd_485.jpg,Normal,non-cancer,BC0023323,train
kau-bcmd,Preprocessed_Dataset/kau-bcmd/kau-bcmd_486.jpg,Benign,non-cancer,BC0023322,train
kau-bcmd,Preprocessed_Dataset/kau-bcmd/kau-bcmd_487.jpg,Benign,non-cancer,BC0023322,train
kau-bcmd,Preprocessed_Dataset/kau-bcmd/kau-bcmd_488.jpg,Benign,non-cancer,BC0023322,train
kau-bcmd,Preprocessed_Dataset/kau-bcmd/kau-bcmd_489.jpg,Benign,non-cancer,BC0023322,train
kau-bcmd,Preprocessed_Dataset/kau-bcmd/kau-bcmd_490.jpg,Benign,non-cancer,BC0023321,val
kau-bcmd,Preprocessed_Dataset/kau-bcmd/kau-bcmd_491.jpg,Benign,non-cancer,BC0023321,val
kau-bcmd,Preprocessed_Dataset/kau-bcmd/kau-bcmd_492.jpg,Benign,non-cancer,BC0023321,val
kau-bcmd,Preprocessed_Dataset/kau-bcmd/kau-bcmd_493.jpg,Benign,non-cancer,BC0023321,val
kau-bcmd,Preprocessed_Dataset/kau-bcmd/kau-bcmd_494.jpg,Normal,non-cancer,BC015583,train
kau-bcmd,Preprocessed_Dataset/kau-bcmd/kau-bcmd_495.jpg,Normal,non-cancer,BC015583,train
kau-bcmd,Preprocessed_Dataset/kau-bcmd/kau-bcmd_496.jpg,Normal,non-cancer,BC015583,train
kau-bcmd,Preprocessed_Dataset/kau-bcmd/kau-bcmd_497.jpg,Normal,non-cancer,BC015583,train
kau-bcmd,Preprocessed_Dataset/kau-bcmd/kau-bcmd_498.jpg,Suspicious Malignant,cancer,BC011725,train
kau-bcmd,Preprocessed_Dataset/kau-bcmd/kau-bcmd_499.jpg,Suspicious Malignant,cancer,BC011725,train
kau-bcmd,Preprocessed_Dataset/kau-bcmd/kau-bcmd_500.jpg,Suspicious Malignant,cancer,BC011725,train
kau-bcmd,Preprocessed_Dataset/kau-bcmd/kau-bcmd_501.jpg,Suspicious Malignant,cancer,BC011725,train
kau-bcmd,Preprocessed_Dataset/kau-bcmd/kau-bcmd_502.jpg,Normal,non-cancer,BC015622,train
kau-bcmd,Preprocessed_Dataset/kau-bcmd/kau-bcmd_503.jpg,Normal,non-cancer,BC015622,train
kau-bcmd,Preprocessed_Dataset/kau-bcmd/kau-bcmd_504.jpg,Normal,non-cancer,BC015622,train
kau-bcmd,Preprocessed_Dataset/kau-bcmd/kau-bcmd_505.jpg,Normal,non-cancer,BC015622,train
kau-bcmd,Preprocessed_Dataset/kau-bcmd/kau-bcmd_506.jpg,Normal,non-cancer,BC0023263,train
kau-bcmd,Preprocessed_Dataset/kau-bcmd/kau-bcmd_507.jpg,Normal,non-cancer,BC0023261,train
kau-bcmd,Preprocessed_Dataset/kau-bcmd/kau-bcmd_508.jpg,Normal,non-cancer,BC0023261,train
kau-bcmd,Preprocessed_Dataset/kau-bcmd/kau-bcmd_509.jpg,Normal,non-cancer,BC0023261,train
kau-bcmd,Preprocessed_Dataset/kau-bcmd/kau-bcmd_510.jpg,Normal,non-cancer,BC0023261,train
kau-bcmd,Preprocessed_Dataset/kau-bcmd/kau-bcmd_511.jpg,Normal,non-cancer,BC019907,train
kau-bcmd,Preprocessed_Dataset/kau-bcmd/kau-bcmd_512.jpg,Normal,non-cancer,BC019907,train
kau-bcmd,Preprocessed_Dataset/kau-bcmd/kau-bcmd_513.jpg,Normal,non-cancer,BC019907,train
kau-bcmd,Preprocessed_Dataset/kau-bcmd/kau-bcmd_514.jpg,Normal,non-cancer,BC019907,train
kau-bcmd,Preprocessed_Dataset/kau-bcmd/kau-bcmd_515.jpg,Suspicious Malignant,cancer,BC0023241,val
kau-bcmd,Preprocessed_Dataset/kau-bcmd/kau-bcmd_516.jpg,Suspicious Malignant,cancer,BC0023241,val
kau-bcmd,Preprocessed_Dataset/kau-bcmd/kau-bcmd_517.jpg,Suspicious Malignant,cancer,BC0023241,val
kau-bcmd,Preprocessed_Dataset/kau-bcmd/kau-bcmd_518.jpg,Suspicious Malignant,cancer,BC0023241,val
kau-bcmd,Preprocessed_Dataset/kau-bcmd/kau-bcmd_519.jpg,Benign,non-cancer,BC013041,train
kau-bcmd,Preprocessed_Dataset/kau-bcmd/kau-bcmd_520.jpg,Benign,non-cancer,BC013041,train
kau-bcmd,Preprocessed_Dataset/kau-bcmd/kau-bcmd_521.jpg,Benign,non-cancer,BC013041,train
kau-bcmd,Preprocessed_Dataset/kau-bcmd/kau-bcmd_522.jpg,Benign,non-cancer,BC013041,train
kau-bcmd,Preprocessed_Dataset/kau-bcmd/kau-bcmd_523.jpg,Suspicious Malignant,cancer,BC0023145,val
kau-bcmd,Preprocessed_Dataset/kau-bcmd/kau-bcmd_524.jpg,Suspicious Malignant,cancer,BC0023145,val
kau-bcmd,Preprocessed_Dataset/kau-bcmd/kau-bcmd_525.jpg,Suspicious Malignant,cancer,BC0023145,val
kau-bcmd,Preprocessed_Dataset/kau-bcmd/kau-bcmd_526.jpg,Suspicious Malignant,cancer,BC0023145,val
kau-bcmd,Preprocessed_Dataset/kau-bcmd/kau-bcmd_527.jpg,Benign,non-cancer,BC0023181,val
kau-bcmd,Preprocessed_Dataset/kau-bcmd/kau-bcmd_528.jpg,Benign,non-cancer,BC0023181,val
kau-bcmd,Preprocessed_Dataset/kau-bcmd/kau-bcmd_529.jpg,Benign,non-cancer,BC0023181,val
kau-bcmd,Preprocessed_Dataset/kau-bcmd/kau-bcmd_530.jpg,Benign,non-cancer,BC0023181,val
kau-bcmd,Preprocessed_Dataset/kau-bcmd/kau-bcmd_531.jpg,Normal,non-cancer,BC0023146,train
kau-bcmd,Preprocessed_Dataset/kau-bcmd/kau-bcmd_532.jpg,Normal,non-cancer,BC0023146,train
kau-bcmd,Preprocessed_Dataset/kau-bcmd/kau-bcmd_533.jpg,Normal,non-cancer,BC0023146,train
kau-bcmd,Preprocessed_Dataset/kau-bcmd/kau-bcmd_534.jpg,Normal,non-cancer,BC0023146,train
kau-bcmd,Preprocessed_Dataset/kau-bcmd/kau-bcmd_535.jpg,Benign,non-cancer,BC0023221,test
kau-bcmd,Preprocessed_Dataset/kau-bcmd/kau-bcmd_536.jpg,Benign,non-cancer,BC0023221,test
kau-bcmd,Preprocessed_Dataset/kau-bcmd/kau-bcmd_537.jpg,Benign,non-cancer,BC0023221,test
kau-bcmd,Preprocessed_Dataset/kau-bcmd/kau-bcmd_538.jpg,Benign,non-cancer,BC0023221,test
kau-bcmd,Preprocessed_Dataset/kau-bcmd/kau-bcmd_539.jpg,Normal,non-cancer,BC0023102,train
kau-bcmd,Preprocessed_Dataset/kau-bcmd/kau-bcmd_540.jpg,Normal,non-cancer,BC0023102,train
kau-bcmd,Preprocessed_Dataset/kau-bcmd/kau-bcmd_541.jpg,Normal,non-cancer,BC0023102,train
kau-bcmd,Preprocessed_Dataset/kau-bcmd/kau-bcmd_542.jpg,Normal,non-cancer,BC0023102,train
kau-bcmd,Preprocessed_Dataset/kau-bcmd/kau-bcmd_543.jpg,Benign,non-cancer,BC0023121,test
kau-bcmd,Preprocessed_Dataset/kau-bcmd/kau-bcmd_544.jpg,Benign,non-cancer,BC0023121,test
kau-bcmd,Preprocessed_Dataset/kau-bcmd/kau-bcmd_545.jpg,Benign,non-cancer,BC0023121,test
kau-bcmd,Preprocessed_Dataset/kau-bcmd/kau-bcmd_546.jpg,Benign,non-cancer,BC0023121,test
kau-bcmd,Preprocessed_Dataset/kau-bcmd/kau-bcmd_547.jpg,Normal,non-cancer,BC017201,val
kau-bcmd,Preprocessed_Dataset/kau-bcmd/kau-bcmd_548.jpg,Normal,non-cancer,BC017201,val
kau-bcmd,Preprocessed_Dataset/kau-bcmd/kau-bcmd_549.jpg,Normal,non-cancer,BC017201,val
kau-bcmd,Preprocessed_Dataset/kau-bcmd/kau-bcmd_550.jpg,Normal,non-cancer,BC017201,val
kau-bcmd,Preprocessed_Dataset/kau-bcmd/kau-bcmd_551.jpg,Normal,non-cancer,BC0023161,train
kau-bcmd,Preprocessed_Dataset/kau-bcmd/kau-bcmd_552.jpg,Normal,non-cancer,BC0023161,train
kau-bcmd,Preprocessed_Dataset/kau-bcmd/kau-bcmd_553.jpg,Normal,non-cancer,BC0023161,train
kau-bcmd,Preprocessed_Dataset/kau-bcmd/kau-bcmd_554.jpg,Normal,non-cancer,BC0023161,train
kau-bcmd,Preprocessed_Dataset/kau-bcmd/kau-bcmd_555.jpg,Normal,non-cancer,BC0023141,train
kau-bcmd,Preprocessed_Dataset/kau-bcmd/kau-bcmd_556.jpg,Normal,non-cancer,BC0023141,train
kau-bcmd,Preprocessed_Dataset/kau-bcmd/kau-bcmd_557.jpg,Normal,non-cancer,BC0023141,train
kau-bcmd,Preprocessed_Dataset/kau-bcmd/kau-bcmd_558.jpg,Normal,non-cancer,BC0023141,train
kau-bcmd,Preprocessed_Dataset/kau-bcmd/kau-bcmd_559.jpg,Normal,non-cancer,BC0023046,test
kau-bcmd,Preprocessed_Dataset/kau-bcmd/kau-bcmd_560.jpg,Normal,non-cancer,BC0023046,test
kau-bcmd,Preprocessed_Dataset/kau-bcmd/kau-bcmd_561.jpg,Normal,non-cancer,BC0023046,test
kau-bcmd,Preprocessed_Dataset/kau-bcmd/kau-bcmd_562.jpg,Normal,non-cancer,BC0023046,test
kau-bcmd,Preprocessed_Dataset/kau-bcmd/kau-bcmd_563.jpg,Normal,non-cancer,BC0023045,train
kau-bcmd,Preprocessed_Dataset/kau-bcmd/kau-bcmd_564.jpg,Normal,non-cancer,BC0023045,train
kau-bcmd,Preprocessed_Dataset/kau-bcmd/kau-bcmd_565.jpg,Normal,non-cancer,BC0023045,train
kau-bcmd,Preprocessed_Dataset/kau-bcmd/kau-bcmd_566.jpg,Normal,non-cancer,BC0023045,train
kau-bcmd,Preprocessed_Dataset/kau-bcmd/kau-bcmd_567.jpg,Normal,non-cancer,BC0023021,train
kau-bcmd,Preprocessed_Dataset/kau-bcmd/kau-bcmd_568.jpg,Normal,non-cancer,BC0023021,train
kau-bcmd,Preprocessed_Dataset/kau-bcmd/kau-bcmd_569.jpg,Normal,non-cancer,BC0023021,train
kau-bcmd,Preprocessed_Dataset/kau-bcmd/kau-bcmd_570.jpg,Normal,non-cancer,BC0023021,train
kau-bcmd,Preprocessed_Dataset/kau-bcmd/kau-bcmd_571.jpg,Normal,non-cancer,BC0023043,train
kau-bcmd,Preprocessed_Dataset/kau-bcmd/kau-bcmd_572.jpg,Normal,non-cancer,BC0023043,train
kau-bcmd,Preprocessed_Dataset/kau-bcmd/kau-bcmd_573.jpg,Normal,non-cancer,BC0023043,train
kau-bcmd,Preprocessed_Dataset/kau-bcmd/kau-bcmd_574.jpg,Normal,non-cancer,BC0023043,train
kau-bcmd,Preprocessed_Dataset/kau-bcmd/kau-bcmd_575.jpg,Normal,non-cancer,BC0023044,train
kau-bcmd,Preprocessed_Dataset/kau-bcmd/kau-bcmd_576.jpg,Normal,non-cancer,BC0023044,train
kau-bcmd,Preprocessed_Dataset/kau-bcmd/kau-bcmd_577.jpg,Normal,non-cancer,BC0023044,train
kau-bcmd,Preprocessed_Dataset/kau-bcmd/kau-bcmd_578.jpg,Normal,non-cancer,BC0023044,train
kau-bcmd,Preprocessed_Dataset/kau-bcmd/kau-bcmd_579.jpg,Normal,non-cancer,BC0022844,train
kau-bcmd,Preprocessed_Dataset/kau-bcmd/kau-bcmd_580.jpg,Normal,non-cancer,BC0022844,train
kau-bcmd,Preprocessed_Dataset/kau-bcmd/kau-bcmd_581.jpg,Normal,non-cancer,BC0022844,train
kau-bcmd,Preprocessed_Dataset/kau-bcmd/kau-bcmd_582.jpg,Normal,non-cancer,BC0022844,train
kau-bcmd,Preprocessed_Dataset/kau-bcmd/kau-bcmd_583.jpg,Normal,non-cancer,BC0023001,train
kau-bcmd,Preprocessed_Dataset/kau-bcmd/kau-bcmd_584.jpg,Normal,non-cancer,BC0023001,train
kau-bcmd,Preprocessed_Dataset/kau-bcmd/kau-bcmd_585.jpg,Normal,non-cancer,BC0023001,train
kau-bcmd,Preprocessed_Dataset/kau-bcmd/kau-bcmd_586.jpg,Normal,non-cancer,BC0023001,train
kau-bcmd,Preprocessed_Dataset/kau-bcmd/kau-bcmd_587.jpg,Benign,non-cancer,BC0022941,train
kau-bcmd,Preprocessed_Dataset/kau-bcmd/kau-bcmd_588.jpg,Benign,non-cancer,BC0022941,train
kau-bcmd,Preprocessed_Dataset/kau-bcmd/kau-bcmd_589.jpg,Benign,non-cancer,BC0022941,train
kau-bcmd,Preprocessed_Dataset/kau-bcmd/kau-bcmd_590.jpg,Benign,non-cancer,BC0022941,train
kau-bcmd,Preprocessed_Dataset/kau-bcmd/kau-bcmd_591.jpg,Normal,non-cancer,BC009921,train
kau-bcmd,Preprocessed_Dataset/kau-bcmd/kau-bcmd_592.jpg,Normal,non-cancer,BC009921,train
kau-bcmd,Preprocessed_Dataset/kau-bcmd/kau-bcmd_593.jpg,Normal,non-cancer,BC009921,train
kau-bcmd,Preprocessed_Dataset/kau-bcmd/kau-bcmd_594.jpg,Normal,non-cancer,BC009921,train
kau-bcmd,Preprocessed_Dataset/kau-bcmd/kau-bcmd_595.jpg,Benign,non-cancer,BC0022845,train
kau-bcmd,Preprocessed_Dataset/kau-bcmd/kau-bcmd_596.jpg,Benign,non-cancer,BC0022845,train
kau-bcmd,Preprocessed_Dataset/kau-bcmd/kau-bcmd_597.jpg,Benign,non-cancer,BC0022845,train
kau-bcmd,Preprocessed_Dataset/kau-bcmd/kau-bcmd_598.jpg,Benign,non-cancer,BC0022845,train
kau-bcmd,Preprocessed_Dataset/kau-bcmd/kau-bcmd_599.jpg,Benign,non-cancer,BC0022862,train
kau-bcmd,Preprocessed_Dataset/kau-bcmd/kau-bcmd_600.jpg,Benign,non-cancer,BC0022862,train
kau-bcmd,Preprocessed_Dataset/kau-bcmd/kau-bcmd_601.jpg,Benign,non-cancer,BC0022862,train
kau-bcmd,Preprocessed_Dataset/kau-bcmd/kau-bcmd_602.jpg,Benign,non-cancer,BC0022862,train
kau-bcmd,Preprocessed_Dataset/kau-bcmd/kau-bcmd_603.jpg,Normal,non-cancer,BC014983,train
kau-bcmd,Preprocessed_Dataset/kau-bcmd/kau-bcmd_604.jpg,Normal,non-cancer,BC014983,train
kau-bcmd,Preprocessed_Dataset/kau-bcmd/kau-bcmd_605.jpg,Normal,non-cancer,BC014983,train
kau-bcmd,Preprocessed_Dataset/kau-bcmd/kau-bcmd_606.jpg,Normal,non-cancer,BC014983,train
kau-bcmd,Preprocessed_Dataset/kau-bcmd/kau-bcmd_607.jpg,Normal,non-cancer,BC015321,train
kau-bcmd,Preprocessed_Dataset/kau-bcmd/kau-bcmd_608.jpg,Normal,non-cancer,BC015321,train
kau-bcmd,Preprocessed_Dataset/kau-bcmd/kau-bcmd_609.jpg,Normal,non-cancer,BC015321,train
kau-bcmd,Preprocessed_Dataset/kau-bcmd/kau-bcmd_610.jpg,Normal,non-cancer,BC015321,train
kau-bcmd,Preprocessed_Dataset/kau-bcmd/kau-bcmd_611.jpg,Benign,non-cancer,BC0022661,train
kau-bcmd,Preprocessed_Dataset/kau-bcmd/kau-bcmd_612.jpg,Benign,non-cancer,BC0022661,train
kau-bcmd,Preprocessed_Dataset/kau-bcmd/kau-bcmd_613.jpg,Benign,non-cancer,BC0022661,train
kau-bcmd,Preprocessed_Dataset/kau-bcmd/kau-bcmd_614.jpg,Benign,non-cancer,BC0022661,train
kau-bcmd,Preprocessed_Dataset/kau-bcmd/kau-bcmd_615.jpg,Normal,non-cancer,BC008361,train
kau-bcmd,Preprocessed_Dataset/kau-bcmd/kau-bcmd_616.jpg,Normal,non-cancer,BC008361,train
kau-bcmd,Preprocessed_Dataset/kau-bcmd/kau-bcmd_617.jpg,Normal,non-cancer,BC008361,train
kau-bcmd,Preprocessed_Dataset/kau-bcmd/kau-bcmd_618.jpg,Normal,non-cancer,BC008361,train
kau-bcmd,Preprocessed_Dataset/kau-bcmd/kau-bcmd_619.jpg,Normal,non-cancer,BC0022764,train
kau-bcmd,Preprocessed_Dataset/kau-bcmd/kau-bcmd_620.jpg,Normal,non-cancer,BC0022764,train
kau-bcmd,Preprocessed_Dataset/kau-bcmd/kau-bcmd_621.jpg,Normal,non-cancer,BC0022764,train
kau-bcmd,Preprocessed_Dataset/kau-bcmd/kau-bcmd_622.jpg,Normal,non-cancer,BC0022764,train
kau-bcmd,Preprocessed_Dataset/kau-bcmd/kau-bcmd_623.jpg,Normal,non-cancer,BC0022622,train
kau-bcmd,Preprocessed_Dataset/kau-bcmd/kau-bcmd_624.jpg,Normal,non-cancer,BC0022622,train
kau-bcmd,Preprocessed_Dataset/kau-bcmd/kau-bcmd_625.jpg,Normal,non-cancer,BC0022622,train
kau-bcmd,Preprocessed_Dataset/kau-bcmd/kau-bcmd_626.jpg,Normal,non-cancer,BC0022622,train
kau-bcmd,Preprocessed_Dataset/kau-bcmd/kau-bcmd_627.jpg,Normal,non-cancer,BC0022762,train
kau-bcmd,Preprocessed_Dataset/kau-bcmd/kau-bcmd_628.jpg,Normal,non-cancer,BC0022762,train
kau-bcmd,Preprocessed_Dataset/kau-bcmd/kau-bcmd_629.jpg,Normal,non-cancer,BC0022762,train
kau-bcmd,Preprocessed_Dataset/kau-bcmd/kau-bcmd_630.jpg,Normal,non-cancer,BC0022762,train
kau-bcmd,Preprocessed_Dataset/kau-bcmd/kau-bcmd_631.jpg,Normal,non-cancer,BC006681,val
kau-bcmd,Preprocessed_Dataset/kau-bcmd/kau-bcmd_632.jpg,Normal,non-cancer,BC006681,val
kau-bcmd,Preprocessed_Dataset/kau-bcmd/kau-bcmd_633.jpg,Normal,non-cancer,BC006681,val
kau-bcmd,Preprocessed_Dataset/kau-bcmd/kau-bcmd_634.jpg,Normal,non-cancer,BC006681,val
kau-bcmd,Preprocessed_Dataset/kau-bcmd/kau-bcmd_635.jpg,Normal,non-cancer,BC0022701,train
kau-bcmd,Preprocessed_Dataset/kau-bcmd/kau-bcmd_636.jpg,Normal,non-cancer,BC0022701,train
kau-bcmd,Preprocessed_Dataset/kau-bcmd/kau-bcmd_637.jpg,Normal,non-cancer,BC0022701,train
kau-bcmd,Preprocessed_Dataset/kau-bcmd/kau-bcmd_638.jpg,Normal,non-cancer,BC0022701,train
kau-bcmd,Preprocessed_Dataset/kau-bcmd/kau-bcmd_639.jpg,Normal,non-cancer,BC0022683,train
kau-bcmd,Preprocessed_Dataset/kau-bcmd/kau-bcmd_640.jpg,Normal,non-cancer,BC0022683,train
kau-bcmd,Preprocessed_Dataset/kau-bcmd/kau-bcmd_641.jpg,Normal,non-cancer,BC0022683,train
kau-bcmd,Preprocessed_Dataset/kau-bcmd/kau-bcmd_642.jpg,Normal,non-cancer,BC0022683,train
kau-bcmd,Preprocessed_Dataset/kau-bcmd/kau-bcmd_643.jpg,Malignant,cancer,BC0022603,train
kau-bcmd,Preprocessed_Dataset/kau-bcmd/kau-bcmd_644.jpg,Malignant,cancer,BC0022603,train
kau-bcmd,Preprocessed_Dataset/kau-bcmd/kau-bcmd_645.jpg,Malignant,cancer,BC0022603,train
kau-bcmd,Preprocessed_Dataset/kau-bcmd/kau-bcmd_646.jpg,Malignant,cancer,BC0022603,train
kau-bcmd,Preprocessed_Dataset/kau-bcmd/kau-bcmd_647.jpg,Normal,non-cancer,BC002341,train
kau-bcmd,Preprocessed_Dataset/kau-bcmd/kau-bcmd_648.jpg,Normal,non-cancer,BC002341,train
kau-bcmd,Preprocessed_Dataset/kau-bcmd/kau-bcmd_649.jpg,Normal,non-cancer,BC002341,train
kau-bcmd,Preprocessed_Dataset/kau-bcmd/kau-bcmd_650.jpg,Normal,non-cancer,BC002341,train
kau-bcmd,Preprocessed_Dataset/kau-bcmd/kau-bcmd_651.jpg,Benign,non-cancer,BC018221,train
kau-bcmd,Preprocessed_Dataset/kau-bcmd/kau-bcmd_652.jpg,Benign,non-cancer,BC018221,train
kau-bcmd,Preprocessed_Dataset/kau-bcmd/kau-bcmd_653.jpg,Benign,non-cancer,BC018221,train
kau-bcmd,Preprocessed_Dataset/kau-bcmd/kau-bcmd_654.jpg,Benign,non-cancer,BC018221,train
kau-bcmd,Preprocessed_Dataset/kau-bcmd/kau-bcmd_655.jpg,Malignant,cancer,BC0022482,train
kau-bcmd,Preprocessed_Dataset/kau-bcmd/kau-bcmd_656.jpg,Malignant,cancer,BC0022482,train
kau-bcmd,Preprocessed_Dataset/kau-bcmd/kau-bcmd_657.jpg,Normal,non-cancer,BC0022482,train
kau-bcmd,Preprocessed_Dataset/kau-bcmd/kau-bcmd_658.jpg,Normal,non-cancer,BC0022482,train
kau-bcmd,Preprocessed_Dataset/kau-bcmd/kau-bcmd_659.jpg,Normal,non-cancer,BC0022501,train
kau-bcmd,Preprocessed_Dataset/kau-bcmd/kau-bcmd_660.jpg,Normal,non-cancer,BC0022501,train
kau-bcmd,Preprocessed_Dataset/kau-bcmd/kau-bcmd_661.jpg,Normal,non-cancer,BC0022501,train
kau-bcmd,Preprocessed_Dataset/kau-bcmd/kau-bcmd_662.jpg,Normal,non-cancer,BC0022501,train
kau-bcmd,Preprocessed_Dataset/kau-bcmd/kau-bcmd_663.jpg,Normal,non-cancer,BC0022503,train
kau-bcmd,Preprocessed_Dataset/kau-bcmd/kau-bcmd_664.jpg,Normal,non-cancer,BC0022503,train
kau-bcmd,Preprocessed_Dataset/kau-bcmd/kau-bcmd_665.jpg,Normal,non-cancer,BC0022503,train
kau-bcmd,Preprocessed_Dataset/kau-bcmd/kau-bcmd_666.jpg,Normal,non-cancer,BC0022503,train
kau-bcmd,Preprocessed_Dataset/kau-bcmd/kau-bcmd_667.jpg,Benign,non-cancer,BC0022502,train
kau-bcmd,Preprocessed_Dataset/kau-bcmd/kau-bcmd_668.jpg,Benign,non-cancer,BC0022502,train
kau-bcmd,Preprocessed_Dataset/kau-bcmd/kau-bcmd_669.jpg,Benign,non-cancer,BC0022502,train
kau-bcmd,Preprocessed_Dataset/kau-bcmd/kau-bcmd_670.jpg,Benign,non-cancer,BC0022502,train
kau-bcmd,Preprocessed_Dataset/kau-bcmd/kau-bcmd_671.jpg,Normal,non-cancer,BC0022441,test
kau-bcmd,Preprocessed_Dataset/kau-bcmd/kau-bcmd_672.jpg,Normal,non-cancer,BC0022441,test
kau-bcmd,Preprocessed_Dataset/kau-bcmd/kau-bcmd_673.jpg,Normal,non-cancer,BC0022441,test
kau-bcmd,Preprocessed_Dataset/kau-bcmd/kau-bcmd_674.jpg,Normal,non-cancer,BC0022441,test
kau-bcmd,Preprocessed_Dataset/kau-bcmd/kau-bcmd_675.jpg,Normal,non-cancer,BC0022481,train
kau-bcmd,Preprocessed_Dataset/kau-bcmd/kau-bcmd_676.jpg,Normal,non-cancer,BC0022481,train
kau-bcmd,Preprocessed_Dataset/kau-bcmd/kau-bcmd_677.jpg,Normal,non-cancer,BC0022481,train
kau-bcmd,Preprocessed_Dataset/kau-bcmd/kau-bcmd_678.jpg,Normal,non-cancer,BC0022481,train
kau-bcmd,Preprocessed_Dataset/kau-bcmd/kau-bcmd_679.jpg,Normal,non-cancer,BC0022462,train
kau-bcmd,Preprocessed_Dataset/kau-bcmd/kau-bcmd_680.jpg,Normal,non-cancer,BC0022462,train
kau-bcmd,Preprocessed_Dataset/kau-bcmd/kau-bcmd_681.jpg,Normal,non-cancer,BC0022462,train
kau-bcmd,Preprocessed_Dataset/kau-bcmd/kau-bcmd_682.jpg,Normal,non-cancer,BC0022462,train
kau-bcmd,Preprocessed_Dataset/kau-bcmd/kau-bcmd_683.jpg,Suspicious Malignant,cancer,BC018161,train
kau-bcmd,Preprocessed_Dataset/kau-bcmd/kau-bcmd_684.jpg,Suspicious Malignant,cancer,BC018161,train
kau-bcmd,Preprocessed_Dataset/kau-bcmd/kau-bcmd_685.jpg,Suspicious Malignant,cancer,BC018161,train
kau-bcmd,Preprocessed_Dataset/kau-bcmd/kau-bcmd_686.jpg,Suspicious Malignant,cancer,BC018161,train
kau-bcmd,Preprocessed_Dataset/kau-bcmd/kau-bcmd_687.jpg,Benign,non-cancer,BC0022461,train
kau-bcmd,Preprocessed_Dataset/kau-bcmd/kau-bcmd_688.jpg,Benign,non-cancer,BC0022461,train
kau-bcmd,Preprocessed_Dataset/kau-bcmd/kau-bcmd_689.jpg,Benign,non-cancer,BC0022461,train
kau-bcmd,Preprocessed_Dataset/kau-bcmd/kau-bcmd_690.jpg,Benign,non-cancer,BC0022461,train
kau-bcmd,Preprocessed_Dataset/kau-bcmd/kau-bcmd_691.jpg,Benign,non-cancer,BC013903,train
kau-bcmd,Preprocessed_Dataset/kau-bcmd/kau-bcmd_692.jpg,Benign,non-cancer,BC013903,train
kau-bcmd,Preprocessed_Dataset/kau-bcmd/kau-bcmd_693.jpg,Benign,non-cancer,BC013903,train
kau-bcmd,Preprocessed_Dataset/kau-bcmd/kau-bcmd_694.jpg,Benign,non-cancer,BC013903,train
kau-bcmd,Preprocessed_Dataset/kau-bcmd/kau-bcmd_695.jpg,Suspicious Malignant,cancer,BC0022402,train
kau-bcmd,Preprocessed_Dataset/kau-bcmd/kau-bcmd_696.jpg,Suspicious Malignant,cancer,BC0022402,train
kau-bcmd,Preprocessed_Dataset/kau-bcmd/kau-bcmd_697.jpg,Suspicious Malignant,cancer,BC0022402,train
kau-bcmd,Preprocessed_Dataset/kau-bcmd/kau-bcmd_698.jpg,Suspicious Malignant,cancer,BC0022402,train
kau-bcmd,Preprocessed_Dataset/kau-bcmd/kau-bcmd_699.jpg,Normal,non-cancer,BC0022381,train
kau-bcmd,Preprocessed_Dataset/kau-bcmd/kau-bcmd_700.jpg,Normal,non-cancer,BC0022381,train
kau-bcmd,Preprocessed_Dataset/kau-bcmd/kau-bcmd_701.jpg,Normal,non-cancer,BC0022381,train
kau-bcmd,Preprocessed_Dataset/kau-bcmd/kau-bcmd_702.jpg,Normal,non-cancer,BC0022381,train
kau-bcmd,Preprocessed_Dataset/kau-bcmd/kau-bcmd_703.jpg,Normal,non-cancer,BC0022361,train
kau-bcmd,Preprocessed_Dataset/kau-bcmd/kau-bcmd_704.jpg,Normal,non-cancer,BC0022361,train
kau-bcmd,Preprocessed_Dataset/kau-bcmd/kau-bcmd_705.jpg,Normal,non-cancer,BC0022361,train
kau-bcmd,Preprocessed_Dataset/kau-bcmd/kau-bcmd_706.jpg,Normal,non-cancer,BC0022361,train
kau-bcmd,Preprocessed_Dataset/kau-bcmd/kau-bcmd_707.jpg,Normal,non-cancer,BC001101,train
kau-bcmd,Preprocessed_Dataset/kau-bcmd/kau-bcmd_708.jpg,Normal,non-cancer,BC001101,train
kau-bcmd,Preprocessed_Dataset/kau-bcmd/kau-bcmd_709.jpg,Normal,non-cancer,BC001101,train
kau-bcmd,Preprocessed_Dataset/kau-bcmd/kau-bcmd_710.jpg,Normal,non-cancer,BC001101,train
kau-bcmd,Preprocessed_Dataset/kau-bcmd/kau-bcmd_711.jpg,Normal,non-cancer,BC0022341,train
kau-bcmd,Preprocessed_Dataset/kau-bcmd/kau-bcmd_712.jpg,Normal,non-cancer,BC0022341,train
kau-bcmd,Preprocessed_Dataset/kau-bcmd/kau-bcmd_713.jpg,Normal,non-cancer,BC0022341,train
kau-bcmd,Preprocessed_Dataset/kau-bcmd/kau-bcmd_714.jpg,Normal,non-cancer,BC0022341,train
kau-bcmd,Preprocessed_Dataset/kau-bcmd/kau-bcmd_715.jpg,Normal,non-cancer,BC008521,val
kau-bcmd,Preprocessed_Dataset/kau-bcmd/kau-bcmd_716.jpg,Normal,non-cancer,BC008521,val
kau-bcmd,Preprocessed_Dataset/kau-bcmd/kau-bcmd_717.jpg,Normal,non-cancer,BC008521,val
kau-bcmd,Preprocessed_Dataset/kau-bcmd/kau-bcmd_718.jpg,Normal,non-cancer,BC008521,val
kau-bcmd,Preprocessed_Dataset/kau-bcmd/kau-bcmd_719.jpg,Normal,non-cancer,BC0022321,train
kau-bcmd,Preprocessed_Dataset/kau-bcmd/kau-bcmd_720.jpg,Normal,non-cancer,BC0022321,train
kau-bcmd,Preprocessed_Dataset/kau-bcmd/kau-bcmd_721.jpg,Normal,non-cancer,BC0022321,train
kau-bcmd,Preprocessed_Dataset/kau-bcmd/kau-bcmd_722.jpg,Normal,non-cancer,BC0022321,train
kau-bcmd,Preprocessed_Dataset/kau-bcmd/kau-bcmd_723.jpg,Normal,non-cancer,BC0022301,test
kau-bcmd,Preprocessed_Dataset/kau-bcmd/kau-bcmd_724.jpg,Normal,non-cancer,BC0022301,test
kau-bcmd,Preprocessed_Dataset/kau-bcmd/kau-bcmd_725.jpg,Normal,non-cancer,BC0022301,test
kau-bcmd,Preprocessed_Dataset/kau-bcmd/kau-bcmd_726.jpg,Normal,non-cancer,BC0022301,test
kau-bcmd,Preprocessed_Dataset/kau-bcmd/kau-bcmd_727.jpg,Benign,non-cancer,BC0022261,train
kau-bcmd,Preprocessed_Dataset/kau-bcmd/kau-bcmd_728.jpg,Benign,non-cancer,BC0022261,train
kau-bcmd,Preprocessed_Dataset/kau-bcmd/kau-bcmd_729.jpg,Benign,non-cancer,BC0022261,train
kau-bcmd,Preprocessed_Dataset/kau-bcmd/kau-bcmd_730.jpg,Benign,non-cancer,BC0022261,train
kau-bcmd,Preprocessed_Dataset/kau-bcmd/kau-bcmd_731.jpg,Normal,non-cancer,BC016844,val
kau-bcmd,Preprocessed_Dataset/kau-bcmd/kau-bcmd_732.jpg,Normal,non-cancer,BC016844,val
kau-bcmd,Preprocessed_Dataset/kau-bcmd/kau-bcmd_733.jpg,Normal,non-cancer,BC016844,val
kau-bcmd,Preprocessed_Dataset/kau-bcmd/kau-bcmd_734.jpg,Normal,non-cancer,BC016844,val
kau-bcmd,Preprocessed_Dataset/kau-bcmd/kau-bcmd_735.jpg,Normal,non-cancer,BC017021,train
kau-bcmd,Preprocessed_Dataset/kau-bcmd/kau-bcmd_736.jpg,Normal,non-cancer,BC017021,train
kau-bcmd,Preprocessed_Dataset/kau-bcmd/kau-bcmd_737.jpg,Normal,non-cancer,BC017021,train
kau-bcmd,Preprocessed_Dataset/kau-bcmd/kau-bcmd_738.jpg,Normal,non-cancer,BC017021,train
kau-bcmd,Preprocessed_Dataset/kau-bcmd/kau-bcmd_739.jpg,Normal,non-cancer,BC0022243,test
kau-bcmd,Preprocessed_Dataset/kau-bcmd/kau-bcmd_740.jpg,Normal,non-cancer,BC0022243,test
kau-bcmd,Preprocessed_Dataset/kau-bcmd/kau-bcmd_741.jpg,Normal,non-cancer,BC0022243,test
kau-bcmd,Preprocessed_Dataset/kau-bcmd/kau-bcmd_742.jpg,Normal,non-cancer,BC0022243,test
kau-bcmd,Preprocessed_Dataset/kau-bcmd/kau-bcmd_743.jpg,Normal,non-cancer,BC0022242,train
kau-bcmd,Preprocessed_Dataset/kau-bcmd/kau-bcmd_744.jpg,Normal,non-cancer,BC0022242,train
kau-bcmd,Preprocessed_Dataset/kau-bcmd/kau-bcmd_745.jpg,Normal,non-cancer,BC0022242,train
kau-bcmd,Preprocessed_Dataset/kau-bcmd/kau-bcmd_746.jpg,Normal,non-cancer,BC0022242,train
kau-bcmd,Preprocessed_Dataset/kau-bcmd/kau-bcmd_747.jpg,Normal,non-cancer,BC0022201,train
kau-bcmd,Preprocessed_Dataset/kau-bcmd/kau-bcmd_748.jpg,Normal,non-cancer,BC0022201,train
kau-bcmd,Preprocessed_Dataset/kau-bcmd/kau-bcmd_749.jpg,Normal,non-cancer,BC0022201,train
kau-bcmd,Preprocessed_Dataset/kau-bcmd/kau-bcmd_750.jpg,Normal,non-cancer,BC0022201,train
kau-bcmd,Preprocessed_Dataset/kau-bcmd/kau-bcmd_751.jpg,Normal,non-cancer,BC0021864,train
kau-bcmd,Preprocessed_Dataset/kau-bcmd/kau-bcmd_752.jpg,Normal,non-cancer,BC0021864,train
kau-bcmd,Preprocessed_Dataset/kau-bcmd/kau-bcmd_753.jpg,Normal,non-cancer,BC0021864,train
kau-bcmd,Preprocessed_Dataset/kau-bcmd/kau-bcmd_754.jpg,Normal,non-cancer,BC0021864,train
kau-bcmd,Preprocessed_Dataset/kau-bcmd/kau-bcmd_755.jpg,Benign,non-cancer,BC0022021,val
kau-bcmd,Preprocessed_Dataset/kau-bcmd/kau-bcmd_756.jpg,Benign,non-cancer,BC0022021,val
kau-bcmd,Preprocessed_Dataset/kau-bcmd/kau-bcmd_757.jpg,Benign,non-cancer,BC0022021,val
kau-bcmd,Preprocessed_Dataset/kau-bcmd/kau-bcmd_758.jpg,Benign,non-cancer,BC0022021,val
kau-bcmd,Preprocessed_Dataset/kau-bcmd/kau-bcmd_759.jpg,Normal,non-cancer,BC000283,train
kau-bcmd,Preprocessed_Dataset/kau-bcmd/kau-bcmd_760.jpg,Normal,non-cancer,BC000283,train
kau-bcmd,Preprocessed_Dataset/kau-bcmd/kau-bcmd_761.jpg,Normal,non-cancer,BC000283,train
kau-bcmd,Preprocessed_Dataset/kau-bcmd/kau-bcmd_762.jpg,Normal,non-cancer,BC000283,train
kau-bcmd,Preprocessed_Dataset/kau-bcmd/kau-bcmd_763.jpg,Normal,non-cancer,BC0022029,train
kau-bcmd,Preprocessed_Dataset/kau-bcmd/kau-bcmd_764.jpg,Normal,non-cancer,BC0022029,train
kau-bcmd,Preprocessed_Dataset/kau-bcmd/kau-bcmd_765.jpg,Normal,non-cancer,BC0022029,train
kau-bcmd,Preprocessed_Dataset/kau-bcmd/kau-bcmd_766.jpg,Normal,non-cancer,BC0022029,train
kau-bcmd,Preprocessed_Dataset/kau-bcmd/kau-bcmd_767.jpg,Normal,non-cancer,BC0022033,train
kau-bcmd,Preprocessed_Dataset/kau-bcmd/kau-bcmd_768.jpg,Normal,non-cancer,BC0022033,train
kau-bcmd,Preprocessed_Dataset/kau-bcmd/kau-bcmd_769.jpg,Normal,non-cancer,BC0022033,train
kau-bcmd,Preprocessed_Dataset/kau-bcmd/kau-bcmd_770.jpg,Normal,non-cancer,BC0022033,train
kau-bcmd,Preprocessed_Dataset/kau-bcmd/kau-bcmd_771.jpg,Normal,non-cancer,BC0021862,test
kau-bcmd,Preprocessed_Dataset/kau-bcmd/kau-bcmd_772.jpg,Normal,non-cancer,BC0021862,test
kau-bcmd,Preprocessed_Dataset/kau-bcmd/kau-bcmd_773.jpg,Normal,non-cancer,BC0021862,test
kau-bcmd,Preprocessed_Dataset/kau-bcmd/kau-bcmd_774.jpg,Normal,non-cancer,BC0021862,test
kau-bcmd,Preprocessed_Dataset/kau-bcmd/kau-bcmd_775.jpg,Benign,non-cancer,BC0022143,test
kau-bcmd,Preprocessed_Dataset/kau-bcmd/kau-bcmd_776.jpg,Benign,non-cancer,BC0022143,test
kau-bcmd,Preprocessed_Dataset/kau-bcmd/kau-bcmd_777.jpg,Benign,non-cancer,BC0022143,test
kau-bcmd,Preprocessed_Dataset/kau-bcmd/kau-bcmd_778.jpg,Benign,non-cancer,BC0022143,test
kau-bcmd,Preprocessed_Dataset/kau-bcmd/kau-bcmd_779.jpg,Normal,non-cancer,BC0022141,train
kau-bcmd,Preprocessed_Dataset/kau-bcmd/kau-bcmd_780.jpg,Normal,non-cancer,BC0022141,train
kau-bcmd,Preprocessed_Dataset/kau-bcmd/kau-bcmd_781.jpg,Normal,non-cancer,BC0022141,train
kau-bcmd,Preprocessed_Dataset/kau-bcmd/kau-bcmd_782.jpg,Normal,non-cancer,BC0022141,train
kau-bcmd,Preprocessed_Dataset/kau-bcmd/kau-bcmd_783.jpg,Normal,non-cancer,BC0022102,train
kau-bcmd,Preprocessed_Dataset/kau-bcmd/kau-bcmd_784.jpg,Normal,non-cancer,BC0022102,train
kau-bcmd,Preprocessed_Dataset/kau-bcmd/kau-bcmd_785.jpg,Normal,non-cancer,BC0022102,train
kau-bcmd,Preprocessed_Dataset/kau-bcmd/kau-bcmd_786.jpg,Normal,non-cancer,BC0022102,train
kau-bcmd,Preprocessed_Dataset/kau-bcmd/kau-bcmd_787.jpg,Benign,non-cancer,BC0022121,val
kau-bcmd,Preprocessed_Dataset/kau-bcmd/kau-bcmd_788.jpg,Benign,non-cancer,BC0022121,val
kau-bcmd,Preprocessed_Dataset/kau-bcmd/kau-bcmd_789.jpg,Benign,non-cancer,BC0022121,val
kau-bcmd,Preprocessed_Dataset/kau-bcmd/kau-bcmd_790.jpg,Benign,non-cancer,BC0022121,val
kau-bcmd,Preprocessed_Dataset/kau-bcmd/kau-bcmd_791.jpg,Normal,non-cancer,BC0022123,train
kau-bcmd,Preprocessed_Dataset/kau-bcmd/kau-bcmd_792.jpg,Normal,non-cancer,BC0022123,train
kau-bcmd,Preprocessed_Dataset/kau-bcmd/kau-bcmd_793.jpg,Normal,non-cancer,BC0022123,train
kau-bcmd,Preprocessed_Dataset/kau-bcmd/kau-bcmd_794.jpg,Normal,non-cancer,BC0022123,train
kau-bcmd,Preprocessed_Dataset/kau-bcmd/kau-bcmd_795.jpg,Normal,non-cancer,BC0022041,train
kau-bcmd,Preprocessed_Dataset/kau-bcmd/kau-bcmd_796.jpg,Normal,non-cancer,BC0022041,train
kau-bcmd,Preprocessed_Dataset/kau-bcmd/kau-bcmd_797.jpg,Normal,non-cancer,BC0022041,train
kau-bcmd,Preprocessed_Dataset/kau-bcmd/kau-bcmd_798.jpg,Normal,non-cancer,BC0022041,train
kau-bcmd,Preprocessed_Dataset/kau-bcmd/kau-bcmd_799.jpg,Benign,non-cancer,BC0022122,train
kau-bcmd,Preprocessed_Dataset/kau-bcmd/kau-bcmd_800.jpg,Benign,non-cancer,BC0022122,train
kau-bcmd,Preprocessed_Dataset/kau-bcmd/kau-bcmd_801.jpg,Benign,non-cancer,BC0022122,train
kau-bcmd,Preprocessed_Dataset/kau-bcmd/kau-bcmd_802.jpg,Benign,non-cancer,BC0022122,train
kau-bcmd,Preprocessed_Dataset/kau-bcmd/kau-bcmd_803.jpg,Benign,non-cancer,BC0022030,train
kau-bcmd,Preprocessed_Dataset/kau-bcmd/kau-bcmd_804.jpg,Benign,non-cancer,BC0022030,train
kau-bcmd,Preprocessed_Dataset/kau-bcmd/kau-bcmd_805.jpg,Benign,non-cancer,BC0022030,train
kau-bcmd,Preprocessed_Dataset/kau-bcmd/kau-bcmd_806.jpg,Benign,non-cancer,BC0022030,train
kau-bcmd,Preprocessed_Dataset/kau-bcmd/kau-bcmd_807.jpg,Normal,non-cancer,BC0022062,test
kau-bcmd,Preprocessed_Dataset/kau-bcmd/kau-bcmd_808.jpg,Normal,non-cancer,BC0022062,test
kau-bcmd,Preprocessed_Dataset/kau-bcmd/kau-bcmd_809.jpg,Normal,non-cancer,BC0022062,test
kau-bcmd,Preprocessed_Dataset/kau-bcmd/kau-bcmd_810.jpg,Normal,non-cancer,BC0022062,test
kau-bcmd,Preprocessed_Dataset/kau-bcmd/kau-bcmd_811.jpg,Normal,non-cancer,BC0021867,train
kau-bcmd,Preprocessed_Dataset/kau-bcmd/kau-bcmd_812.jpg,Normal,non-cancer,BC0021867,train
kau-bcmd,Preprocessed_Dataset/kau-bcmd/kau-bcmd_813.jpg,Normal,non-cancer,BC0021867,train
kau-bcmd,Preprocessed_Dataset/kau-bcmd/kau-bcmd_814.jpg,Normal,non-cancer,BC0021867,train
kau-bcmd,Preprocessed_Dataset/kau-bcmd/kau-bcmd_815.jpg,Normal,non-cancer,BC0022024,train
kau-bcmd,Preprocessed_Dataset/kau-bcmd/kau-bcmd_816.jpg,Normal,non-cancer,BC0022024,train
kau-bcmd,Preprocessed_Dataset/kau-bcmd/kau-bcmd_817.jpg,Normal,non-cancer,BC0022024,train
kau-bcmd,Preprocessed_Dataset/kau-bcmd/kau-bcmd_818.jpg,Normal,non-cancer,BC0022024,train
kau-bcmd,Preprocessed_Dataset/kau-bcmd/kau-bcmd_819.jpg,Malignant,cancer,BC0022025,val
kau-bcmd,Preprocessed_Dataset/kau-bcmd/kau-bcmd_820.jpg,Malignant,cancer,BC0022025,val
kau-bcmd,Preprocessed_Dataset/kau-bcmd/kau-bcmd_821.jpg,Malignant,cancer,BC0022025,val
kau-bcmd,Preprocessed_Dataset/kau-bcmd/kau-bcmd_822.jpg,Malignant,cancer,BC0022025,val
kau-bcmd,Preprocessed_Dataset/kau-bcmd/kau-bcmd_823.jpg,Benign,non-cancer,BC0022022,train
kau-bcmd,Preprocessed_Dataset/kau-bcmd/kau-bcmd_824.jpg,Benign,non-cancer,BC0022022,train
kau-bcmd,Preprocessed_Dataset/kau-bcmd/kau-bcmd_825.jpg,Benign,non-cancer,BC0022022,train
kau-bcmd,Preprocessed_Dataset/kau-bcmd/kau-bcmd_826.jpg,Benign,non-cancer,BC0022022,train
kau-bcmd,Preprocessed_Dataset/kau-bcmd/kau-bcmd_827.jpg,Normal,non-cancer,BC0022064,train
kau-bcmd,Preprocessed_Dataset/kau-bcmd/kau-bcmd_828.jpg,Normal,non-cancer,BC0022064,train
kau-bcmd,Preprocessed_Dataset/kau-bcmd/kau-bcmd_829.jpg,Normal,non-cancer,BC0022064,train
kau-bcmd,Preprocessed_Dataset/kau-bcmd/kau-bcmd_830.jpg,Normal,non-cancer,BC0022064,train
kau-bcmd,Preprocessed_Dataset/kau-bcmd/kau-bcmd_831.jpg,Normal,non-cancer,BC0022032,test
kau-bcmd,Preprocessed_Dataset/kau-bcmd/kau-bcmd_832.jpg,Normal,non-cancer,BC0022032,test
kau-bcmd,Preprocessed_Dataset/kau-bcmd/kau-bcmd_833.jpg,Normal,non-cancer,BC0022032,test
kau-bcmd,Preprocessed_Dataset/kau-bcmd/kau-bcmd_834.jpg,Normal,non-cancer,BC0022032,test
kau-bcmd,Preprocessed_Dataset/kau-bcmd/kau-bcmd_835.jpg,Normal,non-cancer,BC0021962,train
kau-bcmd,Preprocessed_Dataset/kau-bcmd/kau-bcmd_836.jpg,Normal,non-cancer,BC0021962,train
kau-bcmd,Preprocessed_Dataset/kau-bcmd/kau-bcmd_837.jpg,Normal,non-cancer,BC0021962,train
kau-bcmd,Preprocessed_Dataset/kau-bcmd/kau-bcmd_838.jpg,Normal,non-cancer,BC0021962,train
kau-bcmd,Preprocessed_Dataset/kau-bcmd/kau-bcmd_839.jpg,Benign,non-cancer,BC0021965,train
kau-bcmd,Preprocessed_Dataset/kau-bcmd/kau-bcmd_840.jpg,Benign,non-cancer,BC0021965,train
kau-bcmd,Preprocessed_Dataset/kau-bcmd/kau-bcmd_841.jpg,Benign,non-cancer,BC0021965,train
kau-bcmd,Preprocessed_Dataset/kau-bcmd/kau-bcmd_842.jpg,Benign,non-cancer,BC0021965,train
kau-bcmd,Preprocessed_Dataset/kau-bcmd/kau-bcmd_843.jpg,Malignant,cancer,BC0021981,train
kau-bcmd,Preprocessed_Dataset/kau-bcmd/kau-bcmd_844.jpg,Malignant,cancer,BC0021981,train
kau-bcmd,Preprocessed_Dataset/kau-bcmd/kau-bcmd_845.jpg,Normal,non-cancer,BC0021981,train
kau-bcmd,Preprocessed_Dataset/kau-bcmd/kau-bcmd_846.jpg,Normal,non-cancer,BC0021981,train
kau-bcmd,Preprocessed_Dataset/kau-bcmd/kau-bcmd_847.jpg,Benign,non-cancer,BC0021964,train
kau-bcmd,Preprocessed_Dataset/kau-bcmd/kau-bcmd_848.jpg,Benign,non-cancer,BC0021964,train
kau-bcmd,Preprocessed_Dataset/kau-bcmd/kau-bcmd_849.jpg,Benign,non-cancer,BC0021964,train
kau-bcmd,Preprocessed_Dataset/kau-bcmd/kau-bcmd_850.jpg,Benign,non-cancer,BC0021964,train
kau-bcmd,Preprocessed_Dataset/kau-bcmd/kau-bcmd_851.jpg,Normal,non-cancer,BC018303,test
kau-bcmd,Preprocessed_Dataset/kau-bcmd/kau-bcmd_852.jpg,Normal,non-cancer,BC018303,test
kau-bcmd,Preprocessed_Dataset/kau-bcmd/kau-bcmd_853.jpg,Normal,non-cancer,BC018303,test
kau-bcmd,Preprocessed_Dataset/kau-bcmd/kau-bcmd_854.jpg,Normal,non-cancer,BC018303,test
kau-bcmd,Preprocessed_Dataset/kau-bcmd/kau-bcmd_855.jpg,Normal,non-cancer,BC0021942,train
kau-bcmd,Preprocessed_Dataset/kau-bcmd/kau-bcmd_856.jpg,Normal,non-cancer,BC0021942,train
kau-bcmd,Preprocessed_Dataset/kau-bcmd/kau-bcmd_857.jpg,Normal,non-cancer,BC0021942,train
kau-bcmd,Preprocessed_Dataset/kau-bcmd/kau-bcmd_858.jpg,Normal,non-cancer,BC0021942,train
kau-bcmd,Preprocessed_Dataset/kau-bcmd/kau-bcmd_859.jpg,Normal,non-cancer,BC0021868,train
kau-bcmd,Preprocessed_Dataset/kau-bcmd/kau-bcmd_860.jpg,Normal,non-cancer,BC0021868,train
kau-bcmd,Preprocessed_Dataset/kau-bcmd/kau-bcmd_861.jpg,Normal,non-cancer,BC0021868,train
kau-bcmd,Preprocessed_Dataset/kau-bcmd/kau-bcmd_862.jpg,Normal,non-cancer,BC0021868,train
kau-bcmd,Preprocessed_Dataset/kau-bcmd/kau-bcmd_863.jpg,Suspicious Malignant,cancer,BC0021865,train
kau-bcmd,Preprocessed_Dataset/kau-bcmd/kau-bcmd_864.jpg,Suspicious Malignant,cancer,BC0021865,train
kau-bcmd,Preprocessed_Dataset/kau-bcmd/kau-bcmd_865.jpg,Normal,non-cancer,BC0021865,train
kau-bcmd,Preprocessed_Dataset/kau-bcmd/kau-bcmd_866.jpg,Normal,non-cancer,BC0021865,train
kau-bcmd,Preprocessed_Dataset/kau-bcmd/kau-bcmd_867.jpg,Normal,non-cancer,BC0021922,train
kau-bcmd,Preprocessed_Dataset/kau-bcmd/kau-bcmd_868.jpg,Normal,non-cancer,BC0021922,train
kau-bcmd,Preprocessed_Dataset/kau-bcmd/kau-bcmd_869.jpg,Normal,non-cancer,BC0021922,train
kau-bcmd,Preprocessed_Dataset/kau-bcmd/kau-bcmd_870.jpg,Normal,non-cancer,BC0021922,train
kau-bcmd,Preprocessed_Dataset/kau-bcmd/kau-bcmd_871.jpg,Normal,non-cancer,BC0021861,test
kau-bcmd,Preprocessed_Dataset/kau-bcmd/kau-bcmd_872.jpg,Normal,non-cancer,BC0021861,test
kau-bcmd,Preprocessed_Dataset/kau-bcmd/kau-bcmd_873.jpg,Normal,non-cancer,BC0021861,test
kau-bcmd,Preprocessed_Dataset/kau-bcmd/kau-bcmd_874.jpg,Normal,non-cancer,BC0021861,test
kau-bcmd,Preprocessed_Dataset/kau-bcmd/kau-bcmd_875.jpg,Normal,non-cancer,BC0021807,train
kau-bcmd,Preprocessed_Dataset/kau-bcmd/kau-bcmd_876.jpg,Normal,non-cancer,BC0021807,train
kau-bcmd,Preprocessed_Dataset/kau-bcmd/kau-bcmd_877.jpg,Normal,non-cancer,BC0021807,train
kau-bcmd,Preprocessed_Dataset/kau-bcmd/kau-bcmd_878.jpg,Normal,non-cancer,BC0021807,train
kau-bcmd,Preprocessed_Dataset/kau-bcmd/kau-bcmd_879.jpg,Benign,non-cancer,BC0021921,train
kau-bcmd,Preprocessed_Dataset/kau-bcmd/kau-bcmd_880.jpg,Benign,non-cancer,BC0021921,train
kau-bcmd,Preprocessed_Dataset/kau-bcmd/kau-bcmd_881.jpg,Benign,non-cancer,BC0021921,train
kau-bcmd,Preprocessed_Dataset/kau-bcmd/kau-bcmd_882.jpg,Benign,non-cancer,BC0021921,train
kau-bcmd,Preprocessed_Dataset/kau-bcmd/kau-bcmd_883.jpg,Benign,non-cancer,BC0021884,train
kau-bcmd,Preprocessed_Dataset/kau-bcmd/kau-bcmd_884.jpg,Benign,non-cancer,BC0021884,train
kau-bcmd,Preprocessed_Dataset/kau-bcmd/kau-bcmd_885.jpg,Benign,non-cancer,BC0021884,train
kau-bcmd,Preprocessed_Dataset/kau-bcmd/kau-bcmd_886.jpg,Benign,non-cancer,BC0021884,train
kau-bcmd,Preprocessed_Dataset/kau-bcmd/kau-bcmd_887.jpg,Benign,non-cancer,BC0021881,train
kau-bcmd,Preprocessed_Dataset/kau-bcmd/kau-bcmd_888.jpg,Benign,non-cancer,BC0021881,train
kau-bcmd,Preprocessed_Dataset/kau-bcmd/kau-bcmd_889.jpg,Benign,non-cancer,BC0021881,train
kau-bcmd,Preprocessed_Dataset/kau-bcmd/kau-bcmd_890.jpg,Benign,non-cancer,BC0021881,train
kau-bcmd,Preprocessed_Dataset/kau-bcmd/kau-bcmd_891.jpg,Normal,non-cancer,BC0021883,train
kau-bcmd,Preprocessed_Dataset/kau-bcmd/kau-bcmd_892.jpg,Normal,non-cancer,BC0021883,train
kau-bcmd,Preprocessed_Dataset/kau-bcmd/kau-bcmd_893.jpg,Suspicious Malignant,cancer,BC0021883,train
kau-bcmd,Preprocessed_Dataset/kau-bcmd/kau-bcmd_894.jpg,Suspicious Malignant,cancer,BC0021883,train
kau-bcmd,Preprocessed_Dataset/kau-bcmd/kau-bcmd_895.jpg,Normal,non-cancer,BC009723,train
kau-bcmd,Preprocessed_Dataset/kau-bcmd/kau-bcmd_896.jpg,Normal,non-cancer,BC009723,train
kau-bcmd,Preprocessed_Dataset/kau-bcmd/kau-bcmd_897.jpg,Normal,non-cancer,BC009723,train
kau-bcmd,Preprocessed_Dataset/kau-bcmd/kau-bcmd_898.jpg,Normal,non-cancer,BC009723,train
kau-bcmd,Preprocessed_Dataset/kau-bcmd/kau-bcmd_899.jpg,Normal,non-cancer,BC0021885,train
kau-bcmd,Preprocessed_Dataset/kau-bcmd/kau-bcmd_900.jpg,Normal,non-cancer,BC0021885,train
kau-bcmd,Preprocessed_Dataset/kau-bcmd/kau-bcmd_901.jpg,Normal,non-cancer,BC0021885,train
kau-bcmd,Preprocessed_Dataset/kau-bcmd/kau-bcmd_902.jpg,Normal,non-cancer,BC0021885,train
kau-bcmd,Preprocessed_Dataset/kau-bcmd/kau-bcmd_903.jpg,Benign,non-cancer,BC0021882,train
kau-bcmd,Preprocessed_Dataset/kau-bcmd/kau-bcmd_904.jpg,Benign,non-cancer,BC0021882,train
kau-bcmd,Preprocessed_Dataset/kau-bcmd/kau-bcmd_905.jpg,Benign,non-cancer,BC0021882,train
kau-bcmd,Preprocessed_Dataset/kau-bcmd/kau-bcmd_906.jpg,Benign,non-cancer,BC0021882,train
kau-bcmd,Preprocessed_Dataset/kau-bcmd/kau-bcmd_907.jpg,Normal,non-cancer,BC0021841,val
kau-bcmd,Preprocessed_Dataset/kau-bcmd/kau-bcmd_908.jpg,Normal,non-cancer,BC0021841,val
kau-bcmd,Preprocessed_Dataset/kau-bcmd/kau-bcmd_909.jpg,Normal,non-cancer,BC0021841,val
kau-bcmd,Preprocessed_Dataset/kau-bcmd/kau-bcmd_910.jpg,Normal,non-cancer,BC0021841,val
kau-bcmd,Preprocessed_Dataset/kau-bcmd/kau-bcmd_911.jpg,Normal,non-cancer,BC0021844,train
kau-bcmd,Preprocessed_Dataset/kau-bcmd/kau-bcmd_912.jpg,Normal,non-cancer,BC0021844,train
kau-bcmd,Preprocessed_Dataset/kau-bcmd/kau-bcmd_913.jpg,Normal,non-cancer,BC0021844,train
kau-bcmd,Preprocessed_Dataset/kau-bcmd/kau-bcmd_914.jpg,Normal,non-cancer,BC0021844,train
kau-bcmd,Preprocessed_Dataset/kau-bcmd/kau-bcmd_915.jpg,Normal,non-cancer,BC0021821,train
kau-bcmd,Preprocessed_Dataset/kau-bcmd/kau-bcmd_916.jpg,Normal,non-cancer,BC0021821,train
kau-bcmd,Preprocessed_Dataset/kau-bcmd/kau-bcmd_917.jpg,Normal,non-cancer,BC0021821,train
kau-bcmd,Preprocessed_Dataset/kau-bcmd/kau-bcmd_918.jpg,Normal,non-cancer,BC0021821,train
kau-bcmd,Preprocessed_Dataset/kau-bcmd/kau-bcmd_919.jpg,Benign,non-cancer,BC0021823,train
kau-bcmd,Preprocessed_Dataset/kau-bcmd/kau-bcmd_920.jpg,Benign,non-cancer,BC0021823,train
kau-bcmd,Preprocessed_Dataset/kau-bcmd/kau-bcmd_921.jpg,Benign,non-cancer,BC0021823,train
kau-bcmd,Preprocessed_Dataset/kau-bcmd/kau-bcmd_922.jpg,Benign,non-cancer,BC0021823,train
kau-bcmd,Preprocessed_Dataset/kau-bcmd/kau-bcmd_923.jpg,Normal,non-cancer,BC018561,train
kau-bcmd,Preprocessed_Dataset/kau-bcmd/kau-bcmd_924.jpg,Normal,non-cancer,BC018561,train
kau-bcmd,Preprocessed_Dataset/kau-bcmd/kau-bcmd_925.jpg,Normal,non-cancer,BC018561,train
kau-bcmd,Preprocessed_Dataset/kau-bcmd/kau-bcmd_926.jpg,Normal,non-cancer,BC018561,train
kau-bcmd,Preprocessed_Dataset/kau-bcmd/kau-bcmd_927.jpg,Benign,non-cancer,BC0021822,train
kau-bcmd,Preprocessed_Dataset/kau-bcmd/kau-bcmd_928.jpg,Benign,non-cancer,BC0021822,train
kau-bcmd,Preprocessed_Dataset/kau-bcmd/kau-bcmd_929.jpg,Benign,non-cancer,BC0021822,train
kau-bcmd,Preprocessed_Dataset/kau-bcmd/kau-bcmd_930.jpg,Benign,non-cancer,BC0021822,train
kau-bcmd,Preprocessed_Dataset/kau-bcmd/kau-bcmd_931.jpg,Normal,non-cancer,BC0021701,val
kau-bcmd,Preprocessed_Dataset/kau-bcmd/kau-bcmd_932.jpg,Normal,non-cancer,BC0021701,val
kau-bcmd,Preprocessed_Dataset/kau-bcmd/kau-bcmd_933.jpg,Normal,non-cancer,BC0021701,val
kau-bcmd,Preprocessed_Dataset/kau-bcmd/kau-bcmd_934.jpg,Normal,non-cancer,BC0021701,val
kau-bcmd,Preprocessed_Dataset/kau-bcmd/kau-bcmd_935.jpg,Benign,non-cancer,BC0021825,train
kau-bcmd,Preprocessed_Dataset/kau-bcmd/kau-bcmd_936.jpg,Benign,non-cancer,BC0021825,train
kau-bcmd,Preprocessed_Dataset/kau-bcmd/kau-bcmd_937.jpg,Benign,non-cancer,BC0021825,train
kau-bcmd,Preprocessed_Dataset/kau-bcmd/kau-bcmd_938.jpg,Benign,non-cancer,BC0021825,train
kau-bcmd,Preprocessed_Dataset/kau-bcmd/kau-bcmd_939.jpg,Normal,non-cancer,BC0021784,val
kau-bcmd,Preprocessed_Dataset/kau-bcmd/kau-bcmd_940.jpg,Normal,non-cancer,BC0021784,val
kau-bcmd,Preprocessed_Dataset/kau-bcmd/kau-bcmd_941.jpg,Normal,non-cancer,BC0021785,test
kau-bcmd,Preprocessed_Dataset/kau-bcmd/kau-bcmd_942.jpg,Normal,non-cancer,BC0021785,test
kau-bcmd,Preprocessed_Dataset/kau-bcmd/kau-bcmd_943.jpg,Normal,non-cancer,BC0021785,test
kau-bcmd,Preprocessed_Dataset/kau-bcmd/kau-bcmd_944.jpg,Normal,non-cancer,BC0021785,test
kau-bcmd,Preprocessed_Dataset/kau-bcmd/kau-bcmd_945.jpg,Normal,non-cancer,BC0021782,val
kau-bcmd,Preprocessed_Dataset/kau-bcmd/kau-bcmd_946.jpg,Normal,non-cancer,BC0021782,val
kau-bcmd,Preprocessed_Dataset/kau-bcmd/kau-bcmd_947.jpg,Normal,non-cancer,BC0021782,val
kau-bcmd,Preprocessed_Dataset/kau-bcmd/kau-bcmd_948.jpg,Normal,non-cancer,BC0021782,val
kau-bcmd,Preprocessed_Dataset/kau-bcmd/kau-bcmd_949.jpg,Benign,non-cancer,BC0021663,val
kau-bcmd,Preprocessed_Dataset/kau-bcmd/kau-bcmd_950.jpg,Benign,non-cancer,BC0021663,val
kau-bcmd,Preprocessed_Dataset/kau-bcmd/kau-bcmd_951.jpg,Benign,non-cancer,BC0021663,val
kau-bcmd,Preprocessed_Dataset/kau-bcmd/kau-bcmd_952.jpg,Benign,non-cancer,BC0021663,val
kau-bcmd,Preprocessed_Dataset/kau-bcmd/kau-bcmd_953.jpg,Normal,non-cancer,BC0021783,val
kau-bcmd,Preprocessed_Dataset/kau-bcmd/kau-bcmd_954.jpg,Normal,non-cancer,BC0021783,val
kau-bcmd,Preprocessed_Dataset/kau-bcmd/kau-bcmd_955.jpg,Normal,non-cancer,BC0021783,val
kau-bcmd,Preprocessed_Dataset/kau-bcmd/kau-bcmd_956.jpg,Normal,non-cancer,BC0021783,val
kau-bcmd,Preprocessed_Dataset/kau-bcmd/kau-bcmd_957.jpg,Benign,non-cancer,BC004661,train
kau-bcmd,Preprocessed_Dataset/kau-bcmd/kau-bcmd_958.jpg,Benign,non-cancer,BC004661,train
kau-bcmd,Preprocessed_Dataset/kau-bcmd/kau-bcmd_959.jpg,Benign,non-cancer,BC004661,train
kau-bcmd,Preprocessed_Dataset/kau-bcmd/kau-bcmd_960.jpg,Benign,non-cancer,BC004661,train
kau-bcmd,Preprocessed_Dataset/kau-bcmd/kau-bcmd_961.jpg,Benign,non-cancer,BC0021761,test
kau-bcmd,Preprocessed_Dataset/kau-bcmd/kau-bcmd_962.jpg,Benign,non-cancer,BC0021761,test
kau-bcmd,Preprocessed_Dataset/kau-bcmd/kau-bcmd_963.jpg,Benign,non-cancer,BC0021761,test
kau-bcmd,Preprocessed_Dataset/kau-bcmd/kau-bcmd_964.jpg,Benign,non-cancer,BC0021761,test
kau-bcmd,Preprocessed_Dataset/kau-bcmd/kau-bcmd_965.jpg,Suspicious Malignant,cancer,BC0021746,test
kau-bcmd,Preprocessed_Dataset/kau-bcmd/kau-bcmd_966.jpg,Suspicious Malignant,cancer,BC0021746,test
kau-bcmd,Preprocessed_Dataset/kau-bcmd/kau-bcmd_967.jpg,Suspicious Malignant,cancer,BC0021746,test
kau-bcmd,Preprocessed_Dataset/kau-bcmd/kau-bcmd_968.jpg,Suspicious Malignant,cancer,BC0021746,test
kau-bcmd,Preprocessed_Dataset/kau-bcmd/kau-bcmd_969.jpg,Normal,non-cancer,BC0021747,val
kau-bcmd,Preprocessed_Dataset/kau-bcmd/kau-bcmd_970.jpg,Normal,non-cancer,BC0021747,val
kau-bcmd,Preprocessed_Dataset/kau-bcmd/kau-bcmd_971.jpg,Normal,non-cancer,BC0021747,val
kau-bcmd,Preprocessed_Dataset/kau-bcmd/kau-bcmd_972.jpg,Normal,non-cancer,BC0021747,val
kau-bcmd,Preprocessed_Dataset/kau-bcmd/kau-bcmd_973.jpg,Normal,non-cancer,BC0021741,train
kau-bcmd,Preprocessed_Dataset/kau-bcmd/kau-bcmd_974.jpg,Normal,non-cancer,BC0021741,train
kau-bcmd,Preprocessed_Dataset/kau-bcmd/kau-bcmd_975.jpg,Normal,non-cancer,BC0021741,train
kau-bcmd,Preprocessed_Dataset/kau-bcmd/kau-bcmd_976.jpg,Normal,non-cancer,BC0021741,train
kau-bcmd,Preprocessed_Dataset/kau-bcmd/kau-bcmd_977.jpg,Normal,non-cancer,BC0021731,train
kau-bcmd,Preprocessed_Dataset/kau-bcmd/kau-bcmd_978.jpg,Normal,non-cancer,BC0021731,train
kau-bcmd,Preprocessed_Dataset/kau-bcmd/kau-bcmd_979.jpg,Suspicious Malignant,cancer,BC0021731,train
kau-bcmd,Preprocessed_Dataset/kau-bcmd/kau-bcmd_980.jpg,Suspicious Malignant,cancer,BC0021731,train
kau-bcmd,Preprocessed_Dataset/kau-bcmd/kau-bcmd_981.jpg,Normal,non-cancer,BC0021723,train
kau-bcmd,Preprocessed_Dataset/kau-bcmd/kau-bcmd_982.jpg,Normal,non-cancer,BC0021723,train
kau-bcmd,Preprocessed_Dataset/kau-bcmd/kau-bcmd_983.jpg,Suspicious Malignant,cancer,BC0021723,train
kau-bcmd,Preprocessed_Dataset/kau-bcmd/kau-bcmd_984.jpg,Suspicious Malignant,cancer,BC0021723,train
kau-bcmd,Preprocessed_Dataset/kau-bcmd/kau-bcmd_985.jpg,Normal,non-cancer,BC0021725,train
kau-bcmd,Preprocessed_Dataset/kau-bcmd/kau-bcmd_986.jpg,Normal,non-cancer,BC0021725,train
kau-bcmd,Preprocessed_Dataset/kau-bcmd/kau-bcmd_987.jpg,Normal,non-cancer,BC0021725,train
kau-bcmd,Preprocessed_Dataset/kau-bcmd/kau-bcmd_988.jpg,Normal,non-cancer,BC0021725,train
kau-bcmd,Preprocessed_Dataset/kau-bcmd/kau-bcmd_989.jpg,Suspicious Malignant,cancer,BC0021735,train
kau-bcmd,Preprocessed_Dataset/kau-bcmd/kau-bcmd_990.jpg,Suspicious Malignant,cancer,BC0021735,train
kau-bcmd,Preprocessed_Dataset/kau-bcmd/kau-bcmd_991.jpg,Suspicious Malignant,cancer,BC0021735,train
kau-bcmd,Preprocessed_Dataset/kau-bcmd/kau-bcmd_992.jpg,Suspicious Malignant,cancer,BC0021735,train
kau-bcmd,Preprocessed_Dataset/kau-bcmd/kau-bcmd_993.jpg,Benign,non-cancer,BC0021730,val
kau-bcmd,Preprocessed_Dataset/kau-bcmd/kau-bcmd_994.jpg,Benign,non-cancer,BC0021730,val
kau-bcmd,Preprocessed_Dataset/kau-bcmd/kau-bcmd_995.jpg,Benign,non-cancer,BC0021730,val
kau-bcmd,Preprocessed_Dataset/kau-bcmd/kau-bcmd_996.jpg,Benign,non-cancer,BC0021730,val
kau-bcmd,Preprocessed_Dataset/kau-bcmd/kau-bcmd_997.jpg,Benign,non-cancer,BC0021726,train
kau-bcmd,Preprocessed_Dataset/kau-bcmd/kau-bcmd_998.jpg,Benign,non-cancer,BC0021726,train
kau-bcmd,Preprocessed_Dataset/kau-bcmd/kau-bcmd_999.jpg,Benign,non-cancer,BC0021726,train
kau-bcmd,Preprocessed_Dataset/kau-bcmd/kau-bcmd_1000.jpg,Benign,non-cancer,BC0021726,train
kau-bcmd,Preprocessed_Dataset/kau-bcmd/kau-bcmd_1001.jpg,Suspicious Malignant,cancer,BC0021724,test
kau-bcmd,Preprocessed_Dataset/kau-bcmd/kau-bcmd_1002.jpg,Suspicious Malignant,cancer,BC0021724,test
kau-bcmd,Preprocessed_Dataset/kau-bcmd/kau-bcmd_1003.jpg,Suspicious Malignant,cancer,BC0021724,test
kau-bcmd,Preprocessed_Dataset/kau-bcmd/kau-bcmd_1004.jpg,Suspicious Malignant,cancer,BC0021724,test
kau-bcmd,Preprocessed_Dataset/kau-bcmd/kau-bcmd_1005.jpg,Normal,non-cancer,BC0021641,test
kau-bcmd,Preprocessed_Dataset/kau-bcmd/kau-bcmd_1006.jpg,Normal,non-cancer,BC0021641,test
kau-bcmd,Preprocessed_Dataset/kau-bcmd/kau-bcmd_1007.jpg,Normal,non-cancer,BC0021641,test
kau-bcmd,Preprocessed_Dataset/kau-bcmd/kau-bcmd_1008.jpg,Normal,non-cancer,BC004861,train
kau-bcmd,Preprocessed_Dataset/kau-bcmd/kau-bcmd_1009.jpg,Normal,non-cancer,BC004861,train
kau-bcmd,Preprocessed_Dataset/kau-bcmd/kau-bcmd_1010.jpg,Normal,non-cancer,BC004861,train
kau-bcmd,Preprocessed_Dataset/kau-bcmd/kau-bcmd_1011.jpg,Normal,non-cancer,BC004861,train
kau-bcmd,Preprocessed_Dataset/kau-bcmd/kau-bcmd_1012.jpg,Normal,non-cancer,BC0021642,train
kau-bcmd,Preprocessed_Dataset/kau-bcmd/kau-bcmd_1013.jpg,Normal,non-cancer,BC0021642,train
kau-bcmd,Preprocessed_Dataset/kau-bcmd/kau-bcmd_1014.jpg,Malignant,cancer,BC0021642,train
kau-bcmd,Preprocessed_Dataset/kau-bcmd/kau-bcmd_1015.jpg,Malignant,cancer,BC0021642,train
kau-bcmd,Preprocessed_Dataset/kau-bcmd/kau-bcmd_1016.jpg,Normal,non-cancer,BC005602,train
kau-bcmd,Preprocessed_Dataset/kau-bcmd/kau-bcmd_1017.jpg,Normal,non-cancer,BC005602,train
kau-bcmd,Preprocessed_Dataset/kau-bcmd/kau-bcmd_1018.jpg,Normal,non-cancer,BC005602,train
kau-bcmd,Preprocessed_Dataset/kau-bcmd/kau-bcmd_1019.jpg,Normal,non-cancer,BC005602,train
kau-bcmd,Preprocessed_Dataset/kau-bcmd/kau-bcmd_1020.jpg,Normal,non-cancer,BC004102,train
kau-bcmd,Preprocessed_Dataset/kau-bcmd/kau-bcmd_1021.jpg,Normal,non-cancer,BC004102,train
kau-bcmd,Preprocessed_Dataset/kau-bcmd/kau-bcmd_1022.jpg,Normal,non-cancer,BC004102,train
kau-bcmd,Preprocessed_Dataset/kau-bcmd/kau-bcmd_1023.jpg,Normal,non-cancer,BC004102,train
kau-bcmd,Preprocessed_Dataset/kau-bcmd/kau-bcmd_1024.jpg,Normal,non-cancer,BC003801,train
kau-bcmd,Preprocessed_Dataset/kau-bcmd/kau-bcmd_1025.jpg,Normal,non-cancer,BC003801,train
kau-bcmd,Preprocessed_Dataset/kau-bcmd/kau-bcmd_1026.jpg,Normal,non-cancer,BC003801,train
kau-bcmd,Preprocessed_Dataset/kau-bcmd/kau-bcmd_1027.jpg,Normal,non-cancer,BC003801,train
kau-bcmd,Preprocessed_Dataset/kau-bcmd/kau-bcmd_1028.jpg,Normal,non-cancer,BC0021541,train
kau-bcmd,Preprocessed_Dataset/kau-bcmd/kau-bcmd_1029.jpg,Normal,non-cancer,BC0021541,train
kau-bcmd,Preprocessed_Dataset/kau-bcmd/kau-bcmd_1030.jpg,Normal,non-cancer,BC0021541,train
kau-bcmd,Preprocessed_Dataset/kau-bcmd/kau-bcmd_1031.jpg,Normal,non-cancer,BC0021541,train
kau-bcmd,Preprocessed_Dataset/kau-bcmd/kau-bcmd_1032.jpg,Normal,non-cancer,BC018121,train
kau-bcmd,Preprocessed_Dataset/kau-bcmd/kau-bcmd_1033.jpg,Normal,non-cancer,BC018121,train
kau-bcmd,Preprocessed_Dataset/kau-bcmd/kau-bcmd_1034.jpg,Normal,non-cancer,BC018121,train
kau-bcmd,Preprocessed_Dataset/kau-bcmd/kau-bcmd_1035.jpg,Normal,non-cancer,BC018121,train
kau-bcmd,Preprocessed_Dataset/kau-bcmd/kau-bcmd_1036.jpg,Normal,non-cancer,BC005421,train
kau-bcmd,Preprocessed_Dataset/kau-bcmd/kau-bcmd_1037.jpg,Normal,non-cancer,BC005421,train
kau-bcmd,Preprocessed_Dataset/kau-bcmd/kau-bcmd_1038.jpg,Malignant,cancer,BC005421,train
kau-bcmd,Preprocessed_Dataset/kau-bcmd/kau-bcmd_1039.jpg,Malignant,cancer,BC005421,train
kau-bcmd,Preprocessed_Dataset/kau-bcmd/kau-bcmd_1040.jpg,Normal,non-cancer,BC017701,val
kau-bcmd,Preprocessed_Dataset/kau-bcmd/kau-bcmd_1041.jpg,Normal,non-cancer,BC017701,val
kau-bcmd,Preprocessed_Dataset/kau-bcmd/kau-bcmd_1042.jpg,Normal,non-cancer,BC017701,val
kau-bcmd,Preprocessed_Dataset/kau-bcmd/kau-bcmd_1043.jpg,Normal,non-cancer,BC017701,val
kau-bcmd,Preprocessed_Dataset/kau-bcmd/kau-bcmd_1044.jpg,Normal,non-cancer,BC004221,train
kau-bcmd,Preprocessed_Dataset/kau-bcmd/kau-bcmd_1045.jpg,Normal,non-cancer,BC004221,train
kau-bcmd,Preprocessed_Dataset/kau-bcmd/kau-bcmd_1046.jpg,Normal,non-cancer,BC004221,train
kau-bcmd,Preprocessed_Dataset/kau-bcmd/kau-bcmd_1047.jpg,Normal,non-cancer,BC004221,train
kau-bcmd,Preprocessed_Dataset/kau-bcmd/kau-bcmd_1048.jpg,Benign,non-cancer,BC0021502,train
kau-bcmd,Preprocessed_Dataset/kau-bcmd/kau-bcmd_1049.jpg,Benign,non-cancer,BC0021502,train
kau-bcmd,Preprocessed_Dataset/kau-bcmd/kau-bcmd_1050.jpg,Benign,non-cancer,BC0021502,train
kau-bcmd,Preprocessed_Dataset/kau-bcmd/kau-bcmd_1051.jpg,Benign,non-cancer,BC0021502,train
kau-bcmd,Preprocessed_Dataset/kau-bcmd/kau-bcmd_1052.jpg,Normal,non-cancer,BC0021401,test
kau-bcmd,Preprocessed_Dataset/kau-bcmd/kau-bcmd_1053.jpg,Normal,non-cancer,BC0021401,test
kau-bcmd,Preprocessed_Dataset/kau-bcmd/kau-bcmd_1054.jpg,Normal,non-cancer,BC0021401,test
kau-bcmd,Preprocessed_Dataset/kau-bcmd/kau-bcmd_1055.jpg,Normal,non-cancer,BC0021401,test
kau-bcmd,Preprocessed_Dataset/kau-bcmd/kau-bcmd_1056.jpg,Normal,non-cancer,BC0021421,train
kau-bcmd,Preprocessed_Dataset/kau-bcmd/kau-bcmd_1057.jpg,Normal,non-cancer,BC0021421,train
kau-bcmd,Preprocessed_Dataset/kau-bcmd/kau-bcmd_1058.jpg,Normal,non-cancer,BC0021421,train
kau-bcmd,Preprocessed_Dataset/kau-bcmd/kau-bcmd_1059.jpg,Normal,non-cancer,BC0021421,train
kau-bcmd,Preprocessed_Dataset/kau-bcmd/kau-bcmd_1060.jpg,Normal,non-cancer,BC0021442,train
kau-bcmd,Preprocessed_Dataset/kau-bcmd/kau-bcmd_1061.jpg,Normal,non-cancer,BC0021442,train
kau-bcmd,Preprocessed_Dataset/kau-bcmd/kau-bcmd_1062.jpg,Normal,non-cancer,BC0021442,train
kau-bcmd,Preprocessed_Dataset/kau-bcmd/kau-bcmd_1063.jpg,Normal,non-cancer,BC0021442,train
kau-bcmd,Preprocessed_Dataset/kau-bcmd/kau-bcmd_1064.jpg,Normal,non-cancer,BC015743,train
kau-bcmd,Preprocessed_Dataset/kau-bcmd/kau-bcmd_1065.jpg,Normal,non-cancer,BC015743,train
kau-bcmd,Preprocessed_Dataset/kau-bcmd/kau-bcmd_1066.jpg,Normal,non-cancer,BC015743,train
kau-bcmd,Preprocessed_Dataset/kau-bcmd/kau-bcmd_1067.jpg,Normal,non-cancer,BC015743,train
kau-bcmd,Preprocessed_Dataset/kau-bcmd/kau-bcmd_1068.jpg,Normal,non-cancer,BC012521,train
kau-bcmd,Preprocessed_Dataset/kau-bcmd/kau-bcmd_1069.jpg,Normal,non-cancer,BC012521,train
kau-bcmd,Preprocessed_Dataset/kau-bcmd/kau-bcmd_1070.jpg,Normal,non-cancer,BC012521,train
kau-bcmd,Preprocessed_Dataset/kau-bcmd/kau-bcmd_1071.jpg,Normal,non-cancer,BC012521,train
kau-bcmd,Preprocessed_Dataset/kau-bcmd/kau-bcmd_1072.jpg,Normal,non-cancer,BC0021181,train
kau-bcmd,Preprocessed_Dataset/kau-bcmd/kau-bcmd_1073.jpg,Normal,non-cancer,BC0021181,train
kau-bcmd,Preprocessed_Dataset/kau-bcmd/kau-bcmd_1074.jpg,Normal,non-cancer,BC0021181,train
kau-bcmd,Preprocessed_Dataset/kau-bcmd/kau-bcmd_1075.jpg,Normal,non-cancer,BC0021181,train
kau-bcmd,Preprocessed_Dataset/kau-bcmd/kau-bcmd_1076.jpg,Benign,non-cancer,BC009783,train
kau-bcmd,Preprocessed_Dataset/kau-bcmd/kau-bcmd_1077.jpg,Benign,non-cancer,BC009783,train
kau-bcmd,Preprocessed_Dataset/kau-bcmd/kau-bcmd_1078.jpg,Benign,non-cancer,BC009783,train
kau-bcmd,Preprocessed_Dataset/kau-bcmd/kau-bcmd_1079.jpg,Benign,non-cancer,BC009783,train
kau-bcmd,Preprocessed_Dataset/kau-bcmd/kau-bcmd_1080.jpg,Normal,non-cancer,BC009782,train
kau-bcmd,Preprocessed_Dataset/kau-bcmd/kau-bcmd_1081.jpg,Normal,non-cancer,BC009782,train
kau-bcmd,Preprocessed_Dataset/kau-bcmd/kau-bcmd_1082.jpg,Normal,non-cancer,BC009782,train
kau-bcmd,Preprocessed_Dataset/kau-bcmd/kau-bcmd_1083.jpg,Normal,non-cancer,BC009782,train
kau-bcmd,Preprocessed_Dataset/kau-bcmd/kau-bcmd_1084.jpg,Benign,non-cancer,BC0021302,val
kau-bcmd,Preprocessed_Dataset/kau-bcmd/kau-bcmd_1085.jpg,Benign,non-cancer,BC0021302,val
kau-bcmd,Preprocessed_Dataset/kau-bcmd/kau-bcmd_1086.jpg,Benign,non-cancer,BC0021302,val
kau-bcmd,Preprocessed_Dataset/kau-bcmd/kau-bcmd_1087.jpg,Benign,non-cancer,BC0021302,val
kau-bcmd,Preprocessed_Dataset/kau-bcmd/kau-bcmd_1088.jpg,Normal,non-cancer,BC003741,val
kau-bcmd,Preprocessed_Dataset/kau-bcmd/kau-bcmd_1089.jpg,Normal,non-cancer,BC003741,val
kau-bcmd,Preprocessed_Dataset/kau-bcmd/kau-bcmd_1090.jpg,Normal,non-cancer,BC003741,val
kau-bcmd,Preprocessed_Dataset/kau-bcmd/kau-bcmd_1091.jpg,Normal,non-cancer,BC003741,val
kau-bcmd,Preprocessed_Dataset/kau-bcmd/kau-bcmd_1092.jpg,Normal,non-cancer,BC017561,train
kau-bcmd,Preprocessed_Dataset/kau-bcmd/kau-bcmd_1093.jpg,Normal,non-cancer,BC017561,train
kau-bcmd,Preprocessed_Dataset/kau-bcmd/kau-bcmd_1094.jpg,Normal,non-cancer,BC017561,train
kau-bcmd,Preprocessed_Dataset/kau-bcmd/kau-bcmd_1095.jpg,Normal,non-cancer,BC017561,train
kau-bcmd,Preprocessed_Dataset/kau-bcmd/kau-bcmd_1096.jpg,Normal,non-cancer,BC0021141,test
kau-bcmd,Preprocessed_Dataset/kau-bcmd/kau-bcmd_1097.jpg,Normal,non-cancer,BC0021141,test
kau-bcmd,Preprocessed_Dataset/kau-bcmd/kau-bcmd_1098.jpg,Normal,non-cancer,BC0021141,test
kau-bcmd,Preprocessed_Dataset/kau-bcmd/kau-bcmd_1099.jpg,Normal,non-cancer,BC0021141,test
kau-bcmd,Preprocessed_Dataset/kau-bcmd/kau-bcmd_1100.jpg,Suspicious Malignant,cancer,BC017121,train
kau-bcmd,Preprocessed_Dataset/kau-bcmd/kau-bcmd_1101.jpg,Suspicious Malignant,cancer,BC017121,train
kau-bcmd,Preprocessed_Dataset/kau-bcmd/kau-bcmd_1102.jpg,Normal,non-cancer,BC017121,train
kau-bcmd,Preprocessed_Dataset/kau-bcmd/kau-bcmd_1103.jpg,Normal,non-cancer,BC017121,train
kau-bcmd,Preprocessed_Dataset/kau-bcmd/kau-bcmd_1104.jpg,Normal,non-cancer,BC009804,train
kau-bcmd,Preprocessed_Dataset/kau-bcmd/kau-bcmd_1105.jpg,Normal,non-cancer,BC009804,train
kau-bcmd,Preprocessed_Dataset/kau-bcmd/kau-bcmd_1106.jpg,Normal,non-cancer,BC009804,train
kau-bcmd,Preprocessed_Dataset/kau-bcmd/kau-bcmd_1107.jpg,Normal,non-cancer,BC009804,train
kau-bcmd,Preprocessed_Dataset/kau-bcmd/kau-bcmd_1108.jpg,Normal,non-cancer,BC012744,test
kau-bcmd,Preprocessed_Dataset/kau-bcmd/kau-bcmd_1109.jpg,Normal,non-cancer,BC012744,test
kau-bcmd,Preprocessed_Dataset/kau-bcmd/kau-bcmd_1110.jpg,Normal,non-cancer,BC012744,test
kau-bcmd,Preprocessed_Dataset/kau-bcmd/kau-bcmd_1111.jpg,Normal,non-cancer,BC012744,test
kau-bcmd,Preprocessed_Dataset/kau-bcmd/kau-bcmd_1112.jpg,Normal,non-cancer,BC003301,train
kau-bcmd,Preprocessed_Dataset/kau-bcmd/kau-bcmd_1113.jpg,Normal,non-cancer,BC003301,train
kau-bcmd,Preprocessed_Dataset/kau-bcmd/kau-bcmd_1114.jpg,Normal,non-cancer,BC003301,train
kau-bcmd,Preprocessed_Dataset/kau-bcmd/kau-bcmd_1115.jpg,Normal,non-cancer,BC003301,train
kau-bcmd,Preprocessed_Dataset/kau-bcmd/kau-bcmd_1116.jpg,Benign,non-cancer,BC017301,train
kau-bcmd,Preprocessed_Dataset/kau-bcmd/kau-bcmd_1117.jpg,Benign,non-cancer,BC017301,train
kau-bcmd,Preprocessed_Dataset/kau-bcmd/kau-bcmd_1118.jpg,Benign,non-cancer,BC017301,train
kau-bcmd,Preprocessed_Dataset/kau-bcmd/kau-bcmd_1119.jpg,Benign,non-cancer,BC017301,train
kau-bcmd,Preprocessed_Dataset/kau-bcmd/kau-bcmd_1120.jpg,Normal,non-cancer,BC011521,train
kau-bcmd,Preprocessed_Dataset/kau-bcmd/kau-bcmd_1121.jpg,Normal,non-cancer,BC011521,train
kau-bcmd,Preprocessed_Dataset/kau-bcmd/kau-bcmd_1122.jpg,Normal,non-cancer,BC011521,train
kau-bcmd,Preprocessed_Dataset/kau-bcmd/kau-bcmd_1123.jpg,Normal,non-cancer,BC011521,train
kau-bcmd,Preprocessed_Dataset/kau-bcmd/kau-bcmd_1124.jpg,Normal,non-cancer,BC016843,train
kau-bcmd,Preprocessed_Dataset/kau-bcmd/kau-bcmd_1125.jpg,Normal,non-cancer,BC016843,train
kau-bcmd,Preprocessed_Dataset/kau-bcmd/kau-bcmd_1126.jpg,Normal,non-cancer,BC016843,train
kau-bcmd,Preprocessed_Dataset/kau-bcmd/kau-bcmd_1127.jpg,Normal,non-cancer,BC016843,train
kau-bcmd,Preprocessed_Dataset/kau-bcmd/kau-bcmd_1128.jpg,Normal,non-cancer,BC0020821,train
kau-bcmd,Preprocessed_Dataset/kau-bcmd/kau-bcmd_1129.jpg,Normal,non-cancer,BC0020821,train
kau-bcmd,Preprocessed_Dataset/kau-bcmd/kau-bcmd_1130.jpg,Normal,non-cancer,BC0020821,train
kau-bcmd,Preprocessed_Dataset/kau-bcmd/kau-bcmd_1131.jpg,Normal,non-cancer,BC0020821,train
kau-bcmd,Preprocessed_Dataset/kau-bcmd/kau-bcmd_1132.jpg,Normal,non-cancer,BC016845,test
kau-bcmd,Preprocessed_Dataset/kau-bcmd/kau-bcmd_1133.jpg,Normal,non-cancer,BC016845,test
kau-bcmd,Preprocessed_Dataset/kau-bcmd/kau-bcmd_1134.jpg,Normal,non-cancer,BC016845,test
kau-bcmd,Preprocessed_Dataset/kau-bcmd/kau-bcmd_1135.jpg,Normal,non-cancer,BC016845,test
kau-bcmd,Preprocessed_Dataset/kau-bcmd/kau-bcmd_1136.jpg,Normal,non-cancer,BC011181,train
kau-bcmd,Preprocessed_Dataset/kau-bcmd/kau-bcmd_1137.jpg,Normal,non-cancer,BC011181,train
kau-bcmd,Preprocessed_Dataset/kau-bcmd/kau-bcmd_1138.jpg,Normal,non-cancer,BC011181,train
kau-bcmd,Preprocessed_Dataset/kau-bcmd/kau-bcmd_1139.jpg,Normal,non-cancer,BC011181,train
kau-bcmd,Preprocessed_Dataset/kau-bcmd/kau-bcmd_1140.jpg,Normal,non-cancer,BC002101,train
kau-bcmd,Preprocessed_Dataset/kau-bcmd/kau-bcmd_1141.jpg,Normal,non-cancer,BC002101,train
kau-bcmd,Preprocessed_Dataset/kau-bcmd/kau-bcmd_1142.jpg,Normal,non-cancer,BC002101,train
kau-bcmd,Preprocessed_Dataset/kau-bcmd/kau-bcmd_1143.jpg,Normal,non-cancer,BC002101,train
kau-bcmd,Preprocessed_Dataset/kau-bcmd/kau-bcmd_1144.jpg,Normal,non-cancer,BC0020801,train
kau-bcmd,Preprocessed_Dataset/kau-bcmd/kau-bcmd_1145.jpg,Normal,non-cancer,BC0020801,train
kau-bcmd,Preprocessed_Dataset/kau-bcmd/kau-bcmd_1146.jpg,Normal,non-cancer,BC0020801,train
kau-bcmd,Preprocessed_Dataset/kau-bcmd/kau-bcmd_1147.jpg,Normal,non-cancer,BC0020801,train
kau-bcmd,Preprocessed_Dataset/kau-bcmd/kau-bcmd_1148.jpg,Normal,non-cancer,BC014181,train
kau-bcmd,Preprocessed_Dataset/kau-bcmd/kau-bcmd_1149.jpg,Normal,non-cancer,BC014181,train
kau-bcmd,Preprocessed_Dataset/kau-bcmd/kau-bcmd_1150.jpg,Normal,non-cancer,BC014181,train
kau-bcmd,Preprocessed_Dataset/kau-bcmd/kau-bcmd_1151.jpg,Normal,non-cancer,BC014181,train
kau-bcmd,Preprocessed_Dataset/kau-bcmd/kau-bcmd_1152.jpg,Normal,non-cancer,BC016921,train
kau-bcmd,Preprocessed_Dataset/kau-bcmd/kau-bcmd_1153.jpg,Normal,non-cancer,BC016921,train
kau-bcmd,Preprocessed_Dataset/kau-bcmd/kau-bcmd_1154.jpg,Normal,non-cancer,BC016921,train
kau-bcmd,Preprocessed_Dataset/kau-bcmd/kau-bcmd_1155.jpg,Normal,non-cancer,BC016921,train
kau-bcmd,Preprocessed_Dataset/kau-bcmd/kau-bcmd_1156.jpg,Normal,non-cancer,BC011801,test
kau-bcmd,Preprocessed_Dataset/kau-bcmd/kau-bcmd_1157.jpg,Normal,non-cancer,BC011801,test
kau-bcmd,Preprocessed_Dataset/kau-bcmd/kau-bcmd_1158.jpg,Normal,non-cancer,BC011801,test
kau-bcmd,Preprocessed_Dataset/kau-bcmd/kau-bcmd_1159.jpg,Normal,non-cancer,BC011801,test
kau-bcmd,Preprocessed_Dataset/kau-bcmd/kau-bcmd_1160.jpg,Normal,non-cancer,BC012864,val
kau-bcmd,Preprocessed_Dataset/kau-bcmd/kau-bcmd_1161.jpg,Normal,non-cancer,BC012864,val
kau-bcmd,Preprocessed_Dataset/kau-bcmd/kau-bcmd_1162.jpg,Normal,non-cancer,BC012864,val
kau-bcmd,Preprocessed_Dataset/kau-bcmd/kau-bcmd_1163.jpg,Normal,non-cancer,BC012864,val
kau-bcmd,Preprocessed_Dataset/kau-bcmd/kau-bcmd_1164.jpg,Normal,non-cancer,BC012781,train
kau-bcmd,Preprocessed_Dataset/kau-bcmd/kau-bcmd_1165.jpg,Normal,non-cancer,BC012781,train
kau-bcmd,Preprocessed_Dataset/kau-bcmd/kau-bcmd_1166.jpg,Normal,non-cancer,BC012781,train
kau-bcmd,Preprocessed_Dataset/kau-bcmd/kau-bcmd_1167.jpg,Normal,non-cancer,BC012781,train
kau-bcmd,Preprocessed_Dataset/kau-bcmd/kau-bcmd_1168.jpg,Normal,non-cancer,BC012941,train
kau-bcmd,Preprocessed_Dataset/kau-bcmd/kau-bcmd_1169.jpg,Normal,non-cancer,BC012941,train
kau-bcmd,Preprocessed_Dataset/kau-bcmd/kau-bcmd_1170.jpg,Normal,non-cancer,BC012941,train
kau-bcmd,Preprocessed_Dataset/kau-bcmd/kau-bcmd_1171.jpg,Normal,non-cancer,BC012941,train
kau-bcmd,Preprocessed_Dataset/kau-bcmd/kau-bcmd_1172.jpg,Normal,non-cancer,BC011621,train
kau-bcmd,Preprocessed_Dataset/kau-bcmd/kau-bcmd_1173.jpg,Normal,non-cancer,BC011621,train
kau-bcmd,Preprocessed_Dataset/kau-bcmd/kau-bcmd_1174.jpg,Normal,non-cancer,BC011621,train
kau-bcmd,Preprocessed_Dataset/kau-bcmd/kau-bcmd_1175.jpg,Normal,non-cancer,BC011621,train
kau-bcmd,Preprocessed_Dataset/kau-bcmd/kau-bcmd_1176.jpg,Normal,non-cancer,BC0020721,test
kau-bcmd,Preprocessed_Dataset/kau-bcmd/kau-bcmd_1177.jpg,Normal,non-cancer,BC0020721,test
kau-bcmd,Preprocessed_Dataset/kau-bcmd/kau-bcmd_1178.jpg,Normal,non-cancer,BC0020721,test
kau-bcmd,Preprocessed_Dataset/kau-bcmd/kau-bcmd_1179.jpg,Normal,non-cancer,BC0020721,test
kau-bcmd,Preprocessed_Dataset/kau-bcmd/kau-bcmd_1180.jpg,Normal,non-cancer,BC000601,test
kau-bcmd,Preprocessed_Dataset/kau-bcmd/kau-bcmd_1181.jpg,Normal,non-cancer,BC000601,test
kau-bcmd,Preprocessed_Dataset/kau-bcmd/kau-bcmd_1182.jpg,Normal,non-cancer,BC000601,test
kau-bcmd,Preprocessed_Dataset/kau-bcmd/kau-bcmd_1183.jpg,Normal,non-cancer,BC000601,test
kau-bcmd,Preprocessed_Dataset/kau-bcmd/kau-bcmd_1184.jpg,Normal,non-cancer,BC010161,val
kau-bcmd,Preprocessed_Dataset/kau-bcmd/kau-bcmd_1185.jpg,Normal,non-cancer,BC010161,val
kau-bcmd,Preprocessed_Dataset/kau-bcmd/kau-bcmd_1186.jpg,Normal,non-cancer,BC010161,val
kau-bcmd,Preprocessed_Dataset/kau-bcmd/kau-bcmd_1187.jpg,Normal,non-cancer,BC010161,val
kau-bcmd,Preprocessed_Dataset/kau-bcmd/kau-bcmd_1188.jpg,Normal,non-cancer,BC0020581,train
kau-bcmd,Preprocessed_Dataset/kau-bcmd/kau-bcmd_1189.jpg,Normal,non-cancer,BC0020581,train
kau-bcmd,Preprocessed_Dataset/kau-bcmd/kau-bcmd_1190.jpg,Normal,non-cancer,BC0020581,train
kau-bcmd,Preprocessed_Dataset/kau-bcmd/kau-bcmd_1191.jpg,Normal,non-cancer,BC0020581,train
kau-bcmd,Preprocessed_Dataset/kau-bcmd/kau-bcmd_1192.jpg,Normal,non-cancer,BC016243,train
kau-bcmd,Preprocessed_Dataset/kau-bcmd/kau-bcmd_1193.jpg,Normal,non-cancer,BC016243,train
kau-bcmd,Preprocessed_Dataset/kau-bcmd/kau-bcmd_1194.jpg,Normal,non-cancer,BC016243,train
kau-bcmd,Preprocessed_Dataset/kau-bcmd/kau-bcmd_1195.jpg,Normal,non-cancer,BC016243,train
kau-bcmd,Preprocessed_Dataset/kau-bcmd/kau-bcmd_1196.jpg,Normal,non-cancer,BC0020541,train
kau-bcmd,Preprocessed_Dataset/kau-bcmd/kau-bcmd_1197.jpg,Normal,non-cancer,BC0020541,train
kau-bcmd,Preprocessed_Dataset/kau-bcmd/kau-bcmd_1198.jpg,Normal,non-cancer,BC0020541,train
kau-bcmd,Preprocessed_Dataset/kau-bcmd/kau-bcmd_1199.jpg,Normal,non-cancer,BC0020541,train
kau-bcmd,Preprocessed_Dataset/kau-bcmd/kau-bcmd_1200.jpg,Normal,non-cancer,BC008703,test
kau-bcmd,Preprocessed_Dataset/kau-bcmd/kau-bcmd_1201.jpg,Normal,non-cancer,BC008703,test
kau-bcmd,Preprocessed_Dataset/kau-bcmd/kau-bcmd_1202.jpg,Normal,non-cancer,BC008703,test
kau-bcmd,Preprocessed_Dataset/kau-bcmd/kau-bcmd_1203.jpg,Normal,non-cancer,BC008703,test
kau-bcmd,Preprocessed_Dataset/kau-bcmd/kau-bcmd_1204.jpg,Normal,non-cancer,BC0020521,train
kau-bcmd,Preprocessed_Dataset/kau-bcmd/kau-bcmd_1205.jpg,Normal,non-cancer,BC0020521,train
kau-bcmd,Preprocessed_Dataset/kau-bcmd/kau-bcmd_1206.jpg,Suspicious Malignant,cancer,BC0020521,train
kau-bcmd,Preprocessed_Dataset/kau-bcmd/kau-bcmd_1207.jpg,Suspicious Malignant,cancer,BC0020521,train
kau-bcmd,Preprocessed_Dataset/kau-bcmd/kau-bcmd_1208.jpg,Normal,non-cancer,BC0020441,train
kau-bcmd,Preprocessed_Dataset/kau-bcmd/kau-bcmd_1209.jpg,Normal,non-cancer,BC0020441,train
kau-bcmd,Preprocessed_Dataset/kau-bcmd/kau-bcmd_1210.jpg,Normal,non-cancer,BC0020441,train
kau-bcmd,Preprocessed_Dataset/kau-bcmd/kau-bcmd_1211.jpg,Normal,non-cancer,BC0020441,train
kau-bcmd,Preprocessed_Dataset/kau-bcmd/kau-bcmd_1212.jpg,Suspicious Malignant,cancer,BC0020421,train
kau-bcmd,Preprocessed_Dataset/kau-bcmd/kau-bcmd_1213.jpg,Suspicious Malignant,cancer,BC0020421,train
kau-bcmd,Preprocessed_Dataset/kau-bcmd/kau-bcmd_1214.jpg,Normal,non-cancer,BC0020421,train
kau-bcmd,Preprocessed_Dataset/kau-bcmd/kau-bcmd_1215.jpg,Normal,non-cancer,BC0020421,train
kau-bcmd,Preprocessed_Dataset/kau-bcmd/kau-bcmd_1216.jpg,Normal,non-cancer,BC0020501,train
kau-bcmd,Preprocessed_Dataset/kau-bcmd/kau-bcmd_1217.jpg,Normal,non-cancer,BC0020501,train
kau-bcmd,Preprocessed_Dataset/kau-bcmd/kau-bcmd_1218.jpg,Normal,non-cancer,BC0020501,train
kau-bcmd,Preprocessed_Dataset/kau-bcmd/kau-bcmd_1219.jpg,Normal,non-cancer,BC0020501,train
kau-bcmd,Preprocessed_Dataset/kau-bcmd/kau-bcmd_1220.jpg,Normal,non-cancer,BC015861,train
kau-bcmd,Preprocessed_Dataset/kau-bcmd/kau-bcmd_1221.jpg,Normal,non-cancer,BC015861,train
kau-bcmd,Preprocessed_Dataset/kau-bcmd/kau-bcmd_1222.jpg,Normal,non-cancer,BC015861,train
kau-bcmd,Preprocessed_Dataset/kau-bcmd/kau-bcmd_1223.jpg,Normal,non-cancer,BC015861,train
kau-bcmd,Preprocessed_Dataset/kau-bcmd/kau-bcmd_1224.jpg,Normal,non-cancer,BC015881,train
kau-bcmd,Preprocessed_Dataset/kau-bcmd/kau-bcmd_1225.jpg,Normal,non-cancer,BC015881,train
kau-bcmd,Preprocessed_Dataset/kau-bcmd/kau-bcmd_1226.jpg,Normal,non-cancer,BC015881,train
kau-bcmd,Preprocessed_Dataset/kau-bcmd/kau-bcmd_1227.jpg,Normal,non-cancer,BC015881,train
kau-bcmd,Preprocessed_Dataset/kau-bcmd/kau-bcmd_1228.jpg,Normal,non-cancer,BC015862,train
kau-bcmd,Preprocessed_Dataset/kau-bcmd/kau-bcmd_1229.jpg,Normal,non-cancer,BC015862,train
kau-bcmd,Preprocessed_Dataset/kau-bcmd/kau-bcmd_1230.jpg,Normal,non-cancer,BC015862,train
kau-bcmd,Preprocessed_Dataset/kau-bcmd/kau-bcmd_1231.jpg,Normal,non-cancer,BC015862,train
kau-bcmd,Preprocessed_Dataset/kau-bcmd/kau-bcmd_1232.jpg,Benign,non-cancer,BC0020381,val
kau-bcmd,Preprocessed_Dataset/kau-bcmd/kau-bcmd_1233.jpg,Benign,non-cancer,BC0020381,val
kau-bcmd,Preprocessed_Dataset/kau-bcmd/kau-bcmd_1234.jpg,Benign,non-cancer,BC0020381,val
kau-bcmd,Preprocessed_Dataset/kau-bcmd/kau-bcmd_1235.jpg,Benign,non-cancer,BC0020381,val
kau-bcmd,Preprocessed_Dataset/kau-bcmd/kau-bcmd_1236.jpg,Normal,non-cancer,BC003842,train
kau-bcmd,Preprocessed_Dataset/kau-bcmd/kau-bcmd_1237.jpg,Normal,non-cancer,BC003842,train
kau-bcmd,Preprocessed_Dataset/kau-bcmd/kau-bcmd_1238.jpg,Normal,non-cancer,BC003842,train
kau-bcmd,Preprocessed_Dataset/kau-bcmd/kau-bcmd_1239.jpg,Normal,non-cancer,BC003842,train
kau-bcmd,Preprocessed_Dataset/kau-bcmd/kau-bcmd_1240.jpg,Benign,non-cancer,BC015902,train
kau-bcmd,Preprocessed_Dataset/kau-bcmd/kau-bcmd_1241.jpg,Benign,non-cancer,BC015902,train
kau-bcmd,Preprocessed_Dataset/kau-bcmd/kau-bcmd_1242.jpg,Benign,non-cancer,BC015902,train
kau-bcmd,Preprocessed_Dataset/kau-bcmd/kau-bcmd_1243.jpg,Benign,non-cancer,BC015902,train
kau-bcmd,Preprocessed_Dataset/kau-bcmd/kau-bcmd_1244.jpg,Normal,non-cancer,BC0020361,train
kau-bcmd,Preprocessed_Dataset/kau-bcmd/kau-bcmd_1245.jpg,Normal,non-cancer,BC0020361,train
kau-bcmd,Preprocessed_Dataset/kau-bcmd/kau-bcmd_1246.jpg,Suspicious Malignant,cancer,BC0020361,train
kau-bcmd,Preprocessed_Dataset/kau-bcmd/kau-bcmd_1247.jpg,Suspicious Malignant,cancer,BC0020361,train
kau-bcmd,Preprocessed_Dataset/kau-bcmd/kau-bcmd_1248.jpg,Normal,non-cancer,BC0020161,test
kau-bcmd,Preprocessed_Dataset/kau-bcmd/kau-bcmd_1249.jpg,Normal,non-cancer,BC0020161,test
kau-bcmd,Preprocessed_Dataset/kau-bcmd/kau-bcmd_1250.jpg,Normal,non-cancer,BC0020161,test
kau-bcmd,Preprocessed_Dataset/kau-bcmd/kau-bcmd_1251.jpg,Normal,non-cancer,BC0020161,test
kau-bcmd,Preprocessed_Dataset/kau-bcmd/kau-bcmd_1252.jpg,Suspicious Malignant,cancer,BC0020261,train
kau-bcmd,Preprocessed_Dataset/kau-bcmd/kau-bcmd_1253.jpg,Suspicious Malignant,cancer,BC0020261,train
kau-bcmd,Preprocessed_Dataset/kau-bcmd/kau-bcmd_1254.jpg,Normal,non-cancer,BC0020261,train
kau-bcmd,Preprocessed_Dataset/kau-bcmd/kau-bcmd_1255.jpg,Normal,non-cancer,BC0020261,train
kau-bcmd,Preprocessed_Dataset/kau-bcmd/kau-bcmd_1256.jpg,Normal,non-cancer,BC0020301,train
kau-bcmd,Preprocessed_Dataset/kau-bcmd/kau-bcmd_1257.jpg,Normal,non-cancer,BC0020301,train
kau-bcmd,Preprocessed_Dataset/kau-bcmd/kau-bcmd_1258.jpg,Normal,non-cancer,BC0020301,train
kau-bcmd,Preprocessed_Dataset/kau-bcmd/kau-bcmd_1259.jpg,Normal,non-cancer,BC0020301,train
kau-bcmd,Preprocessed_Dataset/kau-bcmd/kau-bcmd_1260.jpg,Normal,non-cancer,BC0020141,val
kau-bcmd,Preprocessed_Dataset/kau-bcmd/kau-bcmd_1261.jpg,Normal,non-cancer,BC0020141,val
kau-bcmd,Preprocessed_Dataset/kau-bcmd/kau-bcmd_1262.jpg,Normal,non-cancer,BC0020141,val
kau-bcmd,Preprocessed_Dataset/kau-bcmd/kau-bcmd_1263.jpg,Normal,non-cancer,BC0020141,val
kau-bcmd,Preprocessed_Dataset/kau-bcmd/kau-bcmd_1264.jpg,Normal,non-cancer,BC019901,train
kau-bcmd,Preprocessed_Dataset/kau-bcmd/kau-bcmd_1265.jpg,Normal,non-cancer,BC019901,train
kau-bcmd,Preprocessed_Dataset/kau-bcmd/kau-bcmd_1266.jpg,Normal,non-cancer,BC019901,train
kau-bcmd,Preprocessed_Dataset/kau-bcmd/kau-bcmd_1267.jpg,Normal,non-cancer,BC019901,train
kau-bcmd,Preprocessed_Dataset/kau-bcmd/kau-bcmd_1268.jpg,Normal,non-cancer,BC0020241,train
kau-bcmd,Preprocessed_Dataset/kau-bcmd/kau-bcmd_1269.jpg,Normal,non-cancer,BC0020241,train
kau-bcmd,Preprocessed_Dataset/kau-bcmd/kau-bcmd_1270.jpg,Normal,non-cancer,BC0020241,train
kau-bcmd,Preprocessed_Dataset/kau-bcmd/kau-bcmd_1271.jpg,Normal,non-cancer,BC0020241,train
kau-bcmd,Preprocessed_Dataset/kau-bcmd/kau-bcmd_1272.jpg,Benign,non-cancer,BC0020201,train
kau-bcmd,Preprocessed_Dataset/kau-bcmd/kau-bcmd_1273.jpg,Benign,non-cancer,BC0020201,train
kau-bcmd,Preprocessed_Dataset/kau-bcmd/kau-bcmd_1274.jpg,Benign,non-cancer,BC0020201,train
kau-bcmd,Preprocessed_Dataset/kau-bcmd/kau-bcmd_1275.jpg,Benign,non-cancer,BC0020201,train
kau-bcmd,Preprocessed_Dataset/kau-bcmd/kau-bcmd_1276.jpg,Normal,non-cancer,BC020041,val
kau-bcmd,Preprocessed_Dataset/kau-bcmd/kau-bcmd_1277.jpg,Normal,non-cancer,BC020041,val
kau-bcmd,Preprocessed_Dataset/kau-bcmd/kau-bcmd_1278.jpg,Normal,non-cancer,BC020041,val
kau-bcmd,Preprocessed_Dataset/kau-bcmd/kau-bcmd_1279.jpg,Normal,non-cancer,BC020041,val
kau-bcmd,Preprocessed_Dataset/kau-bcmd/kau-bcmd_1280.jpg,Normal,non-cancer,BC020003,val
kau-bcmd,Preprocessed_Dataset/kau-bcmd/kau-bcmd_1281.jpg,Normal,non-cancer,BC020003,val
kau-bcmd,Preprocessed_Dataset/kau-bcmd/kau-bcmd_1282.jpg,Normal,non-cancer,BC020003,val
kau-bcmd,Preprocessed_Dataset/kau-bcmd/kau-bcmd_1283.jpg,Normal,non-cancer,BC020003,val
kau-bcmd,Preprocessed_Dataset/kau-bcmd/kau-bcmd_1284.jpg,Normal,non-cancer,BC019910,test
kau-bcmd,Preprocessed_Dataset/kau-bcmd/kau-bcmd_1285.jpg,Normal,non-cancer,BC019910,test
kau-bcmd,Preprocessed_Dataset/kau-bcmd/kau-bcmd_1286.jpg,Normal,non-cancer,BC019910,test
kau-bcmd,Preprocessed_Dataset/kau-bcmd/kau-bcmd_1287.jpg,Normal,non-cancer,BC019910,test
kau-bcmd,Preprocessed_Dataset/kau-bcmd/kau-bcmd_1288.jpg,Normal,non-cancer,BC019961,test
kau-bcmd,Preprocessed_Dataset/kau-bcmd/kau-bcmd_1289.jpg,Normal,non-cancer,BC019961,test
kau-bcmd,Preprocessed_Dataset/kau-bcmd/kau-bcmd_1290.jpg,Normal,non-cancer,BC019961,test
kau-bcmd,Preprocessed_Dataset/kau-bcmd/kau-bcmd_1291.jpg,Normal,non-cancer,BC019961,test
kau-bcmd,Preprocessed_Dataset/kau-bcmd/kau-bcmd_1292.jpg,Normal,non-cancer,BC019781,test
kau-bcmd,Preprocessed_Dataset/kau-bcmd/kau-bcmd_1293.jpg,Normal,non-cancer,BC019781,test
kau-bcmd,Preprocessed_Dataset/kau-bcmd/kau-bcmd_1294.jpg,Normal,non-cancer,BC019781,test
kau-bcmd,Preprocessed_Dataset/kau-bcmd/kau-bcmd_1295.jpg,Normal,non-cancer,BC019781,test
kau-bcmd,Preprocessed_Dataset/kau-bcmd/kau-bcmd_1296.jpg,Suspicious Malignant,cancer,BC019744,train
kau-bcmd,Preprocessed_Dataset/kau-bcmd/kau-bcmd_1297.jpg,Suspicious Malignant,cancer,BC019744,train
kau-bcmd,Preprocessed_Dataset/kau-bcmd/kau-bcmd_1298.jpg,Normal,non-cancer,BC019744,train
kau-bcmd,Preprocessed_Dataset/kau-bcmd/kau-bcmd_1299.jpg,Normal,non-cancer,BC019744,train
kau-bcmd,Preprocessed_Dataset/kau-bcmd/kau-bcmd_1300.jpg,Normal,non-cancer,BC013041,train
kau-bcmd,Preprocessed_Dataset/kau-bcmd/kau-bcmd_1301.jpg,Normal,non-cancer,BC013041,train
kau-bcmd,Preprocessed_Dataset/kau-bcmd/kau-bcmd_1302.jpg,Normal,non-cancer,BC013041,train
kau-bcmd,Preprocessed_Dataset/kau-bcmd/kau-bcmd_1303.jpg,Normal,non-cancer,BC013041,train
kau-bcmd,Preprocessed_Dataset/kau-bcmd/kau-bcmd_1304.jpg,Benign,non-cancer,BC019861,train
kau-bcmd,Preprocessed_Dataset/kau-bcmd/kau-bcmd_1305.jpg,Benign,non-cancer,BC019861,train
kau-bcmd,Preprocessed_Dataset/kau-bcmd/kau-bcmd_1306.jpg,Benign,non-cancer,BC019861,train
kau-bcmd,Preprocessed_Dataset/kau-bcmd/kau-bcmd_1307.jpg,Benign,non-cancer,BC019861,train
kau-bcmd,Preprocessed_Dataset/kau-bcmd/kau-bcmd_1308.jpg,Benign,non-cancer,BC019681,train
kau-bcmd,Preprocessed_Dataset/kau-bcmd/kau-bcmd_1309.jpg,Benign,non-cancer,BC019681,train
kau-bcmd,Preprocessed_Dataset/kau-bcmd/kau-bcmd_1310.jpg,Benign,non-cancer,BC019681,train
kau-bcmd,Preprocessed_Dataset/kau-bcmd/kau-bcmd_1311.jpg,Benign,non-cancer,BC019681,train
kau-bcmd,Preprocessed_Dataset/kau-bcmd/kau-bcmd_1312.jpg,Suspicious Malignant,cancer,BC019561,val
kau-bcmd,Preprocessed_Dataset/kau-bcmd/kau-bcmd_1313.jpg,Suspicious Malignant,cancer,BC019561,val
kau-bcmd,Preprocessed_Dataset/kau-bcmd/kau-bcmd_1314.jpg,Normal,non-cancer,BC019561,val
kau-bcmd,Preprocessed_Dataset/kau-bcmd/kau-bcmd_1315.jpg,Normal,non-cancer,BC019561,val
kau-bcmd,Preprocessed_Dataset/kau-bcmd/kau-bcmd_1316.jpg,Normal,non-cancer,BC019907,train
kau-bcmd,Preprocessed_Dataset/kau-bcmd/kau-bcmd_1317.jpg,Normal,non-cancer,BC019907,train
kau-bcmd,Preprocessed_Dataset/kau-bcmd/kau-bcmd_1318.jpg,Normal,non-cancer,BC019907,train
kau-bcmd,Preprocessed_Dataset/kau-bcmd/kau-bcmd_1319.jpg,Normal,non-cancer,BC019907,train
kau-bcmd,Preprocessed_Dataset/kau-bcmd/kau-bcmd_1320.jpg,Normal,non-cancer,BC015461,train
kau-bcmd,Preprocessed_Dataset/kau-bcmd/kau-bcmd_1321.jpg,Normal,non-cancer,BC015461,train
kau-bcmd,Preprocessed_Dataset/kau-bcmd/kau-bcmd_1322.jpg,Normal,non-cancer,BC015461,train
kau-bcmd,Preprocessed_Dataset/kau-bcmd/kau-bcmd_1323.jpg,Normal,non-cancer,BC015461,train
kau-bcmd,Preprocessed_Dataset/kau-bcmd/kau-bcmd_1324.jpg,Benign,non-cancer,BC011081,train
kau-bcmd,Preprocessed_Dataset/kau-bcmd/kau-bcmd_1325.jpg,Benign,non-cancer,BC011081,train
kau-bcmd,Preprocessed_Dataset/kau-bcmd/kau-bcmd_1326.jpg,Benign,non-cancer,BC011081,train
kau-bcmd,Preprocessed_Dataset/kau-bcmd/kau-bcmd_1327.jpg,Benign,non-cancer,BC011081,train
kau-bcmd,Preprocessed_Dataset/kau-bcmd/kau-bcmd_1328.jpg,Normal,non-cancer,BC019863,train
kau-bcmd,Preprocessed_Dataset/kau-bcmd/kau-bcmd_1329.jpg,Normal,non-cancer,BC019863,train
kau-bcmd,Preprocessed_Dataset/kau-bcmd/kau-bcmd_1330.jpg,Normal,non-cancer,BC019863,train
kau-bcmd,Preprocessed_Dataset/kau-bcmd/kau-bcmd_1331.jpg,Normal,non-cancer,BC019863,train
kau-bcmd,Preprocessed_Dataset/kau-bcmd/kau-bcmd_1332.jpg,Normal,non-cancer,BC009921,train
kau-bcmd,Preprocessed_Dataset/kau-bcmd/kau-bcmd_1333.jpg,Normal,non-cancer,BC009921,train
kau-bcmd,Preprocessed_Dataset/kau-bcmd/kau-bcmd_1334.jpg,Normal,non-cancer,BC009921,train
kau-bcmd,Preprocessed_Dataset/kau-bcmd/kau-bcmd_1335.jpg,Normal,non-cancer,BC009921,train
kau-bcmd,Preprocessed_Dataset/kau-bcmd/kau-bcmd_1336.jpg,Benign,non-cancer,BC006222,train
kau-bcmd,Preprocessed_Dataset/kau-bcmd/kau-bcmd_1337.jpg,Benign,non-cancer,BC006222,train
kau-bcmd,Preprocessed_Dataset/kau-bcmd/kau-bcmd_1338.jpg,Benign,non-cancer,BC006222,train
kau-bcmd,Preprocessed_Dataset/kau-bcmd/kau-bcmd_1339.jpg,Benign,non-cancer,BC006222,train
kau-bcmd,Preprocessed_Dataset/kau-bcmd/kau-bcmd_1340.jpg,Benign,non-cancer,BC019621,train
kau-bcmd,Preprocessed_Dataset/kau-bcmd/kau-bcmd_1341.jpg,Benign,non-cancer,BC019621,train
kau-bcmd,Preprocessed_Dataset/kau-bcmd/kau-bcmd_1342.jpg,Benign,non-cancer,BC019621,train
kau-bcmd,Preprocessed_Dataset/kau-bcmd/kau-bcmd_1343.jpg,Benign,non-cancer,BC019621,train
kau-bcmd,Preprocessed_Dataset/kau-bcmd/kau-bcmd_1344.jpg,Normal,non-cancer,BC019425,train
kau-bcmd,Preprocessed_Dataset/kau-bcmd/kau-bcmd_1345.jpg,Normal,non-cancer,BC019425,train
kau-bcmd,Preprocessed_Dataset/kau-bcmd/kau-bcmd_1346.jpg,Normal,non-cancer,BC019425,train
kau-bcmd,Preprocessed_Dataset/kau-bcmd/kau-bcmd_1347.jpg,Normal,non-cancer,BC019425,train
kau-bcmd,Preprocessed_Dataset/kau-bcmd/kau-bcmd_1348.jpg,Normal,non-cancer,BC019662,test
kau-bcmd,Preprocessed_Dataset/kau-bcmd/kau-bcmd_1349.jpg,Normal,non-cancer,BC019662,test
kau-bcmd,Preprocessed_Dataset/kau-bcmd/kau-bcmd_1350.jpg,Normal,non-cancer,BC019662,test
kau-bcmd,Preprocessed_Dataset/kau-bcmd/kau-bcmd_1351.jpg,Normal,non-cancer,BC019662,test
kau-bcmd,Preprocessed_Dataset/kau-bcmd/kau-bcmd_1352.jpg,Normal,non-cancer,BC019801,train
kau-bcmd,Preprocessed_Dataset/kau-bcmd/kau-bcmd_1353.jpg,Normal,non-cancer,BC019801,train
kau-bcmd,Preprocessed_Dataset/kau-bcmd/kau-bcmd_1354.jpg,Normal,non-cancer,BC019801,train
kau-bcmd,Preprocessed_Dataset/kau-bcmd/kau-bcmd_1355.jpg,Normal,non-cancer,BC019801,train
kau-bcmd,Preprocessed_Dataset/kau-bcmd/kau-bcmd_1356.jpg,Benign,non-cancer,BC019782,train
kau-bcmd,Preprocessed_Dataset/kau-bcmd/kau-bcmd_1357.jpg,Benign,non-cancer,BC019782,train
kau-bcmd,Preprocessed_Dataset/kau-bcmd/kau-bcmd_1358.jpg,Benign,non-cancer,BC019782,train
kau-bcmd,Preprocessed_Dataset/kau-bcmd/kau-bcmd_1359.jpg,Benign,non-cancer,BC019782,train
kau-bcmd,Preprocessed_Dataset/kau-bcmd/kau-bcmd_1360.jpg,Normal,non-cancer,BC019784,val
kau-bcmd,Preprocessed_Dataset/kau-bcmd/kau-bcmd_1361.jpg,Normal,non-cancer,BC019784,val
kau-bcmd,Preprocessed_Dataset/kau-bcmd/kau-bcmd_1362.jpg,Normal,non-cancer,BC019784,val
kau-bcmd,Preprocessed_Dataset/kau-bcmd/kau-bcmd_1363.jpg,Normal,non-cancer,BC019784,val
kau-bcmd,Preprocessed_Dataset/kau-bcmd/kau-bcmd_1364.jpg,Normal,non-cancer,BC019822,test
kau-bcmd,Preprocessed_Dataset/kau-bcmd/kau-bcmd_1365.jpg,Normal,non-cancer,BC019822,test
kau-bcmd,Preprocessed_Dataset/kau-bcmd/kau-bcmd_1366.jpg,Suspicious Malignant,cancer,BC019822,test
kau-bcmd,Preprocessed_Dataset/kau-bcmd/kau-bcmd_1367.jpg,Suspicious Malignant,cancer,BC019822,test
kau-bcmd,Preprocessed_Dataset/kau-bcmd/kau-bcmd_1368.jpg,Normal,non-cancer,BC019802,train
kau-bcmd,Preprocessed_Dataset/kau-bcmd/kau-bcmd_1369.jpg,Normal,non-cancer,BC019802,train
kau-bcmd,Preprocessed_Dataset/kau-bcmd/kau-bcmd_1370.jpg,Normal,non-cancer,BC019802,train
kau-bcmd,Preprocessed_Dataset/kau-bcmd/kau-bcmd_1371.jpg,Normal,non-cancer,BC019802,train
kau-bcmd,Preprocessed_Dataset/kau-bcmd/kau-bcmd_1372.jpg,Normal,non-cancer,BC019602,train
kau-bcmd,Preprocessed_Dataset/kau-bcmd/kau-bcmd_1373.jpg,Normal,non-cancer,BC019602,train
kau-bcmd,Preprocessed_Dataset/kau-bcmd/kau-bcmd_1374.jpg,Suspicious Malignant,cancer,BC019602,train
kau-bcmd,Preprocessed_Dataset/kau-bcmd/kau-bcmd_1375.jpg,Suspicious Malignant,cancer,BC019602,train
kau-bcmd,Preprocessed_Dataset/kau-bcmd/kau-bcmd_1376.jpg,Normal,non-cancer,BC003381,train
kau-bcmd,Preprocessed_Dataset/kau-bcmd/kau-bcmd_1377.jpg,Normal,non-cancer,BC003381,train
kau-bcmd,Preprocessed_Dataset/kau-bcmd/kau-bcmd_1378.jpg,Normal,non-cancer,BC003381,train
kau-bcmd,Preprocessed_Dataset/kau-bcmd/kau-bcmd_1379.jpg,Normal,non-cancer,BC003381,train
kau-bcmd,Preprocessed_Dataset/kau-bcmd/kau-bcmd_1380.jpg,Normal,non-cancer,BC004481,train
kau-bcmd,Preprocessed_Dataset/kau-bcmd/kau-bcmd_1381.jpg,Normal,non-cancer,BC004481,train
kau-bcmd,Preprocessed_Dataset/kau-bcmd/kau-bcmd_1382.jpg,Normal,non-cancer,BC004481,train
kau-bcmd,Preprocessed_Dataset/kau-bcmd/kau-bcmd_1383.jpg,Normal,non-cancer,BC004481,train
kau-bcmd,Preprocessed_Dataset/kau-bcmd/kau-bcmd_1384.jpg,Normal,non-cancer,BC006081,train
kau-bcmd,Preprocessed_Dataset/kau-bcmd/kau-bcmd_1385.jpg,Normal,non-cancer,BC006081,train
kau-bcmd,Preprocessed_Dataset/kau-bcmd/kau-bcmd_1386.jpg,Normal,non-cancer,BC006081,train
kau-bcmd,Preprocessed_Dataset/kau-bcmd/kau-bcmd_1387.jpg,Normal,non-cancer,BC006081,train
kau-bcmd,Preprocessed_Dataset/kau-bcmd/kau-bcmd_1388.jpg,Normal,non-cancer,BC019742,train
kau-bcmd,Preprocessed_Dataset/kau-bcmd/kau-bcmd_1389.jpg,Normal,non-cancer,BC019742,train
kau-bcmd,Preprocessed_Dataset/kau-bcmd/kau-bcmd_1390.jpg,Normal,non-cancer,BC019742,train
kau-bcmd,Preprocessed_Dataset/kau-bcmd/kau-bcmd_1391.jpg,Normal,non-cancer,BC019742,train
kau-bcmd,Preprocessed_Dataset/kau-bcmd/kau-bcmd_1392.jpg,Normal,non-cancer,BC012381,train
kau-bcmd,Preprocessed_Dataset/kau-bcmd/kau-bcmd_1393.jpg,Normal,non-cancer,BC012381,train
kau-bcmd,Preprocessed_Dataset/kau-bcmd/kau-bcmd_1394.jpg,Normal,non-cancer,BC012381,train
kau-bcmd,Preprocessed_Dataset/kau-bcmd/kau-bcmd_1395.jpg,Normal,non-cancer,BC012381,train
kau-bcmd,Preprocessed_Dataset/kau-bcmd/kau-bcmd_1396.jpg,Benign,non-cancer,BC019521,train
kau-bcmd,Preprocessed_Dataset/kau-bcmd/kau-bcmd_1397.jpg,Benign,non-cancer,BC019521,train
kau-bcmd,Preprocessed_Dataset/kau-bcmd/kau-bcmd_1398.jpg,Benign,non-cancer,BC019521,train
kau-bcmd,Preprocessed_Dataset/kau-bcmd/kau-bcmd_1399.jpg,Benign,non-cancer,BC019521,train
kau-bcmd,Preprocessed_Dataset/kau-bcmd/kau-bcmd_1400.jpg,Normal,non-cancer,BC019741,train
kau-bcmd,Preprocessed_Dataset/kau-bcmd/kau-bcmd_1401.jpg,Normal,non-cancer,BC019741,train
kau-bcmd,Preprocessed_Dataset/kau-bcmd/kau-bcmd_1402.jpg,Normal,non-cancer,BC019741,train
kau-bcmd,Preprocessed_Dataset/kau-bcmd/kau-bcmd_1403.jpg,Normal,non-cancer,BC019741,train
kau-bcmd,Preprocessed_Dataset/kau-bcmd/kau-bcmd_1404.jpg,Normal,non-cancer,BC019701,train
kau-bcmd,Preprocessed_Dataset/kau-bcmd/kau-bcmd_1405.jpg,Normal,non-cancer,BC019701,train
kau-bcmd,Preprocessed_Dataset/kau-bcmd/kau-bcmd_1406.jpg,Normal,non-cancer,BC019701,train
kau-bcmd,Preprocessed_Dataset/kau-bcmd/kau-bcmd_1407.jpg,Normal,non-cancer,BC019701,train
kau-bcmd,Preprocessed_Dataset/kau-bcmd/kau-bcmd_1408.jpg,Normal,non-cancer,BC011001,train
kau-bcmd,Preprocessed_Dataset/kau-bcmd/kau-bcmd_1409.jpg,Normal,non-cancer,BC011001,train
kau-bcmd,Preprocessed_Dataset/kau-bcmd/kau-bcmd_1410.jpg,Normal,non-cancer,BC011001,train
kau-bcmd,Preprocessed_Dataset/kau-bcmd/kau-bcmd_1411.jpg,Normal,non-cancer,BC011001,train
kau-bcmd,Preprocessed_Dataset/kau-bcmd/kau-bcmd_1412.jpg,Normal,non-cancer,BC009804,train
kau-bcmd,Preprocessed_Dataset/kau-bcmd/kau-bcmd_1413.jpg,Normal,non-cancer,BC009804,train
kau-bcmd,Preprocessed_Dataset/kau-bcmd/kau-bcmd_1414.jpg,Normal,non-cancer,BC009804,train
kau-bcmd,Preprocessed_Dataset/kau-bcmd/kau-bcmd_1415.jpg,Normal,non-cancer,BC009804,train
kau-bcmd,Preprocessed_Dataset/kau-bcmd/kau-bcmd_1416.jpg,Normal,non-cancer,BC009481,train
kau-bcmd,Preprocessed_Dataset/kau-bcmd/kau-bcmd_1417.jpg,Normal,non-cancer,BC009481,train
kau-bcmd,Preprocessed_Dataset/kau-bcmd/kau-bcmd_1418.jpg,Normal,non-cancer,BC009481,train
kau-bcmd,Preprocessed_Dataset/kau-bcmd/kau-bcmd_1419.jpg,Normal,non-cancer,BC009481,train
kau-bcmd,Preprocessed_Dataset/kau-bcmd/kau-bcmd_1420.jpg,Benign,non-cancer,BC017441,test
kau-bcmd,Preprocessed_Dataset/kau-bcmd/kau-bcmd_1421.jpg,Benign,non-cancer,BC017441,test
kau-bcmd,Preprocessed_Dataset/kau-bcmd/kau-bcmd_1422.jpg,Benign,non-cancer,BC017441,test
kau-bcmd,Preprocessed_Dataset/kau-bcmd/kau-bcmd_1423.jpg,Benign,non-cancer,BC017441,test
kau-bcmd,Preprocessed_Dataset/kau-bcmd/kau-bcmd_1424.jpg,Normal,non-cancer,BC017121,train
kau-bcmd,Preprocessed_Dataset/kau-bcmd/kau-bcmd_1425.jpg,Normal,non-cancer,BC017121,train
kau-bcmd,Preprocessed_Dataset/kau-bcmd/kau-bcmd_1426.jpg,Normal,non-cancer,BC017121,train
kau-bcmd,Preprocessed_Dataset/kau-bcmd/kau-bcmd_1427.jpg,Normal,non-cancer,BC017121,train
kau-bcmd,Preprocessed_Dataset/kau-bcmd/kau-bcmd_1428.jpg,Normal,non-cancer,BC003289,train
kau-bcmd,Preprocessed_Dataset/kau-bcmd/kau-bcmd_1429.jpg,Normal,non-cancer,BC003289,train
kau-bcmd,Preprocessed_Dataset/kau-bcmd/kau-bcmd_1430.jpg,Normal,non-cancer,BC003289,train
kau-bcmd,Preprocessed_Dataset/kau-bcmd/kau-bcmd_1431.jpg,Normal,non-cancer,BC003289,train
kau-bcmd,Preprocessed_Dataset/kau-bcmd/kau-bcmd_1432.jpg,Benign,non-cancer,BC003122,train
kau-bcmd,Preprocessed_Dataset/kau-bcmd/kau-bcmd_1433.jpg,Benign,non-cancer,BC003122,train
kau-bcmd,Preprocessed_Dataset/kau-bcmd/kau-bcmd_1434.jpg,Benign,non-cancer,BC003122,train
kau-bcmd,Preprocessed_Dataset/kau-bcmd/kau-bcmd_1435.jpg,Benign,non-cancer,BC003122,train
kau-bcmd,Preprocessed_Dataset/kau-bcmd/kau-bcmd_1436.jpg,Normal,non-cancer,BC017061,train
kau-bcmd,Preprocessed_Dataset/kau-bcmd/kau-bcmd_1437.jpg,Normal,non-cancer,BC017061,train
kau-bcmd,Preprocessed_Dataset/kau-bcmd/kau-bcmd_1438.jpg,Normal,non-cancer,BC017061,train
kau-bcmd,Preprocessed_Dataset/kau-bcmd/kau-bcmd_1439.jpg,Normal,non-cancer,BC017061,train
kau-bcmd,Preprocessed_Dataset/kau-bcmd/kau-bcmd_1440.jpg,Normal,non-cancer,BC003105,train
kau-bcmd,Preprocessed_Dataset/kau-bcmd/kau-bcmd_1441.jpg,Normal,non-cancer,BC003105,train
kau-bcmd,Preprocessed_Dataset/kau-bcmd/kau-bcmd_1442.jpg,Normal,non-cancer,BC003105,train
kau-bcmd,Preprocessed_Dataset/kau-bcmd/kau-bcmd_1443.jpg,Normal,non-cancer,BC003105,train
kau-bcmd,Preprocessed_Dataset/kau-bcmd/kau-bcmd_1444.jpg,Normal,non-cancer,BC011181,train
kau-bcmd,Preprocessed_Dataset/kau-bcmd/kau-bcmd_1445.jpg,Normal,non-cancer,BC011181,train
kau-bcmd,Preprocessed_Dataset/kau-bcmd/kau-bcmd_1446.jpg,Normal,non-cancer,BC011181,train
kau-bcmd,Preprocessed_Dataset/kau-bcmd/kau-bcmd_1447.jpg,Normal,non-cancer,BC011181,train
kau-bcmd,Preprocessed_Dataset/kau-bcmd/kau-bcmd_1448.jpg,Normal,non-cancer,BC011381,val
kau-bcmd,Preprocessed_Dataset/kau-bcmd/kau-bcmd_1449.jpg,Normal,non-cancer,BC011381,val
kau-bcmd,Preprocessed_Dataset/kau-bcmd/kau-bcmd_1450.jpg,Normal,non-cancer,BC011381,val
kau-bcmd,Preprocessed_Dataset/kau-bcmd/kau-bcmd_1451.jpg,Normal,non-cancer,BC011381,val
kau-bcmd,Preprocessed_Dataset/kau-bcmd/kau-bcmd_1452.jpg,Normal,non-cancer,BC011561,train
kau-bcmd,Preprocessed_Dataset/kau-bcmd/kau-bcmd_1453.jpg,Normal,non-cancer,BC011561,train
kau-bcmd,Preprocessed_Dataset/kau-bcmd/kau-bcmd_1454.jpg,Normal,non-cancer,BC011561,train
kau-bcmd,Preprocessed_Dataset/kau-bcmd/kau-bcmd_1455.jpg,Normal,non-cancer,BC011561,train
kau-bcmd,Preprocessed_Dataset/kau-bcmd/kau-bcmd_1456.jpg,Normal,non-cancer,BC002821,train
kau-bcmd,Preprocessed_Dataset/kau-bcmd/kau-bcmd_1457.jpg,Normal,non-cancer,BC002821,train
kau-bcmd,Preprocessed_Dataset/kau-bcmd/kau-bcmd_1458.jpg,Normal,non-cancer,BC002821,train
kau-bcmd,Preprocessed_Dataset/kau-bcmd/kau-bcmd_1459.jpg,Normal,non-cancer,BC002821,train
kau-bcmd,Preprocessed_Dataset/kau-bcmd/kau-bcmd_1460.jpg,Benign,non-cancer,BC016983,train
kau-bcmd,Preprocessed_Dataset/kau-bcmd/kau-bcmd_1461.jpg,Benign,non-cancer,BC016983,train
kau-bcmd,Preprocessed_Dataset/kau-bcmd/kau-bcmd_1462.jpg,Benign,non-cancer,BC016983,train
kau-bcmd,Preprocessed_Dataset/kau-bcmd/kau-bcmd_1463.jpg,Benign,non-cancer,BC016983,train
kau-bcmd,Preprocessed_Dataset/kau-bcmd/kau-bcmd_1464.jpg,Normal,non-cancer,BC011801,test
kau-bcmd,Preprocessed_Dataset/kau-bcmd/kau-bcmd_1465.jpg,Normal,non-cancer,BC011801,test
kau-bcmd,Preprocessed_Dataset/kau-bcmd/kau-bcmd_1466.jpg,Normal,non-cancer,BC011801,test
kau-bcmd,Preprocessed_Dataset/kau-bcmd/kau-bcmd_1467.jpg,Normal,non-cancer,BC011801,test
kau-bcmd,Preprocessed_Dataset/kau-bcmd/kau-bcmd_1468.jpg,Normal,non-cancer,BC017021,train
kau-bcmd,Preprocessed_Dataset/kau-bcmd/kau-bcmd_1469.jpg,Normal,non-cancer,BC017021,train
kau-bcmd,Preprocessed_Dataset/kau-bcmd/kau-bcmd_1470.jpg,Normal,non-cancer,BC017021,train
kau-bcmd,Preprocessed_Dataset/kau-bcmd/kau-bcmd_1471.jpg,Normal,non-cancer,BC017001,train
kau-bcmd,Preprocessed_Dataset/kau-bcmd/kau-bcmd_1472.jpg,Normal,non-cancer,BC017001,train
kau-bcmd,Preprocessed_Dataset/kau-bcmd/kau-bcmd_1473.jpg,Normal,non-cancer,BC017001,train
kau-bcmd,Preprocessed_Dataset/kau-bcmd/kau-bcmd_1474.jpg,Normal,non-cancer,BC017001,train
kau-bcmd,Preprocessed_Dataset/kau-bcmd/kau-bcmd_1475.jpg,Normal,non-cancer,BC010262,val
kau-bcmd,Preprocessed_Dataset/kau-bcmd/kau-bcmd_1476.jpg,Normal,non-cancer,BC010262,val
kau-bcmd,Preprocessed_Dataset/kau-bcmd/kau-bcmd_1477.jpg,Normal,non-cancer,BC010262,val
kau-bcmd,Preprocessed_Dataset/kau-bcmd/kau-bcmd_1478.jpg,Normal,non-cancer,BC010262,val
kau-bcmd,Preprocessed_Dataset/kau-bcmd/kau-bcmd_1479.jpg,Normal,non-cancer,BC016741,train
kau-bcmd,Preprocessed_Dataset/kau-bcmd/kau-bcmd_1480.jpg,Normal,non-cancer,BC016741,train
kau-bcmd,Preprocessed_Dataset/kau-bcmd/kau-bcmd_1481.jpg,Malignant,cancer,BC016741,train
kau-bcmd,Preprocessed_Dataset/kau-bcmd/kau-bcmd_1482.jpg,Malignant,cancer,BC016741,train
kau-bcmd,Preprocessed_Dataset/kau-bcmd/kau-bcmd_1483.jpg,Normal,non-cancer,BC016921,train
kau-bcmd,Preprocessed_Dataset/kau-bcmd/kau-bcmd_1484.jpg,Normal,non-cancer,BC016921,train
kau-bcmd,Preprocessed_Dataset/kau-bcmd/kau-bcmd_1485.jpg,Normal,non-cancer,BC016921,train
kau-bcmd,Preprocessed_Dataset/kau-bcmd/kau-bcmd_1486.jpg,Normal,non-cancer,BC016921,train
kau-bcmd,Preprocessed_Dataset/kau-bcmd/kau-bcmd_1487.jpg,Normal,non-cancer,BC014181,train
kau-bcmd,Preprocessed_Dataset/kau-bcmd/kau-bcmd_1488.jpg,Normal,non-cancer,BC014181,train
kau-bcmd,Preprocessed_Dataset/kau-bcmd/kau-bcmd_1489.jpg,Suspicious Malignant,cancer,BC014181,train
kau-bcmd,Preprocessed_Dataset/kau-bcmd/kau-bcmd_1490.jpg,Suspicious Malignant,cancer,BC014181,train
kau-bcmd,Preprocessed_Dataset/kau-bcmd/kau-bcmd_1491.jpg,Normal,non-cancer,BC002683,test
kau-bcmd,Preprocessed_Dataset/kau-bcmd/kau-bcmd_1492.jpg,Normal,non-cancer,BC002683,test
kau-bcmd,Preprocessed_Dataset/kau-bcmd/kau-bcmd_1493.jpg,Normal,non-cancer,BC002683,test
kau-bcmd,Preprocessed_Dataset/kau-bcmd/kau-bcmd_1494.jpg,Normal,non-cancer,BC002683,test
kau-bcmd,Preprocessed_Dataset/kau-bcmd/kau-bcmd_1495.jpg,Normal,non-cancer,BC016881,train
kau-bcmd,Preprocessed_Dataset/kau-bcmd/kau-bcmd_1496.jpg,Normal,non-cancer,BC016881,train
kau-bcmd,Preprocessed_Dataset/kau-bcmd/kau-bcmd_1497.jpg,Normal,non-cancer,BC016881,train
kau-bcmd,Preprocessed_Dataset/kau-bcmd/kau-bcmd_1498.jpg,Normal,non-cancer,BC016881,train
kau-bcmd,Preprocessed_Dataset/kau-bcmd/kau-bcmd_1499.jpg,Normal,non-cancer,BC016843,train
kau-bcmd,Preprocessed_Dataset/kau-bcmd/kau-bcmd_1500.jpg,Normal,non-cancer,BC016843,train
kau-bcmd,Preprocessed_Dataset/kau-bcmd/kau-bcmd_1501.jpg,Normal,non-cancer,BC016843,train
kau-bcmd,Preprocessed_Dataset/kau-bcmd/kau-bcmd_1502.jpg,Normal,non-cancer,BC016843,train
kau-bcmd,Preprocessed_Dataset/kau-bcmd/kau-bcmd_1503.jpg,Benign,non-cancer,BC016802,train
kau-bcmd,Preprocessed_Dataset/kau-bcmd/kau-bcmd_1504.jpg,Benign,non-cancer,BC016802,train
kau-bcmd,Preprocessed_Dataset/kau-bcmd/kau-bcmd_1505.jpg,Benign,non-cancer,BC016802,train
kau-bcmd,Preprocessed_Dataset/kau-bcmd/kau-bcmd_1506.jpg,Benign,non-cancer,BC016802,train
kau-bcmd,Preprocessed_Dataset/kau-bcmd/kau-bcmd_1507.jpg,Normal,non-cancer,BC007621,train
kau-bcmd,Preprocessed_Dataset/kau-bcmd/kau-bcmd_1508.jpg,Normal,non-cancer,BC007621,train
kau-bcmd,Preprocessed_Dataset/kau-bcmd/kau-bcmd_1509.jpg,Normal,non-cancer,BC007621,train
kau-bcmd,Preprocessed_Dataset/kau-bcmd/kau-bcmd_1510.jpg,Normal,non-cancer,BC007621,train
kau-bcmd,Preprocessed_Dataset/kau-bcmd/kau-bcmd_1511.jpg,Normal,non-cancer,BC016841,train
kau-bcmd,Preprocessed_Dataset/kau-bcmd/kau-bcmd_1512.jpg,Normal,non-cancer,BC016841,train
kau-bcmd,Preprocessed_Dataset/kau-bcmd/kau-bcmd_1513.jpg,Normal,non-cancer,BC016841,train
kau-bcmd,Preprocessed_Dataset/kau-bcmd/kau-bcmd_1514.jpg,Normal,non-cancer,BC016841,train
kau-bcmd,Preprocessed_Dataset/kau-bcmd/kau-bcmd_1515.jpg,Normal,non-cancer,BC014247,train
kau-bcmd,Preprocessed_Dataset/kau-bcmd/kau-bcmd_1516.jpg,Normal,non-cancer,BC014247,train
kau-bcmd,Preprocessed_Dataset/kau-bcmd/kau-bcmd_1517.jpg,Normal,non-cancer,BC014247,train
kau-bcmd,Preprocessed_Dataset/kau-bcmd/kau-bcmd_1518.jpg,Normal,non-cancer,BC014247,train
kau-bcmd,Preprocessed_Dataset/kau-bcmd/kau-bcmd_1519.jpg,Normal,non-cancer,BC014201,test
kau-bcmd,Preprocessed_Dataset/kau-bcmd/kau-bcmd_1520.jpg,Normal,non-cancer,BC014201,test
kau-bcmd,Preprocessed_Dataset/kau-bcmd/kau-bcmd_1521.jpg,Normal,non-cancer,BC014201,test
kau-bcmd,Preprocessed_Dataset/kau-bcmd/kau-bcmd_1522.jpg,Normal,non-cancer,BC014201,test
kau-bcmd,Preprocessed_Dataset/kau-bcmd/kau-bcmd_1523.jpg,Normal,non-cancer,BC010081,train
kau-bcmd,Preprocessed_Dataset/kau-bcmd/kau-bcmd_1524.jpg,Normal,non-cancer,BC010081,train
kau-bcmd,Preprocessed_Dataset/kau-bcmd/kau-bcmd_1525.jpg,Normal,non-cancer,BC010081,train
kau-bcmd,Preprocessed_Dataset/kau-bcmd/kau-bcmd_1526.jpg,Normal,non-cancer,BC010081,train
kau-bcmd,Preprocessed_Dataset/kau-bcmd/kau-bcmd_1527.jpg,Normal,non-cancer,BC012864,val
kau-bcmd,Preprocessed_Dataset/kau-bcmd/kau-bcmd_1528.jpg,Normal,non-cancer,BC012864,val
kau-bcmd,Preprocessed_Dataset/kau-bcmd/kau-bcmd_1529.jpg,Normal,non-cancer,BC012864,val
kau-bcmd,Preprocessed_Dataset/kau-bcmd/kau-bcmd_1530.jpg,Normal,non-cancer,BC012864,val
kau-bcmd,Preprocessed_Dataset/kau-bcmd/kau-bcmd_1531.jpg,Normal,non-cancer,BC012781,train
kau-bcmd,Preprocessed_Dataset/kau-bcmd/kau-bcmd_1532.jpg,Normal,non-cancer,BC012781,train
kau-bcmd,Preprocessed_Dataset/kau-bcmd/kau-bcmd_1533.jpg,Normal,non-cancer,BC012781,train
kau-bcmd,Preprocessed_Dataset/kau-bcmd/kau-bcmd_1534.jpg,Normal,non-cancer,BC012781,train
kau-bcmd,Preprocessed_Dataset/kau-bcmd/kau-bcmd_1535.jpg,Normal,non-cancer,BC016664,train
kau-bcmd,Preprocessed_Dataset/kau-bcmd/kau-bcmd_1536.jpg,Normal,non-cancer,BC016664,train
kau-bcmd,Preprocessed_Dataset/kau-bcmd/kau-bcmd_1537.jpg,Normal,non-cancer,BC016664,train
kau-bcmd,Preprocessed_Dataset/kau-bcmd/kau-bcmd_1538.jpg,Normal,non-cancer,BC016664,train
kau-bcmd,Preprocessed_Dataset/kau-bcmd/kau-bcmd_1539.jpg,Normal,non-cancer,BC012941,train
kau-bcmd,Preprocessed_Dataset/kau-bcmd/kau-bcmd_1540.jpg,Normal,non-cancer,BC012941,train
kau-bcmd,Preprocessed_Dataset/kau-bcmd/kau-bcmd_1541.jpg,Normal,non-cancer,BC012941,train
kau-bcmd,Preprocessed_Dataset/kau-bcmd/kau-bcmd_1542.jpg,Normal,non-cancer,BC012941,train
kau-bcmd,Preprocessed_Dataset/kau-bcmd/kau-bcmd_1543.jpg,Normal,non-cancer,BC015843,val
kau-bcmd,Preprocessed_Dataset/kau-bcmd/kau-bcmd_1544.jpg,Normal,non-cancer,BC015843,val
kau-bcmd,Preprocessed_Dataset/kau-bcmd/kau-bcmd_1545.jpg,Normal,non-cancer,BC015843,val
kau-bcmd,Preprocessed_Dataset/kau-bcmd/kau-bcmd_1546.jpg,Normal,non-cancer,BC015843,val
kau-bcmd,Preprocessed_Dataset/kau-bcmd/kau-bcmd_1547.jpg,Normal,non-cancer,BC016662,train
kau-bcmd,Preprocessed_Dataset/kau-bcmd/kau-bcmd_1548.jpg,Normal,non-cancer,BC016662,train
kau-bcmd,Preprocessed_Dataset/kau-bcmd/kau-bcmd_1549.jpg,Normal,non-cancer,BC016662,train
kau-bcmd,Preprocessed_Dataset/kau-bcmd/kau-bcmd_1550.jpg,Normal,non-cancer,BC016662,train
kau-bcmd,Preprocessed_Dataset/kau-bcmd/kau-bcmd_1551.jpg,Normal,non-cancer,BC016663,train
kau-bcmd,Preprocessed_Dataset/kau-bcmd/kau-bcmd_1552.jpg,Normal,non-cancer,BC016663,train
kau-bcmd,Preprocessed_Dataset/kau-bcmd/kau-bcmd_1553.jpg,Normal,non-cancer,BC016663,train
kau-bcmd,Preprocessed_Dataset/kau-bcmd/kau-bcmd_1554.jpg,Normal,non-cancer,BC016663,train
kau-bcmd,Preprocessed_Dataset/kau-bcmd/kau-bcmd_1555.jpg,Normal,non-cancer,BC016601,val
kau-bcmd,Preprocessed_Dataset/kau-bcmd/kau-bcmd_1556.jpg,Normal,non-cancer,BC016601,val
kau-bcmd,Preprocessed_Dataset/kau-bcmd/kau-bcmd_1557.jpg,Normal,non-cancer,BC016601,val
kau-bcmd,Preprocessed_Dataset/kau-bcmd/kau-bcmd_1558.jpg,Normal,non-cancer,BC016601,val
kau-bcmd,Preprocessed_Dataset/kau-bcmd/kau-bcmd_1559.jpg,Normal,non-cancer,BC016581,train
kau-bcmd,Preprocessed_Dataset/kau-bcmd/kau-bcmd_1560.jpg,Normal,non-cancer,BC016581,train
kau-bcmd,Preprocessed_Dataset/kau-bcmd/kau-bcmd_1561.jpg,Normal,non-cancer,BC016581,train
kau-bcmd,Preprocessed_Dataset/kau-bcmd/kau-bcmd_1562.jpg,Normal,non-cancer,BC016581,train
kau-bcmd,Preprocessed_Dataset/kau-bcmd/kau-bcmd_1563.jpg,Normal,non-cancer,BC013544,train
kau-bcmd,Preprocessed_Dataset/kau-bcmd/kau-bcmd_1564.jpg,Normal,non-cancer,BC013544,train
kau-bcmd,Preprocessed_Dataset/kau-bcmd/kau-bcmd_1565.jpg,Normal,non-cancer,BC013544,train
kau-bcmd,Preprocessed_Dataset/kau-bcmd/kau-bcmd_1566.jpg,Normal,non-cancer,BC013544,train
kau-bcmd,Preprocessed_Dataset/kau-bcmd/kau-bcmd_1567.jpg,Normal,non-cancer,BC010161,val
kau-bcmd,Preprocessed_Dataset/kau-bcmd/kau-bcmd_1568.jpg,Normal,non-cancer,BC010161,val
kau-bcmd,Preprocessed_Dataset/kau-bcmd/kau-bcmd_1569.jpg,Normal,non-cancer,BC010161,val
kau-bcmd,Preprocessed_Dataset/kau-bcmd/kau-bcmd_1570.jpg,Normal,non-cancer,BC010161,val
kau-bcmd,Preprocessed_Dataset/kau-bcmd/kau-bcmd_1571.jpg,Normal,non-cancer,BC016641,train
kau-bcmd,Preprocessed_Dataset/kau-bcmd/kau-bcmd_1572.jpg,Normal,non-cancer,BC016641,train
kau-bcmd,Preprocessed_Dataset/kau-bcmd/kau-bcmd_1573.jpg,Normal,non-cancer,BC016641,train
kau-bcmd,Preprocessed_Dataset/kau-bcmd/kau-bcmd_1574.jpg,Normal,non-cancer,BC016641,train
kau-bcmd,Preprocessed_Dataset/kau-bcmd/kau-bcmd_1575.jpg,Normal,non-cancer,BC016602,train
kau-bcmd,Preprocessed_Dataset/kau-bcmd/kau-bcmd_1576.jpg,Normal,non-cancer,BC016602,train
kau-bcmd,Preprocessed_Dataset/kau-bcmd/kau-bcmd_1577.jpg,Normal,non-cancer,BC016602,train
kau-bcmd,Preprocessed_Dataset/kau-bcmd/kau-bcmd_1578.jpg,Normal,non-cancer,BC016602,train
kau-bcmd,Preprocessed_Dataset/kau-bcmd/kau-bcmd_1579.jpg,Normal,non-cancer,BC016241,train
kau-bcmd,Preprocessed_Dataset/kau-bcmd/kau-bcmd_1580.jpg,Normal,non-cancer,BC016241,train
kau-bcmd,Preprocessed_Dataset/kau-bcmd/kau-bcmd_1581.jpg,Normal,non-cancer,BC016241,train
kau-bcmd,Preprocessed_Dataset/kau-bcmd/kau-bcmd_1582.jpg,Normal,non-cancer,BC016241,train
kau-bcmd,Preprocessed_Dataset/kau-bcmd/kau-bcmd_1583.jpg,Normal,non-cancer,BC002101,train
kau-bcmd,Preprocessed_Dataset/kau-bcmd/kau-bcmd_1584.jpg,Normal,non-cancer,BC002101,train
kau-bcmd,Preprocessed_Dataset/kau-bcmd/kau-bcmd_1585.jpg,Normal,non-cancer,BC002101,train
kau-bcmd,Preprocessed_Dataset/kau-bcmd/kau-bcmd_1586.jpg,Normal,non-cancer,BC002101,train
kau-bcmd,Preprocessed_Dataset/kau-bcmd/kau-bcmd_1587.jpg,Normal,non-cancer,BC000541,train
kau-bcmd,Preprocessed_Dataset/kau-bcmd/kau-bcmd_1588.jpg,Normal,non-cancer,BC000541,train
kau-bcmd,Preprocessed_Dataset/kau-bcmd/kau-bcmd_1589.jpg,Normal,non-cancer,BC000541,train
kau-bcmd,Preprocessed_Dataset/kau-bcmd/kau-bcmd_1590.jpg,Normal,non-cancer,BC000541,train
kau-bcmd,Preprocessed_Dataset/kau-bcmd/kau-bcmd_1591.jpg,Normal,non-cancer,BC016541,train
kau-bcmd,Preprocessed_Dataset/kau-bcmd/kau-bcmd_1592.jpg,Normal,non-cancer,BC016541,train
kau-bcmd,Preprocessed_Dataset/kau-bcmd/kau-bcmd_1593.jpg,Normal,non-cancer,BC016541,train
kau-bcmd,Preprocessed_Dataset/kau-bcmd/kau-bcmd_1594.jpg,Normal,non-cancer,BC016541,train
kau-bcmd,Preprocessed_Dataset/kau-bcmd/kau-bcmd_1595.jpg,Normal,non-cancer,BC016544,val
kau-bcmd,Preprocessed_Dataset/kau-bcmd/kau-bcmd_1596.jpg,Normal,non-cancer,BC016544,val
kau-bcmd,Preprocessed_Dataset/kau-bcmd/kau-bcmd_1597.jpg,Normal,non-cancer,BC016544,val
kau-bcmd,Preprocessed_Dataset/kau-bcmd/kau-bcmd_1598.jpg,Normal,non-cancer,BC016544,val
kau-bcmd,Preprocessed_Dataset/kau-bcmd/kau-bcmd_1599.jpg,Normal,non-cancer,BC016242,val
kau-bcmd,Preprocessed_Dataset/kau-bcmd/kau-bcmd_1600.jpg,Normal,non-cancer,BC016242,val
kau-bcmd,Preprocessed_Dataset/kau-bcmd/kau-bcmd_1601.jpg,Normal,non-cancer,BC016242,val
kau-bcmd,Preprocessed_Dataset/kau-bcmd/kau-bcmd_1602.jpg,Normal,non-cancer,BC016242,val
kau-bcmd,Preprocessed_Dataset/kau-bcmd/kau-bcmd_1603.jpg,Normal,non-cancer,BC016382,test
kau-bcmd,Preprocessed_Dataset/kau-bcmd/kau-bcmd_1604.jpg,Normal,non-cancer,BC016382,test
kau-bcmd,Preprocessed_Dataset/kau-bcmd/kau-bcmd_1605.jpg,Normal,non-cancer,BC016382,test
kau-bcmd,Preprocessed_Dataset/kau-bcmd/kau-bcmd_1606.jpg,Normal,non-cancer,BC016382,test
kau-bcmd,Preprocessed_Dataset/kau-bcmd/kau-bcmd_1607.jpg,Normal,non-cancer,BC016243,train
kau-bcmd,Preprocessed_Dataset/kau-bcmd/kau-bcmd_1608.jpg,Normal,non-cancer,BC016243,train
kau-bcmd,Preprocessed_Dataset/kau-bcmd/kau-bcmd_1609.jpg,Normal,non-cancer,BC016243,train
kau-bcmd,Preprocessed_Dataset/kau-bcmd/kau-bcmd_1610.jpg,Normal,non-cancer,BC016243,train
kau-bcmd,Preprocessed_Dataset/kau-bcmd/kau-bcmd_1611.jpg,Normal,non-cancer,BC005781,train
kau-bcmd,Preprocessed_Dataset/kau-bcmd/kau-bcmd_1612.jpg,Normal,non-cancer,BC005781,train
kau-bcmd,Preprocessed_Dataset/kau-bcmd/kau-bcmd_1613.jpg,Normal,non-cancer,BC005781,train
kau-bcmd,Preprocessed_Dataset/kau-bcmd/kau-bcmd_1614.jpg,Normal,non-cancer,BC005781,train
kau-bcmd,Preprocessed_Dataset/kau-bcmd/kau-bcmd_1615.jpg,Normal,non-cancer,BC006081,train
kau-bcmd,Preprocessed_Dataset/kau-bcmd/kau-bcmd_1616.jpg,Normal,non-cancer,BC006081,train
kau-bcmd,Preprocessed_Dataset/kau-bcmd/kau-bcmd_1617.jpg,Normal,non-cancer,BC006081,train
kau-bcmd,Preprocessed_Dataset/kau-bcmd/kau-bcmd_1618.jpg,Normal,non-cancer,BC006081,train
kau-bcmd,Preprocessed_Dataset/kau-bcmd/kau-bcmd_1619.jpg,Normal,non-cancer,BC014002,train
kau-bcmd,Preprocessed_Dataset/kau-bcmd/kau-bcmd_1620.jpg,Normal,non-cancer,BC014002,train
kau-bcmd,Preprocessed_Dataset/kau-bcmd/kau-bcmd_1621.jpg,Benign,non-cancer,BC014002,train
kau-bcmd,Preprocessed_Dataset/kau-bcmd/kau-bcmd_1622.jpg,Benign,non-cancer,BC014002,train
kau-bcmd,Preprocessed_Dataset/kau-bcmd/kau-bcmd_1623.jpg,Normal,non-cancer,BC015442,train
kau-bcmd,Preprocessed_Dataset/kau-bcmd/kau-bcmd_1624.jpg,Normal,non-cancer,BC015442,train
kau-bcmd,Preprocessed_Dataset/kau-bcmd/kau-bcmd_1625.jpg,Normal,non-cancer,BC015442,train
kau-bcmd,Preprocessed_Dataset/kau-bcmd/kau-bcmd_1626.jpg,Normal,non-cancer,BC015442,train
kau-bcmd,Preprocessed_Dataset/kau-bcmd/kau-bcmd_1627.jpg,Normal,non-cancer,BC009921,train
kau-bcmd,Preprocessed_Dataset/kau-bcmd/kau-bcmd_1628.jpg,Normal,non-cancer,BC009921,train
kau-bcmd,Preprocessed_Dataset/kau-bcmd/kau-bcmd_1629.jpg,Normal,non-cancer,BC009921,train
kau-bcmd,Preprocessed_Dataset/kau-bcmd/kau-bcmd_1630.jpg,Normal,non-cancer,BC009921,train
kau-bcmd,Preprocessed_Dataset/kau-bcmd/kau-bcmd_1631.jpg,Normal,non-cancer,BC015461,train
kau-bcmd,Preprocessed_Dataset/kau-bcmd/kau-bcmd_1632.jpg,Normal,non-cancer,BC015461,train
kau-bcmd,Preprocessed_Dataset/kau-bcmd/kau-bcmd_1633.jpg,Normal,non-cancer,BC015461,train
kau-bcmd,Preprocessed_Dataset/kau-bcmd/kau-bcmd_1634.jpg,Normal,non-cancer,BC015461,train
kau-bcmd,Preprocessed_Dataset/kau-bcmd/kau-bcmd_1635.jpg,Normal,non-cancer,BC003261,test
kau-bcmd,Preprocessed_Dataset/kau-bcmd/kau-bcmd_1636.jpg,Normal,non-cancer,BC003261,test
kau-bcmd,Preprocessed_Dataset/kau-bcmd/kau-bcmd_1637.jpg,Normal,non-cancer,BC003261,test
kau-bcmd,Preprocessed_Dataset/kau-bcmd/kau-bcmd_1638.jpg,Normal,non-cancer,BC003261,test
kau-bcmd,Preprocessed_Dataset/kau-bcmd/kau-bcmd_1639.jpg,Malignant,cancer,BC009024,train
kau-bcmd,Preprocessed_Dataset/kau-bcmd/kau-bcmd_1640.jpg,Malignant,cancer,BC009024,train
kau-bcmd,Preprocessed_Dataset/kau-bcmd/kau-bcmd_1641.jpg,Normal,non-cancer,BC009024,train
kau-bcmd,Preprocessed_Dataset/kau-bcmd/kau-bcmd_1642.jpg,Normal,non-cancer,BC009024,train
kau-bcmd,Preprocessed_Dataset/kau-bcmd/kau-bcmd_1643.jpg,Normal,non-cancer,BC014484,train
kau-bcmd,Preprocessed_Dataset/kau-bcmd/kau-bcmd_1644.jpg,Normal,non-cancer,BC014484,train
kau-bcmd,Preprocessed_Dataset/kau-bcmd/kau-bcmd_1645.jpg,Normal,non-cancer,BC014484,train
kau-bcmd,Preprocessed_Dataset/kau-bcmd/kau-bcmd_1646.jpg,Normal,non-cancer,BC014484,train
kau-bcmd,Preprocessed_Dataset/kau-bcmd/kau-bcmd_1647.jpg,Normal,non-cancer,BC003184,test
kau-bcmd,Preprocessed_Dataset/kau-bcmd/kau-bcmd_1648.jpg,Normal,non-cancer,BC003184,test
kau-bcmd,Preprocessed_Dataset/kau-bcmd/kau-bcmd_1649.jpg,Normal,non-cancer,BC003184,test
kau-bcmd,Preprocessed_Dataset/kau-bcmd/kau-bcmd_1650.jpg,Normal,non-cancer,BC003184,test
kau-bcmd,Preprocessed_Dataset/kau-bcmd/kau-bcmd_1651.jpg,Normal,non-cancer,BC014257,val
kau-bcmd,Preprocessed_Dataset/kau-bcmd/kau-bcmd_1652.jpg,Normal,non-cancer,BC014257,val
kau-bcmd,Preprocessed_Dataset/kau-bcmd/kau-bcmd_1653.jpg,Normal,non-cancer,BC014257,val
kau-bcmd,Preprocessed_Dataset/kau-bcmd/kau-bcmd_1654.jpg,Normal,non-cancer,BC014257,val
kau-bcmd,Preprocessed_Dataset/kau-bcmd/kau-bcmd_1655.jpg,Normal,non-cancer,BC015142,train
kau-bcmd,Preprocessed_Dataset/kau-bcmd/kau-bcmd_1656.jpg,Normal,non-cancer,BC015142,train
kau-bcmd,Preprocessed_Dataset/kau-bcmd/kau-bcmd_1657.jpg,Normal,non-cancer,BC015142,train
kau-bcmd,Preprocessed_Dataset/kau-bcmd/kau-bcmd_1658.jpg,Normal,non-cancer,BC015142,train
kau-bcmd,Preprocessed_Dataset/kau-bcmd/kau-bcmd_1659.jpg,Normal,non-cancer,BC006081,train
kau-bcmd,Preprocessed_Dataset/kau-bcmd/kau-bcmd_1660.jpg,Normal,non-cancer,BC006081,train
kau-bcmd,Preprocessed_Dataset/kau-bcmd/kau-bcmd_1661.jpg,Normal,non-cancer,BC006081,train
kau-bcmd,Preprocessed_Dataset/kau-bcmd/kau-bcmd_1662.jpg,Normal,non-cancer,BC006081,train
kau-bcmd,Preprocessed_Dataset/kau-bcmd/kau-bcmd_1663.jpg,Normal,non-cancer,BC014004,train
kau-bcmd,Preprocessed_Dataset/kau-bcmd/kau-bcmd_1664.jpg,Normal,non-cancer,BC014004,train
kau-bcmd,Preprocessed_Dataset/kau-bcmd/kau-bcmd_1665.jpg,Normal,non-cancer,BC014004,train
kau-bcmd,Preprocessed_Dataset/kau-bcmd/kau-bcmd_1666.jpg,Normal,non-cancer,BC014004,train
kau-bcmd,Preprocessed_Dataset/kau-bcmd/kau-bcmd_1667.jpg,Normal,non-cancer,BC009804,train
kau-bcmd,Preprocessed_Dataset/kau-bcmd/kau-bcmd_1668.jpg,Normal,non-cancer,BC009804,train
kau-bcmd,Preprocessed_Dataset/kau-bcmd/kau-bcmd_1669.jpg,Normal,non-cancer,BC009804,train
kau-bcmd,Preprocessed_Dataset/kau-bcmd/kau-bcmd_1670.jpg,Normal,non-cancer,BC009804,train
kau-bcmd,Preprocessed_Dataset/kau-bcmd/kau-bcmd_1671.jpg,Normal,non-cancer,BC009921,train
kau-bcmd,Preprocessed_Dataset/kau-bcmd/kau-bcmd_1672.jpg,Normal,non-cancer,BC009921,train
kau-bcmd,Preprocessed_Dataset/kau-bcmd/kau-bcmd_1673.jpg,Normal,non-cancer,BC009921,train
kau-bcmd,Preprocessed_Dataset/kau-bcmd/kau-bcmd_1674.jpg,Normal,non-cancer,BC009921,train
kau-bcmd,Preprocessed_Dataset/kau-bcmd/kau-bcmd_1675.jpg,Normal,non-cancer,BC009481,train
kau-bcmd,Preprocessed_Dataset/kau-bcmd/kau-bcmd_1676.jpg,Normal,non-cancer,BC009481,train
kau-bcmd,Preprocessed_Dataset/kau-bcmd/kau-bcmd_1677.jpg,Normal,non-cancer,BC009481,train
kau-bcmd,Preprocessed_Dataset/kau-bcmd/kau-bcmd_1678.jpg,Normal,non-cancer,BC009481,train
kau-bcmd,Preprocessed_Dataset/kau-bcmd/kau-bcmd_1679.jpg,Normal,non-cancer,BC008881,val
kau-bcmd,Preprocessed_Dataset/kau-bcmd/kau-bcmd_1680.jpg,Normal,non-cancer,BC008881,val
kau-bcmd,Preprocessed_Dataset/kau-bcmd/kau-bcmd_1681.jpg,Normal,non-cancer,BC008881,val
kau-bcmd,Preprocessed_Dataset/kau-bcmd/kau-bcmd_1682.jpg,Normal,non-cancer,BC008881,val
kau-bcmd,Preprocessed_Dataset/kau-bcmd/kau-bcmd_1683.jpg,Normal,non-cancer,BC013544,train
kau-bcmd,Preprocessed_Dataset/kau-bcmd/kau-bcmd_1684.jpg,Normal,non-cancer,BC013544,train
kau-bcmd,Preprocessed_Dataset/kau-bcmd/kau-bcmd_1685.jpg,Normal,non-cancer,BC013544,train
kau-bcmd,Preprocessed_Dataset/kau-bcmd/kau-bcmd_1686.jpg,Normal,non-cancer,BC013544,train
kau-bcmd,Preprocessed_Dataset/kau-bcmd/kau-bcmd_1687.jpg,Normal,non-cancer,BC005781,train
kau-bcmd,Preprocessed_Dataset/kau-bcmd/kau-bcmd_1688.jpg,Normal,non-cancer,BC005781,train
kau-bcmd,Preprocessed_Dataset/kau-bcmd/kau-bcmd_1689.jpg,Normal,non-cancer,BC005781,train
kau-bcmd,Preprocessed_Dataset/kau-bcmd/kau-bcmd_1690.jpg,Normal,non-cancer,BC006222,train
kau-bcmd,Preprocessed_Dataset/kau-bcmd/kau-bcmd_1691.jpg,Normal,non-cancer,BC006222,train
kau-bcmd,Preprocessed_Dataset/kau-bcmd/kau-bcmd_1692.jpg,Normal,non-cancer,BC006222,train
kau-bcmd,Preprocessed_Dataset/kau-bcmd/kau-bcmd_1693.jpg,Normal,non-cancer,BC006222,train
kau-bcmd,Preprocessed_Dataset/kau-bcmd/kau-bcmd_1694.jpg,Normal,non-cancer,BC005301,test
kau-bcmd,Preprocessed_Dataset/kau-bcmd/kau-bcmd_1695.jpg,Normal,non-cancer,BC005301,test
kau-bcmd,Preprocessed_Dataset/kau-bcmd/kau-bcmd_1696.jpg,Normal,non-cancer,BC005301,test
kau-bcmd,Preprocessed_Dataset/kau-bcmd/kau-bcmd_1697.jpg,Normal,non-cancer,BC005301,test
kau-bcmd,Preprocessed_Dataset/kau-bcmd/kau-bcmd_1698.jpg,Normal,non-cancer,BC003741,val
kau-bcmd,Preprocessed_Dataset/kau-bcmd/kau-bcmd_1699.jpg,Normal,non-cancer,BC003741,val
kau-bcmd,Preprocessed_Dataset/kau-bcmd/kau-bcmd_1700.jpg,Normal,non-cancer,BC003741,val
kau-bcmd,Preprocessed_Dataset/kau-bcmd/kau-bcmd_1701.jpg,Normal,non-cancer,BC003741,val
kau-bcmd,Preprocessed_Dataset/kau-bcmd/kau-bcmd_1702.jpg,Normal,non-cancer,BC003141,train
kau-bcmd,Preprocessed_Dataset/kau-bcmd/kau-bcmd_1703.jpg,Normal,non-cancer,BC003141,train
kau-bcmd,Preprocessed_Dataset/kau-bcmd/kau-bcmd_1704.jpg,Normal,non-cancer,BC003141,train
kau-bcmd,Preprocessed_Dataset/kau-bcmd/kau-bcmd_1705.jpg,Normal,non-cancer,BC003141,train
kau-bcmd,Preprocessed_Dataset/kau-bcmd/kau-bcmd_1706.jpg,Normal,non-cancer,BC005941,train
kau-bcmd,Preprocessed_Dataset/kau-bcmd/kau-bcmd_1707.jpg,Normal,non-cancer,BC005941,train
kau-bcmd,Preprocessed_Dataset/kau-bcmd/kau-bcmd_1708.jpg,Normal,non-cancer,BC005941,train
kau-bcmd,Preprocessed_Dataset/kau-bcmd/kau-bcmd_1709.jpg,Normal,non-cancer,BC005941,train
kau-bcmd,Preprocessed_Dataset/kau-bcmd/kau-bcmd_1710.jpg,Normal,non-cancer,BC003202,test
kau-bcmd,Preprocessed_Dataset/kau-bcmd/kau-bcmd_1711.jpg,Normal,non-cancer,BC003202,test
kau-bcmd,Preprocessed_Dataset/kau-bcmd/kau-bcmd_1712.jpg,Normal,non-cancer,BC003202,test
kau-bcmd,Preprocessed_Dataset/kau-bcmd/kau-bcmd_1713.jpg,Normal,non-cancer,BC003202,test
kau-bcmd,Preprocessed_Dataset/kau-bcmd/kau-bcmd_1714.jpg,Normal,non-cancer,BC003261,test
kau-bcmd,Preprocessed_Dataset/kau-bcmd/kau-bcmd_1715.jpg,Normal,non-cancer,BC003261,test
kau-bcmd,Preprocessed_Dataset/kau-bcmd/kau-bcmd_1716.jpg,Normal,non-cancer,BC003261,test
kau-bcmd,Preprocessed_Dataset/kau-bcmd/kau-bcmd_1717.jpg,Normal,non-cancer,BC003261,test
kau-bcmd,Preprocessed_Dataset/kau-bcmd/kau-bcmd_1718.jpg,Normal,non-cancer,BC003182,test
kau-bcmd,Preprocessed_Dataset/kau-bcmd/kau-bcmd_1719.jpg,Normal,non-cancer,BC003182,test
kau-bcmd,Preprocessed_Dataset/kau-bcmd/kau-bcmd_1720.jpg,Normal,non-cancer,BC003182,test
kau-bcmd,Preprocessed_Dataset/kau-bcmd/kau-bcmd_1721.jpg,Normal,non-cancer,BC003182,test
kau-bcmd,Preprocessed_Dataset/kau-bcmd/kau-bcmd_1722.jpg,Normal,non-cancer,BC002922,train
kau-bcmd,Preprocessed_Dataset/kau-bcmd/kau-bcmd_1723.jpg,Normal,non-cancer,BC002922,train
kau-bcmd,Preprocessed_Dataset/kau-bcmd/kau-bcmd_1724.jpg,Normal,non-cancer,BC002922,train
kau-bcmd,Preprocessed_Dataset/kau-bcmd/kau-bcmd_1725.jpg,Normal,non-cancer,BC002922,train
kau-bcmd,Preprocessed_Dataset/kau-bcmd/kau-bcmd_1726.jpg,Normal,non-cancer,BC003025,test
kau-bcmd,Preprocessed_Dataset/kau-bcmd/kau-bcmd_1727.jpg,Normal,non-cancer,BC003025,test
kau-bcmd,Preprocessed_Dataset/kau-bcmd/kau-bcmd_1728.jpg,Normal,non-cancer,BC003025,test
kau-bcmd,Preprocessed_Dataset/kau-bcmd/kau-bcmd_1729.jpg,Normal,non-cancer,BC003025,test
kau-bcmd,Preprocessed_Dataset/kau-bcmd/kau-bcmd_1730.jpg,Normal,non-cancer,BC003029,train
kau-bcmd,Preprocessed_Dataset/kau-bcmd/kau-bcmd_1731.jpg,Normal,non-cancer,BC003029,train
kau-bcmd,Preprocessed_Dataset/kau-bcmd/kau-bcmd_1732.jpg,Normal,non-cancer,BC003029,train
kau-bcmd,Preprocessed_Dataset/kau-bcmd/kau-bcmd_1733.jpg,Normal,non-cancer,BC003029,train
kau-bcmd,Preprocessed_Dataset/kau-bcmd/kau-bcmd_1734.jpg,Normal,non-cancer,BC012281,train
kau-bcmd,Preprocessed_Dataset/kau-bcmd/kau-bcmd_1735.jpg,Normal,non-cancer,BC012281,train
kau-bcmd,Preprocessed_Dataset/kau-bcmd/kau-bcmd_1736.jpg,Normal,non-cancer,BC012281,train
kau-bcmd,Preprocessed_Dataset/kau-bcmd/kau-bcmd_1737.jpg,Normal,non-cancer,BC012281,train
kau-bcmd,Preprocessed_Dataset/kau-bcmd/kau-bcmd_1738.jpg,Normal,non-cancer,BC003001,test
kau-bcmd,Preprocessed_Dataset/kau-bcmd/kau-bcmd_1739.jpg,Normal,non-cancer,BC003001,test
kau-bcmd,Preprocessed_Dataset/kau-bcmd/kau-bcmd_1740.jpg,Normal,non-cancer,BC003001,test
kau-bcmd,Preprocessed_Dataset/kau-bcmd/kau-bcmd_1741.jpg,Normal,non-cancer,BC003001,test
kau-bcmd,Preprocessed_Dataset/kau-bcmd/kau-bcmd_1742.jpg,Normal,non-cancer,BC011722,val
kau-bcmd,Preprocessed_Dataset/kau-bcmd/kau-bcmd_1743.jpg,Normal,non-cancer,BC011722,val
kau-bcmd,Preprocessed_Dataset/kau-bcmd/kau-bcmd_1744.jpg,Normal,non-cancer,BC011722,val
kau-bcmd,Preprocessed_Dataset/kau-bcmd/kau-bcmd_1745.jpg,Normal,non-cancer,BC011722,val
kau-bcmd,Preprocessed_Dataset/kau-bcmd/kau-bcmd_1746.jpg,Normal,non-cancer,BC012261,train
kau-bcmd,Preprocessed_Dataset/kau-bcmd/kau-bcmd_1747.jpg,Normal,non-cancer,BC012261,train
kau-bcmd,Preprocessed_Dataset/kau-bcmd/kau-bcmd_1748.jpg,Normal,non-cancer,BC012261,train
kau-bcmd,Preprocessed_Dataset/kau-bcmd/kau-bcmd_1749.jpg,Normal,non-cancer,BC012261,train
kau-bcmd,Preprocessed_Dataset/kau-bcmd/kau-bcmd_1750.jpg,Normal,non-cancer,BC012121,val
kau-bcmd,Preprocessed_Dataset/kau-bcmd/kau-bcmd_1751.jpg,Normal,non-cancer,BC012121,val
kau-bcmd,Preprocessed_Dataset/kau-bcmd/kau-bcmd_1752.jpg,Normal,non-cancer,BC012121,val
kau-bcmd,Preprocessed_Dataset/kau-bcmd/kau-bcmd_1753.jpg,Normal,non-cancer,BC012121,val
kau-bcmd,Preprocessed_Dataset/kau-bcmd/kau-bcmd_1754.jpg,Normal,non-cancer,BC012001,train
kau-bcmd,Preprocessed_Dataset/kau-bcmd/kau-bcmd_1755.jpg,Normal,non-cancer,BC012001,train
kau-bcmd,Preprocessed_Dataset/kau-bcmd/kau-bcmd_1756.jpg,Normal,non-cancer,BC012001,train
kau-bcmd,Preprocessed_Dataset/kau-bcmd/kau-bcmd_1757.jpg,Normal,non-cancer,BC012001,train
kau-bcmd,Preprocessed_Dataset/kau-bcmd/kau-bcmd_1758.jpg,Normal,non-cancer,BC010802,train
kau-bcmd,Preprocessed_Dataset/kau-bcmd/kau-bcmd_1759.jpg,Normal,non-cancer,BC010802,train
kau-bcmd,Preprocessed_Dataset/kau-bcmd/kau-bcmd_1760.jpg,Normal,non-cancer,BC010802,train
kau-bcmd,Preprocessed_Dataset/kau-bcmd/kau-bcmd_1761.jpg,Normal,non-cancer,BC010802,train
kau-bcmd,Preprocessed_Dataset/kau-bcmd/kau-bcmd_1762.jpg,Normal,non-cancer,BC012062,train
kau-bcmd,Preprocessed_Dataset/kau-bcmd/kau-bcmd_1763.jpg,Normal,non-cancer,BC012062,train
kau-bcmd,Preprocessed_Dataset/kau-bcmd/kau-bcmd_1764.jpg,Normal,non-cancer,BC012062,train
kau-bcmd,Preprocessed_Dataset/kau-bcmd/kau-bcmd_1765.jpg,Normal,non-cancer,BC012062,train
kau-bcmd,Preprocessed_Dataset/kau-bcmd/kau-bcmd_1766.jpg,Normal,non-cancer,BC012064,test
kau-bcmd,Preprocessed_Dataset/kau-bcmd/kau-bcmd_1767.jpg,Normal,non-cancer,BC012064,test
kau-bcmd,Preprocessed_Dataset/kau-bcmd/kau-bcmd_1768.jpg,Normal,non-cancer,BC012064,test
kau-bcmd,Preprocessed_Dataset/kau-bcmd/kau-bcmd_1769.jpg,Normal,non-cancer,BC012064,test
kau-bcmd,Preprocessed_Dataset/kau-bcmd/kau-bcmd_1770.jpg,Normal,non-cancer,BC002806,test
kau-bcmd,Preprocessed_Dataset/kau-bcmd/kau-bcmd_1771.jpg,Normal,non-cancer,BC002806,test
kau-bcmd,Preprocessed_Dataset/kau-bcmd/kau-bcmd_1772.jpg,Normal,non-cancer,BC002806,test
kau-bcmd,Preprocessed_Dataset/kau-bcmd/kau-bcmd_1773.jpg,Normal,non-cancer,BC002806,test
kau-bcmd,Preprocessed_Dataset/kau-bcmd/kau-bcmd_1774.jpg,Normal,non-cancer,BC012061,train
kau-bcmd,Preprocessed_Dataset/kau-bcmd/kau-bcmd_1775.jpg,Normal,non-cancer,BC012061,train
kau-bcmd,Preprocessed_Dataset/kau-bcmd/kau-bcmd_1776.jpg,Normal,non-cancer,BC012061,train
kau-bcmd,Preprocessed_Dataset/kau-bcmd/kau-bcmd_1777.jpg,Normal,non-cancer,BC012061,train
kau-bcmd,Preprocessed_Dataset/kau-bcmd/kau-bcmd_1778.jpg,Normal,non-cancer,BC012083,test
kau-bcmd,Preprocessed_Dataset/kau-bcmd/kau-bcmd_1779.jpg,Normal,non-cancer,BC012083,test
kau-bcmd,Preprocessed_Dataset/kau-bcmd/kau-bcmd_1780.jpg,Normal,non-cancer,BC012083,test
kau-bcmd,Preprocessed_Dataset/kau-bcmd/kau-bcmd_1781.jpg,Normal,non-cancer,BC012083,test
kau-bcmd,Preprocessed_Dataset/kau-bcmd/kau-bcmd_1782.jpg,Normal,non-cancer,BC012022,val
kau-bcmd,Preprocessed_Dataset/kau-bcmd/kau-bcmd_1783.jpg,Normal,non-cancer,BC012022,val
kau-bcmd,Preprocessed_Dataset/kau-bcmd/kau-bcmd_1784.jpg,Normal,non-cancer,BC012022,val
kau-bcmd,Preprocessed_Dataset/kau-bcmd/kau-bcmd_1785.jpg,Normal,non-cancer,BC012022,val
kau-bcmd,Preprocessed_Dataset/kau-bcmd/kau-bcmd_1786.jpg,Normal,non-cancer,BC012023,train
kau-bcmd,Preprocessed_Dataset/kau-bcmd/kau-bcmd_1787.jpg,Normal,non-cancer,BC012023,train
kau-bcmd,Preprocessed_Dataset/kau-bcmd/kau-bcmd_1788.jpg,Normal,non-cancer,BC012023,train
kau-bcmd,Preprocessed_Dataset/kau-bcmd/kau-bcmd_1789.jpg,Normal,non-cancer,BC012023,train
kau-bcmd,Preprocessed_Dataset/kau-bcmd/kau-bcmd_1790.jpg,Normal,non-cancer,BC000301,test
kau-bcmd,Preprocessed_Dataset/kau-bcmd/kau-bcmd_1791.jpg,Normal,non-cancer,BC000301,test
kau-bcmd,Preprocessed_Dataset/kau-bcmd/kau-bcmd_1792.jpg,Normal,non-cancer,BC000301,test
kau-bcmd,Preprocessed_Dataset/kau-bcmd/kau-bcmd_1793.jpg,Normal,non-cancer,BC000301,test
kau-bcmd,Preprocessed_Dataset/kau-bcmd/kau-bcmd_1794.jpg,Normal,non-cancer,BC011962,test
kau-bcmd,Preprocessed_Dataset/kau-bcmd/kau-bcmd_1795.jpg,Normal,non-cancer,BC011962,test
kau-bcmd,Preprocessed_Dataset/kau-bcmd/kau-bcmd_1796.jpg,Normal,non-cancer,BC011962,test
kau-bcmd,Preprocessed_Dataset/kau-bcmd/kau-bcmd_1797.jpg,Normal,non-cancer,BC011962,test
kau-bcmd,Preprocessed_Dataset/kau-bcmd/kau-bcmd_1798.jpg,Normal,non-cancer,BC010564,train
kau-bcmd,Preprocessed_Dataset/kau-bcmd/kau-bcmd_1799.jpg,Normal,non-cancer,BC010564,train
kau-bcmd,Preprocessed_Dataset/kau-bcmd/kau-bcmd_1800.jpg,Normal,non-cancer,BC010564,train
kau-bcmd,Preprocessed_Dataset/kau-bcmd/kau-bcmd_1801.jpg,Normal,non-cancer,BC010564,train
kau-bcmd,Preprocessed_Dataset/kau-bcmd/kau-bcmd_1802.jpg,Normal,non-cancer,BC011725,train
kau-bcmd,Preprocessed_Dataset/kau-bcmd/kau-bcmd_1803.jpg,Normal,non-cancer,BC011725,train
kau-bcmd,Preprocessed_Dataset/kau-bcmd/kau-bcmd_1804.jpg,Normal,non-cancer,BC011725,train
kau-bcmd,Preprocessed_Dataset/kau-bcmd/kau-bcmd_1805.jpg,Normal,non-cancer,BC011725,train
kau-bcmd,Preprocessed_Dataset/kau-bcmd/kau-bcmd_1806.jpg,Normal,non-cancer,BC003167,val
kau-bcmd,Preprocessed_Dataset/kau-bcmd/kau-bcmd_1807.jpg,Normal,non-cancer,BC003167,val
kau-bcmd,Preprocessed_Dataset/kau-bcmd/kau-bcmd_1808.jpg,Normal,non-cancer,BC003167,val
kau-bcmd,Preprocessed_Dataset/kau-bcmd/kau-bcmd_1809.jpg,Normal,non-cancer,BC003167,val
kau-bcmd,Preprocessed_Dataset/kau-bcmd/kau-bcmd_1810.jpg,Normal,non-cancer,BC002682,train
kau-bcmd,Preprocessed_Dataset/kau-bcmd/kau-bcmd_1811.jpg,Normal,non-cancer,BC002682,train
kau-bcmd,Preprocessed_Dataset/kau-bcmd/kau-bcmd_1812.jpg,Normal,non-cancer,BC002682,train
kau-bcmd,Preprocessed_Dataset/kau-bcmd/kau-bcmd_1813.jpg,Normal,non-cancer,BC002682,train
kau-bcmd,Preprocessed_Dataset/kau-bcmd/kau-bcmd_1814.jpg,Normal,non-cancer,BC011841,train
kau-bcmd,Preprocessed_Dataset/kau-bcmd/kau-bcmd_1815.jpg,Normal,non-cancer,BC011841,train
kau-bcmd,Preprocessed_Dataset/kau-bcmd/kau-bcmd_1816.jpg,Normal,non-cancer,BC011841,train
kau-bcmd,Preprocessed_Dataset/kau-bcmd/kau-bcmd_1817.jpg,Normal,non-cancer,BC011841,train
kau-bcmd,Preprocessed_Dataset/kau-bcmd/kau-bcmd_1818.jpg,Normal,non-cancer,BC011961,train
kau-bcmd,Preprocessed_Dataset/kau-bcmd/kau-bcmd_1819.jpg,Normal,non-cancer,BC011961,train
kau-bcmd,Preprocessed_Dataset/kau-bcmd/kau-bcmd_1820.jpg,Normal,non-cancer,BC011961,train
kau-bcmd,Preprocessed_Dataset/kau-bcmd/kau-bcmd_1821.jpg,Normal,non-cancer,BC011961,train
kau-bcmd,Preprocessed_Dataset/kau-bcmd/kau-bcmd_1822.jpg,Normal,non-cancer,BC011941,train
kau-bcmd,Preprocessed_Dataset/kau-bcmd/kau-bcmd_1823.jpg,Normal,non-cancer,BC011941,train
kau-bcmd,Preprocessed_Dataset/kau-bcmd/kau-bcmd_1824.jpg,Normal,non-cancer,BC011941,train
kau-bcmd,Preprocessed_Dataset/kau-bcmd/kau-bcmd_1825.jpg,Normal,non-cancer,BC011941,train
kau-bcmd,Preprocessed_Dataset/kau-bcmd/kau-bcmd_1826.jpg,Normal,non-cancer,BC011723,test
kau-bcmd,Preprocessed_Dataset/kau-bcmd/kau-bcmd_1827.jpg,Normal,non-cancer,BC011723,test
kau-bcmd,Preprocessed_Dataset/kau-bcmd/kau-bcmd_1828.jpg,Normal,non-cancer,BC011723,test
kau-bcmd,Preprocessed_Dataset/kau-bcmd/kau-bcmd_1829.jpg,Normal,non-cancer,BC011723,test
kau-bcmd,Preprocessed_Dataset/kau-bcmd/kau-bcmd_1830.jpg,Normal,non-cancer,BC011728,train
kau-bcmd,Preprocessed_Dataset/kau-bcmd/kau-bcmd_1831.jpg,Normal,non-cancer,BC011728,train
kau-bcmd,Preprocessed_Dataset/kau-bcmd/kau-bcmd_1832.jpg,Normal,non-cancer,BC011728,train
kau-bcmd,Preprocessed_Dataset/kau-bcmd/kau-bcmd_1833.jpg,Normal,non-cancer,BC011728,train
kau-bcmd,Preprocessed_Dataset/kau-bcmd/kau-bcmd_1834.jpg,Normal,non-cancer,BC011727,train
kau-bcmd,Preprocessed_Dataset/kau-bcmd/kau-bcmd_1835.jpg,Normal,non-cancer,BC011727,train
kau-bcmd,Preprocessed_Dataset/kau-bcmd/kau-bcmd_1836.jpg,Normal,non-cancer,BC011727,train
kau-bcmd,Preprocessed_Dataset/kau-bcmd/kau-bcmd_1837.jpg,Normal,non-cancer,BC011727,train
kau-bcmd,Preprocessed_Dataset/kau-bcmd/kau-bcmd_1838.jpg,Normal,non-cancer,BC011641,train
kau-bcmd,Preprocessed_Dataset/kau-bcmd/kau-bcmd_1839.jpg,Normal,non-cancer,BC011641,train
kau-bcmd,Preprocessed_Dataset/kau-bcmd/kau-bcmd_1840.jpg,Normal,non-cancer,BC011641,train
kau-bcmd,Preprocessed_Dataset/kau-bcmd/kau-bcmd_1841.jpg,Normal,non-cancer,BC011641,train
kau-bcmd,Preprocessed_Dataset/kau-bcmd/kau-bcmd_1842.jpg,Normal,non-cancer,BC011901,train
kau-bcmd,Preprocessed_Dataset/kau-bcmd/kau-bcmd_1843.jpg,Normal,non-cancer,BC011901,train
kau-bcmd,Preprocessed_Dataset/kau-bcmd/kau-bcmd_1844.jpg,Normal,non-cancer,BC011901,train
kau-bcmd,Preprocessed_Dataset/kau-bcmd/kau-bcmd_1845.jpg,Normal,non-cancer,BC011901,train
kau-bcmd,Preprocessed_Dataset/kau-bcmd/kau-bcmd_1846.jpg,Normal,non-cancer,BC011582,train
kau-bcmd,Preprocessed_Dataset/kau-bcmd/kau-bcmd_1847.jpg,Normal,non-cancer,BC011582,train
kau-bcmd,Preprocessed_Dataset/kau-bcmd/kau-bcmd_1848.jpg,Normal,non-cancer,BC011582,train
kau-bcmd,Preprocessed_Dataset/kau-bcmd/kau-bcmd_1849.jpg,Normal,non-cancer,BC011582,train
kau-bcmd,Preprocessed_Dataset/kau-bcmd/kau-bcmd_1850.jpg,Normal,non-cancer,BC011601,val
kau-bcmd,Preprocessed_Dataset/kau-bcmd/kau-bcmd_1851.jpg,Normal,non-cancer,BC011601,val
kau-bcmd,Preprocessed_Dataset/kau-bcmd/kau-bcmd_1852.jpg,Normal,non-cancer,BC011601,val
kau-bcmd,Preprocessed_Dataset/kau-bcmd/kau-bcmd_1853.jpg,Normal,non-cancer,BC011601,val
kau-bcmd,Preprocessed_Dataset/kau-bcmd/kau-bcmd_1854.jpg,Normal,non-cancer,BC011721,val
kau-bcmd,Preprocessed_Dataset/kau-bcmd/kau-bcmd_1855.jpg,Normal,non-cancer,BC011721,val
kau-bcmd,Preprocessed_Dataset/kau-bcmd/kau-bcmd_1856.jpg,Normal,non-cancer,BC011721,val
kau-bcmd,Preprocessed_Dataset/kau-bcmd/kau-bcmd_1857.jpg,Normal,non-cancer,BC011721,val
kau-bcmd,Preprocessed_Dataset/kau-bcmd/kau-bcmd_1858.jpg,Normal,non-cancer,BC011602,train
kau-bcmd,Preprocessed_Dataset/kau-bcmd/kau-bcmd_1859.jpg,Normal,non-cancer,BC011602,train
kau-bcmd,Preprocessed_Dataset/kau-bcmd/kau-bcmd_1860.jpg,Normal,non-cancer,BC011602,train
kau-bcmd,Preprocessed_Dataset/kau-bcmd/kau-bcmd_1861.jpg,Normal,non-cancer,BC011602,train
kau-bcmd,Preprocessed_Dataset/kau-bcmd/kau-bcmd_1862.jpg,Normal,non-cancer,BC011681,train
kau-bcmd,Preprocessed_Dataset/kau-bcmd/kau-bcmd_1863.jpg,Normal,non-cancer,BC011681,train
kau-bcmd,Preprocessed_Dataset/kau-bcmd/kau-bcmd_1864.jpg,Normal,non-cancer,BC011681,train
kau-bcmd,Preprocessed_Dataset/kau-bcmd/kau-bcmd_1865.jpg,Normal,non-cancer,BC011681,train
kau-bcmd,Preprocessed_Dataset/kau-bcmd/kau-bcmd_1866.jpg,Normal,non-cancer,BC011801,test
kau-bcmd,Preprocessed_Dataset/kau-bcmd/kau-bcmd_1867.jpg,Normal,non-cancer,BC011801,test
kau-bcmd,Preprocessed_Dataset/kau-bcmd/kau-bcmd_1868.jpg,Normal,non-cancer,BC011801,test
kau-bcmd,Preprocessed_Dataset/kau-bcmd/kau-bcmd_1869.jpg,Normal,non-cancer,BC011801,test
kau-bcmd,Preprocessed_Dataset/kau-bcmd/kau-bcmd_1870.jpg,Normal,non-cancer,BC011661,train
kau-bcmd,Preprocessed_Dataset/kau-bcmd/kau-bcmd_1871.jpg,Normal,non-cancer,BC011661,train
kau-bcmd,Preprocessed_Dataset/kau-bcmd/kau-bcmd_1872.jpg,Normal,non-cancer,BC011661,train
kau-bcmd,Preprocessed_Dataset/kau-bcmd/kau-bcmd_1873.jpg,Normal,non-cancer,BC011661,train
kau-bcmd,Preprocessed_Dataset/kau-bcmd/kau-bcmd_1874.jpg,Normal,non-cancer,BC011701,train
kau-bcmd,Preprocessed_Dataset/kau-bcmd/kau-bcmd_1875.jpg,Normal,non-cancer,BC011701,train
kau-bcmd,Preprocessed_Dataset/kau-bcmd/kau-bcmd_1876.jpg,Normal,non-cancer,BC011701,train
kau-bcmd,Preprocessed_Dataset/kau-bcmd/kau-bcmd_1877.jpg,Normal,non-cancer,BC011701,train
kau-bcmd,Preprocessed_Dataset/kau-bcmd/kau-bcmd_1878.jpg,Normal,non-cancer,BC011781,train
kau-bcmd,Preprocessed_Dataset/kau-bcmd/kau-bcmd_1879.jpg,Normal,non-cancer,BC011781,train
kau-bcmd,Preprocessed_Dataset/kau-bcmd/kau-bcmd_1880.jpg,Normal,non-cancer,BC011781,train
kau-bcmd,Preprocessed_Dataset/kau-bcmd/kau-bcmd_1881.jpg,Normal,non-cancer,BC011781,train
kau-bcmd,Preprocessed_Dataset/kau-bcmd/kau-bcmd_1882.jpg,Normal,non-cancer,BC002823,train
kau-bcmd,Preprocessed_Dataset/kau-bcmd/kau-bcmd_1883.jpg,Normal,non-cancer,BC002823,train
kau-bcmd,Preprocessed_Dataset/kau-bcmd/kau-bcmd_1884.jpg,Normal,non-cancer,BC002823,train
kau-bcmd,Preprocessed_Dataset/kau-bcmd/kau-bcmd_1885.jpg,Normal,non-cancer,BC002823,train
kau-bcmd,Preprocessed_Dataset/kau-bcmd/kau-bcmd_1886.jpg,Normal,non-cancer,BC004481,train
kau-bcmd,Preprocessed_Dataset/kau-bcmd/kau-bcmd_1887.jpg,Normal,non-cancer,BC004481,train
kau-bcmd,Preprocessed_Dataset/kau-bcmd/kau-bcmd_1888.jpg,Normal,non-cancer,BC004481,train
kau-bcmd,Preprocessed_Dataset/kau-bcmd/kau-bcmd_1889.jpg,Normal,non-cancer,BC004481,train
kau-bcmd,Preprocessed_Dataset/kau-bcmd/kau-bcmd_1890.jpg,Normal,non-cancer,BC010261,train
kau-bcmd,Preprocessed_Dataset/kau-bcmd/kau-bcmd_1891.jpg,Normal,non-cancer,BC010261,train
kau-bcmd,Preprocessed_Dataset/kau-bcmd/kau-bcmd_1892.jpg,Normal,non-cancer,BC010261,train
kau-bcmd,Preprocessed_Dataset/kau-bcmd/kau-bcmd_1893.jpg,Normal,non-cancer,BC010261,train
kau-bcmd,Preprocessed_Dataset/kau-bcmd/kau-bcmd_1894.jpg,Normal,non-cancer,BC011521,train
kau-bcmd,Preprocessed_Dataset/kau-bcmd/kau-bcmd_1895.jpg,Normal,non-cancer,BC011521,train
kau-bcmd,Preprocessed_Dataset/kau-bcmd/kau-bcmd_1896.jpg,Normal,non-cancer,BC011521,train
kau-bcmd,Preprocessed_Dataset/kau-bcmd/kau-bcmd_1897.jpg,Normal,non-cancer,BC011521,train
kau-bcmd,Preprocessed_Dataset/kau-bcmd/kau-bcmd_1898.jpg,Normal,non-cancer,BC011502,test
kau-bcmd,Preprocessed_Dataset/kau-bcmd/kau-bcmd_1899.jpg,Normal,non-cancer,BC011502,test
kau-bcmd,Preprocessed_Dataset/kau-bcmd/kau-bcmd_1900.jpg,Normal,non-cancer,BC011502,test
kau-bcmd,Preprocessed_Dataset/kau-bcmd/kau-bcmd_1901.jpg,Normal,non-cancer,BC011502,test
kau-bcmd,Preprocessed_Dataset/kau-bcmd/kau-bcmd_1902.jpg,Normal,non-cancer,BC011561,train
kau-bcmd,Preprocessed_Dataset/kau-bcmd/kau-bcmd_1903.jpg,Normal,non-cancer,BC011561,train
kau-bcmd,Preprocessed_Dataset/kau-bcmd/kau-bcmd_1904.jpg,Normal,non-cancer,BC011561,train
kau-bcmd,Preprocessed_Dataset/kau-bcmd/kau-bcmd_1905.jpg,Normal,non-cancer,BC011561,train
kau-bcmd,Preprocessed_Dataset/kau-bcmd/kau-bcmd_1906.jpg,Normal,non-cancer,BC000541,train
kau-bcmd,Preprocessed_Dataset/kau-bcmd/kau-bcmd_1907.jpg,Normal,non-cancer,BC000541,train
kau-bcmd,Preprocessed_Dataset/kau-bcmd/kau-bcmd_1908.jpg,Normal,non-cancer,BC000541,train
kau-bcmd,Preprocessed_Dataset/kau-bcmd/kau-bcmd_1909.jpg,Normal,non-cancer,BC000541,train
kau-bcmd,Preprocessed_Dataset/kau-bcmd/kau-bcmd_1910.jpg,Normal,non-cancer,BC011381,val
kau-bcmd,Preprocessed_Dataset/kau-bcmd/kau-bcmd_1911.jpg,Normal,non-cancer,BC011381,val
kau-bcmd,Preprocessed_Dataset/kau-bcmd/kau-bcmd_1912.jpg,Normal,non-cancer,BC011381,val
kau-bcmd,Preprocessed_Dataset/kau-bcmd/kau-bcmd_1913.jpg,Normal,non-cancer,BC011381,val
kau-bcmd,Preprocessed_Dataset/kau-bcmd/kau-bcmd_1914.jpg,Normal,non-cancer,BC011421,train
kau-bcmd,Preprocessed_Dataset/kau-bcmd/kau-bcmd_1915.jpg,Normal,non-cancer,BC011421,train
kau-bcmd,Preprocessed_Dataset/kau-bcmd/kau-bcmd_1916.jpg,Normal,non-cancer,BC011421,train
kau-bcmd,Preprocessed_Dataset/kau-bcmd/kau-bcmd_1917.jpg,Normal,non-cancer,BC011421,train
kau-bcmd,Preprocessed_Dataset/kau-bcmd/kau-bcmd_1918.jpg,Normal,non-cancer,BC011463,train
kau-bcmd,Preprocessed_Dataset/kau-bcmd/kau-bcmd_1919.jpg,Normal,non-cancer,BC011463,train
kau-bcmd,Preprocessed_Dataset/kau-bcmd/kau-bcmd_1920.jpg,Normal,non-cancer,BC011321,train
kau-bcmd,Preprocessed_Dataset/kau-bcmd/kau-bcmd_1921.jpg,Normal,non-cancer,BC011321,train
kau-bcmd,Preprocessed_Dataset/kau-bcmd/kau-bcmd_1922.jpg,Normal,non-cancer,BC011321,train
kau-bcmd,Preprocessed_Dataset/kau-bcmd/kau-bcmd_1923.jpg,Normal,non-cancer,BC011321,train
kau-bcmd,Preprocessed_Dataset/kau-bcmd/kau-bcmd_1924.jpg,Normal,non-cancer,BC011202,train
kau-bcmd,Preprocessed_Dataset/kau-bcmd/kau-bcmd_1925.jpg,Normal,non-cancer,BC011202,train
kau-bcmd,Preprocessed_Dataset/kau-bcmd/kau-bcmd_1926.jpg,Normal,non-cancer,BC011202,train
kau-bcmd,Preprocessed_Dataset/kau-bcmd/kau-bcmd_1927.jpg,Normal,non-cancer,BC011202,train
kau-bcmd,Preprocessed_Dataset/kau-bcmd/kau-bcmd_1928.jpg,Normal,non-cancer,BC011621,train
kau-bcmd,Preprocessed_Dataset/kau-bcmd/kau-bcmd_1929.jpg,Normal,non-cancer,BC011621,train
kau-bcmd,Preprocessed_Dataset/kau-bcmd/kau-bcmd_1930.jpg,Normal,non-cancer,BC011621,train
kau-bcmd,Preprocessed_Dataset/kau-bcmd/kau-bcmd_1931.jpg,Normal,non-cancer,BC011621,train
kau-bcmd,Preprocessed_Dataset/kau-bcmd/kau-bcmd_1932.jpg,Normal,non-cancer,BC011481,train
kau-bcmd,Preprocessed_Dataset/kau-bcmd/kau-bcmd_1933.jpg,Normal,non-cancer,BC011481,train
kau-bcmd,Preprocessed_Dataset/kau-bcmd/kau-bcmd_1934.jpg,Normal,non-cancer,BC011481,train
kau-bcmd,Preprocessed_Dataset/kau-bcmd/kau-bcmd_1935.jpg,Normal,non-cancer,BC011481,train
kau-bcmd,Preprocessed_Dataset/kau-bcmd/kau-bcmd_1936.jpg,Normal,non-cancer,BC011461,train
kau-bcmd,Preprocessed_Dataset/kau-bcmd/kau-bcmd_1937.jpg,Normal,non-cancer,BC011461,train
kau-bcmd,Preprocessed_Dataset/kau-bcmd/kau-bcmd_1938.jpg,Normal,non-cancer,BC011461,train
kau-bcmd,Preprocessed_Dataset/kau-bcmd/kau-bcmd_1939.jpg,Normal,non-cancer,BC011461,train
kau-bcmd,Preprocessed_Dataset/kau-bcmd/kau-bcmd_1940.jpg,Normal,non-cancer,BC011441,train
kau-bcmd,Preprocessed_Dataset/kau-bcmd/kau-bcmd_1941.jpg,Normal,non-cancer,BC011441,train
kau-bcmd,Preprocessed_Dataset/kau-bcmd/kau-bcmd_1942.jpg,Normal,non-cancer,BC011441,train
kau-bcmd,Preprocessed_Dataset/kau-bcmd/kau-bcmd_1943.jpg,Normal,non-cancer,BC011441,train
kau-bcmd,Preprocessed_Dataset/kau-bcmd/kau-bcmd_1944.jpg,Normal,non-cancer,BC011281,train
kau-bcmd,Preprocessed_Dataset/kau-bcmd/kau-bcmd_1945.jpg,Normal,non-cancer,BC011281,train
kau-bcmd,Preprocessed_Dataset/kau-bcmd/kau-bcmd_1946.jpg,Normal,non-cancer,BC011281,train
kau-bcmd,Preprocessed_Dataset/kau-bcmd/kau-bcmd_1947.jpg,Normal,non-cancer,BC011281,train
kau-bcmd,Preprocessed_Dataset/kau-bcmd/kau-bcmd_1948.jpg,Normal,non-cancer,BC002501,train
kau-bcmd,Preprocessed_Dataset/kau-bcmd/kau-bcmd_1949.jpg,Normal,non-cancer,BC002501,train
kau-bcmd,Preprocessed_Dataset/kau-bcmd/kau-bcmd_1950.jpg,Normal,non-cancer,BC002501,train
kau-bcmd,Preprocessed_Dataset/kau-bcmd/kau-bcmd_1951.jpg,Normal,non-cancer,BC002501,train
kau-bcmd,Preprocessed_Dataset/kau-bcmd/kau-bcmd_1952.jpg,Normal,non-cancer,BC002341,train
kau-bcmd,Preprocessed_Dataset/kau-bcmd/kau-bcmd_1953.jpg,Normal,non-cancer,BC002341,train
kau-bcmd,Preprocessed_Dataset/kau-bcmd/kau-bcmd_1954.jpg,Normal,non-cancer,BC002341,train
kau-bcmd,Preprocessed_Dataset/kau-bcmd/kau-bcmd_1955.jpg,Normal,non-cancer,BC002341,train
kau-bcmd,Preprocessed_Dataset/kau-bcmd/kau-bcmd_1956.jpg,Normal,non-cancer,BC002401,train
kau-bcmd,Preprocessed_Dataset/kau-bcmd/kau-bcmd_1957.jpg,Normal,non-cancer,BC002401,train
kau-bcmd,Preprocessed_Dataset/kau-bcmd/kau-bcmd_1958.jpg,Normal,non-cancer,BC002401,train
kau-bcmd,Preprocessed_Dataset/kau-bcmd/kau-bcmd_1959.jpg,Normal,non-cancer,BC002401,train
kau-bcmd,Preprocessed_Dataset/kau-bcmd/kau-bcmd_1960.jpg,Normal,non-cancer,BC010821,train
kau-bcmd,Preprocessed_Dataset/kau-bcmd/kau-bcmd_1961.jpg,Normal,non-cancer,BC010821,train
kau-bcmd,Preprocessed_Dataset/kau-bcmd/kau-bcmd_1962.jpg,Normal,non-cancer,BC010821,train
kau-bcmd,Preprocessed_Dataset/kau-bcmd/kau-bcmd_1963.jpg,Normal,non-cancer,BC010821,train
kau-bcmd,Preprocessed_Dataset/kau-bcmd/kau-bcmd_1964.jpg,Normal,non-cancer,BC010964,train
kau-bcmd,Preprocessed_Dataset/kau-bcmd/kau-bcmd_1965.jpg,Normal,non-cancer,BC010964,train
kau-bcmd,Preprocessed_Dataset/kau-bcmd/kau-bcmd_1966.jpg,Normal,non-cancer,BC010964,train
kau-bcmd,Preprocessed_Dataset/kau-bcmd/kau-bcmd_1967.jpg,Normal,non-cancer,BC010964,train
kau-bcmd,Preprocessed_Dataset/kau-bcmd/kau-bcmd_1968.jpg,Normal,non-cancer,BC011101,test
kau-bcmd,Preprocessed_Dataset/kau-bcmd/kau-bcmd_1969.jpg,Normal,non-cancer,BC011101,test
kau-bcmd,Preprocessed_Dataset/kau-bcmd/kau-bcmd_1970.jpg,Normal,non-cancer,BC011101,test
kau-bcmd,Preprocessed_Dataset/kau-bcmd/kau-bcmd_1971.jpg,Normal,non-cancer,BC011101,test
kau-bcmd,Preprocessed_Dataset/kau-bcmd/kau-bcmd_1972.jpg,Normal,non-cancer,BC011241,train
kau-bcmd,Preprocessed_Dataset/kau-bcmd/kau-bcmd_1973.jpg,Normal,non-cancer,BC011241,train
kau-bcmd,Preprocessed_Dataset/kau-bcmd/kau-bcmd_1974.jpg,Normal,non-cancer,BC011241,train
kau-bcmd,Preprocessed_Dataset/kau-bcmd/kau-bcmd_1975.jpg,Normal,non-cancer,BC011241,train
kau-bcmd,Preprocessed_Dataset/kau-bcmd/kau-bcmd_1976.jpg,Normal,non-cancer,BC011062,train
kau-bcmd,Preprocessed_Dataset/kau-bcmd/kau-bcmd_1977.jpg,Normal,non-cancer,BC011062,train
kau-bcmd,Preprocessed_Dataset/kau-bcmd/kau-bcmd_1978.jpg,Normal,non-cancer,BC011062,train
kau-bcmd,Preprocessed_Dataset/kau-bcmd/kau-bcmd_1979.jpg,Normal,non-cancer,BC011062,train
kau-bcmd,Preprocessed_Dataset/kau-bcmd/kau-bcmd_1980.jpg,Normal,non-cancer,BC010761,train
kau-bcmd,Preprocessed_Dataset/kau-bcmd/kau-bcmd_1981.jpg,Normal,non-cancer,BC010761,train
kau-bcmd,Preprocessed_Dataset/kau-bcmd/kau-bcmd_1982.jpg,Normal,non-cancer,BC010761,train
kau-bcmd,Preprocessed_Dataset/kau-bcmd/kau-bcmd_1983.jpg,Normal,non-cancer,BC010761,train
kau-bcmd,Preprocessed_Dataset/kau-bcmd/kau-bcmd_1984.jpg,Normal,non-cancer,BC010742,test
kau-bcmd,Preprocessed_Dataset/kau-bcmd/kau-bcmd_1985.jpg,Normal,non-cancer,BC010742,test
kau-bcmd,Preprocessed_Dataset/kau-bcmd/kau-bcmd_1986.jpg,Normal,non-cancer,BC010742,test
kau-bcmd,Preprocessed_Dataset/kau-bcmd/kau-bcmd_1987.jpg,Normal,non-cancer,BC010742,test
kau-bcmd,Preprocessed_Dataset/kau-bcmd/kau-bcmd_1988.jpg,Normal,non-cancer,BC011301,val
kau-bcmd,Preprocessed_Dataset/kau-bcmd/kau-bcmd_1989.jpg,Normal,non-cancer,BC011301,val
kau-bcmd,Preprocessed_Dataset/kau-bcmd/kau-bcmd_1990.jpg,Normal,non-cancer,BC011301,val
kau-bcmd,Preprocessed_Dataset/kau-bcmd/kau-bcmd_1991.jpg,Normal,non-cancer,BC011301,val
kau-bcmd,Preprocessed_Dataset/kau-bcmd/kau-bcmd_1992.jpg,Normal,non-cancer,BC011341,train
kau-bcmd,Preprocessed_Dataset/kau-bcmd/kau-bcmd_1993.jpg,Normal,non-cancer,BC011341,train
kau-bcmd,Preprocessed_Dataset/kau-bcmd/kau-bcmd_1994.jpg,Normal,non-cancer,BC011341,train
kau-bcmd,Preprocessed_Dataset/kau-bcmd/kau-bcmd_1995.jpg,Normal,non-cancer,BC011341,train
kau-bcmd,Preprocessed_Dataset/kau-bcmd/kau-bcmd_1996.jpg,Normal,non-cancer,BC007221,train
kau-bcmd,Preprocessed_Dataset/kau-bcmd/kau-bcmd_1997.jpg,Normal,non-cancer,BC007221,train
kau-bcmd,Preprocessed_Dataset/kau-bcmd/kau-bcmd_1998.jpg,Normal,non-cancer,BC007221,train
kau-bcmd,Preprocessed_Dataset/kau-bcmd/kau-bcmd_1999.jpg,Normal,non-cancer,BC007221,train
kau-bcmd,Preprocessed_Dataset/kau-bcmd/kau-bcmd_2000.jpg,Normal,non-cancer,BC010741,train
kau-bcmd,Preprocessed_Dataset/kau-bcmd/kau-bcmd_2001.jpg,Normal,non-cancer,BC010741,train
kau-bcmd,Preprocessed_Dataset/kau-bcmd/kau-bcmd_2002.jpg,Normal,non-cancer,BC010741,train
kau-bcmd,Preprocessed_Dataset/kau-bcmd/kau-bcmd_2003.jpg,Normal,non-cancer,BC010741,train
kau-bcmd,Preprocessed_Dataset/kau-bcmd/kau-bcmd_2004.jpg,Normal,non-cancer,BC011221,train
kau-bcmd,Preprocessed_Dataset/kau-bcmd/kau-bcmd_2005.jpg,Normal,non-cancer,BC011221,train
kau-bcmd,Preprocessed_Dataset/kau-bcmd/kau-bcmd_2006.jpg,Normal,non-cancer,BC011221,train
kau-bcmd,Preprocessed_Dataset/kau-bcmd/kau-bcmd_2007.jpg,Normal,non-cancer,BC011221,train
kau-bcmd,Preprocessed_Dataset/kau-bcmd/kau-bcmd_2008.jpg,Normal,non-cancer,BC011222,test
kau-bcmd,Preprocessed_Dataset/kau-bcmd/kau-bcmd_2009.jpg,Normal,non-cancer,BC011222,test
kau-bcmd,Preprocessed_Dataset/kau-bcmd/kau-bcmd_2010.jpg,Normal,non-cancer,BC011222,test
kau-bcmd,Preprocessed_Dataset/kau-bcmd/kau-bcmd_2011.jpg,Normal,non-cancer,BC011222,test
kau-bcmd,Preprocessed_Dataset/kau-bcmd/kau-bcmd_2012.jpg,Normal,non-cancer,BC002681,train
kau-bcmd,Preprocessed_Dataset/kau-bcmd/kau-bcmd_2013.jpg,Normal,non-cancer,BC002681,train
kau-bcmd,Preprocessed_Dataset/kau-bcmd/kau-bcmd_2014.jpg,Normal,non-cancer,BC002681,train
kau-bcmd,Preprocessed_Dataset/kau-bcmd/kau-bcmd_2015.jpg,Normal,non-cancer,BC002681,train
kau-bcmd,Preprocessed_Dataset/kau-bcmd/kau-bcmd_2016.jpg,Normal,non-cancer,BC011141,train
kau-bcmd,Preprocessed_Dataset/kau-bcmd/kau-bcmd_2017.jpg,Normal,non-cancer,BC011141,train
kau-bcmd,Preprocessed_Dataset/kau-bcmd/kau-bcmd_2018.jpg,Normal,non-cancer,BC011141,train
kau-bcmd,Preprocessed_Dataset/kau-bcmd/kau-bcmd_2019.jpg,Normal,non-cancer,BC011141,train
kau-bcmd,Preprocessed_Dataset/kau-bcmd/kau-bcmd_2020.jpg,Normal,non-cancer,BC011185,train
kau-bcmd,Preprocessed_Dataset/kau-bcmd/kau-bcmd_2021.jpg,Normal,non-cancer,BC011185,train
kau-bcmd,Preprocessed_Dataset/kau-bcmd/kau-bcmd_2022.jpg,Normal,non-cancer,BC011185,train
kau-bcmd,Preprocessed_Dataset/kau-bcmd/kau-bcmd_2023.jpg,Normal,non-cancer,BC011185,train
kau-bcmd,Preprocessed_Dataset/kau-bcmd/kau-bcmd_2024.jpg,Normal,non-cancer,BC010721,train
kau-bcmd,Preprocessed_Dataset/kau-bcmd/kau-bcmd_2025.jpg,Normal,non-cancer,BC010721,train
kau-bcmd,Preprocessed_Dataset/kau-bcmd/kau-bcmd_2026.jpg,Normal,non-cancer,BC010721,train
kau-bcmd,Preprocessed_Dataset/kau-bcmd/kau-bcmd_2027.jpg,Normal,non-cancer,BC010721,train
kau-bcmd,Preprocessed_Dataset/kau-bcmd/kau-bcmd_2028.jpg,Normal,non-cancer,BC011182,train
kau-bcmd,Preprocessed_Dataset/kau-bcmd/kau-bcmd_2029.jpg,Normal,non-cancer,BC011182,train
kau-bcmd,Preprocessed_Dataset/kau-bcmd/kau-bcmd_2030.jpg,Normal,non-cancer,BC011182,train
kau-bcmd,Preprocessed_Dataset/kau-bcmd/kau-bcmd_2031.jpg,Normal,non-cancer,BC011201,test
kau-bcmd,Preprocessed_Dataset/kau-bcmd/kau-bcmd_2032.jpg,Normal,non-cancer,BC011201,test
kau-bcmd,Preprocessed_Dataset/kau-bcmd/kau-bcmd_2033.jpg,Normal,non-cancer,BC011201,test
kau-bcmd,Preprocessed_Dataset/kau-bcmd/kau-bcmd_2034.jpg,Normal,non-cancer,BC011201,test
kau-bcmd,Preprocessed_Dataset/kau-bcmd/kau-bcmd_2035.jpg,Normal,non-cancer,BC011181,train
kau-bcmd,Preprocessed_Dataset/kau-bcmd/kau-bcmd_2036.jpg,Normal,non-cancer,BC011181,train
kau-bcmd,Preprocessed_Dataset/kau-bcmd/kau-bcmd_2037.jpg,Normal,non-cancer,BC011181,train
kau-bcmd,Preprocessed_Dataset/kau-bcmd/kau-bcmd_2038.jpg,Normal,non-cancer,BC011181,train
kau-bcmd,Preprocessed_Dataset/kau-bcmd/kau-bcmd_2039.jpg,Normal,non-cancer,BC010962,train
kau-bcmd,Preprocessed_Dataset/kau-bcmd/kau-bcmd_2040.jpg,Normal,non-cancer,BC010962,train
kau-bcmd,Preprocessed_Dataset/kau-bcmd/kau-bcmd_2041.jpg,Normal,non-cancer,BC010962,train
kau-bcmd,Preprocessed_Dataset/kau-bcmd/kau-bcmd_2042.jpg,Normal,non-cancer,BC010962,train
kau-bcmd,Preprocessed_Dataset/kau-bcmd/kau-bcmd_2043.jpg,Normal,non-cancer,BC011121,train
kau-bcmd,Preprocessed_Dataset/kau-bcmd/kau-bcmd_2044.jpg,Normal,non-cancer,BC011121,train
kau-bcmd,Preprocessed_Dataset/kau-bcmd/kau-bcmd_2045.jpg,Normal,non-cancer,BC011121,train
kau-bcmd,Preprocessed_Dataset/kau-bcmd/kau-bcmd_2046.jpg,Normal,non-cancer,BC011121,train
kau-bcmd,Preprocessed_Dataset/kau-bcmd/kau-bcmd_2047.jpg,Normal,non-cancer,BC011122,val
kau-bcmd,Preprocessed_Dataset/kau-bcmd/kau-bcmd_2048.jpg,Normal,non-cancer,BC011122,val
kau-bcmd,Preprocessed_Dataset/kau-bcmd/kau-bcmd_2049.jpg,Normal,non-cancer,BC011122,val
kau-bcmd,Preprocessed_Dataset/kau-bcmd/kau-bcmd_2050.jpg,Normal,non-cancer,BC011122,val
kau-bcmd,Preprocessed_Dataset/kau-bcmd/kau-bcmd_2051.jpg,Normal,non-cancer,BC010963,train
kau-bcmd,Preprocessed_Dataset/kau-bcmd/kau-bcmd_2052.jpg,Normal,non-cancer,BC010963,train
kau-bcmd,Preprocessed_Dataset/kau-bcmd/kau-bcmd_2053.jpg,Normal,non-cancer,BC010963,train
kau-bcmd,Preprocessed_Dataset/kau-bcmd/kau-bcmd_2054.jpg,Normal,non-cancer,BC010963,train
kau-bcmd,Preprocessed_Dataset/kau-bcmd/kau-bcmd_2055.jpg,Normal,non-cancer,BC011102,train
kau-bcmd,Preprocessed_Dataset/kau-bcmd/kau-bcmd_2056.jpg,Normal,non-cancer,BC011102,train
kau-bcmd,Preprocessed_Dataset/kau-bcmd/kau-bcmd_2057.jpg,Normal,non-cancer,BC011102,train
kau-bcmd,Preprocessed_Dataset/kau-bcmd/kau-bcmd_2058.jpg,Normal,non-cancer,BC011102,train
kau-bcmd,Preprocessed_Dataset/kau-bcmd/kau-bcmd_2059.jpg,Normal,non-cancer,BC010701,val
kau-bcmd,Preprocessed_Dataset/kau-bcmd/kau-bcmd_2060.jpg,Normal,non-cancer,BC010701,val
kau-bcmd,Preprocessed_Dataset/kau-bcmd/kau-bcmd_2061.jpg,Normal,non-cancer,BC010701,val
kau-bcmd,Preprocessed_Dataset/kau-bcmd/kau-bcmd_2062.jpg,Normal,non-cancer,BC011061,train
kau-bcmd,Preprocessed_Dataset/kau-bcmd/kau-bcmd_2063.jpg,Normal,non-cancer,BC011061,train
kau-bcmd,Preprocessed_Dataset/kau-bcmd/kau-bcmd_2064.jpg,Normal,non-cancer,BC011061,train
kau-bcmd,Preprocessed_Dataset/kau-bcmd/kau-bcmd_2065.jpg,Normal,non-cancer,BC011061,train
kau-bcmd,Preprocessed_Dataset/kau-bcmd/kau-bcmd_2066.jpg,Normal,non-cancer,BC011001,train
kau-bcmd,Preprocessed_Dataset/kau-bcmd/kau-bcmd_2067.jpg,Normal,non-cancer,BC011001,train
kau-bcmd,Preprocessed_Dataset/kau-bcmd/kau-bcmd_2068.jpg,Normal,non-cancer,BC011001,train
kau-bcmd,Preprocessed_Dataset/kau-bcmd/kau-bcmd_2069.jpg,Normal,non-cancer,BC011001,train
kau-bcmd,Preprocessed_Dataset/kau-bcmd/kau-bcmd_2070.jpg,Normal,non-cancer,BC011021,test
kau-bcmd,Preprocessed_Dataset/kau-bcmd/kau-bcmd_2071.jpg,Normal,non-cancer,BC011021,test
kau-bcmd,Preprocessed_Dataset/kau-bcmd/kau-bcmd_2072.jpg,Normal,non-cancer,BC011021,test
kau-bcmd,Preprocessed_Dataset/kau-bcmd/kau-bcmd_2073.jpg,Normal,non-cancer,BC011021,test
kau-bcmd,Preprocessed_Dataset/kau-bcmd/kau-bcmd_2074.jpg,Normal,non-cancer,BC010581,train
kau-bcmd,Preprocessed_Dataset/kau-bcmd/kau-bcmd_2075.jpg,Normal,non-cancer,BC010581,train
kau-bcmd,Preprocessed_Dataset/kau-bcmd/kau-bcmd_2076.jpg,Normal,non-cancer,BC010581,train
kau-bcmd,Preprocessed_Dataset/kau-bcmd/kau-bcmd_2077.jpg,Normal,non-cancer,BC010581,train
kau-bcmd,Preprocessed_Dataset/kau-bcmd/kau-bcmd_2078.jpg,Normal,non-cancer,BC004406,val
kau-bcmd,Preprocessed_Dataset/kau-bcmd/kau-bcmd_2079.jpg,Normal,non-cancer,BC004406,val
kau-bcmd,Preprocessed_Dataset/kau-bcmd/kau-bcmd_2080.jpg,Normal,non-cancer,BC004406,val
kau-bcmd,Preprocessed_Dataset/kau-bcmd/kau-bcmd_2081.jpg,Normal,non-cancer,BC004406,val
kau-bcmd,Preprocessed_Dataset/kau-bcmd/kau-bcmd_2082.jpg,Normal,non-cancer,BC001201,train
kau-bcmd,Preprocessed_Dataset/kau-bcmd/kau-bcmd_2083.jpg,Normal,non-cancer,BC001201,train
kau-bcmd,Preprocessed_Dataset/kau-bcmd/kau-bcmd_2084.jpg,Normal,non-cancer,BC001201,train
kau-bcmd,Preprocessed_Dataset/kau-bcmd/kau-bcmd_2085.jpg,Normal,non-cancer,BC001201,train
kau-bcmd,Preprocessed_Dataset/kau-bcmd/kau-bcmd_2086.jpg,Normal,non-cancer,BC010901,train
kau-bcmd,Preprocessed_Dataset/kau-bcmd/kau-bcmd_2087.jpg,Normal,non-cancer,BC010901,train
kau-bcmd,Preprocessed_Dataset/kau-bcmd/kau-bcmd_2088.jpg,Normal,non-cancer,BC010901,train
kau-bcmd,Preprocessed_Dataset/kau-bcmd/kau-bcmd_2089.jpg,Normal,non-cancer,BC010901,train
kau-bcmd,Preprocessed_Dataset/kau-bcmd/kau-bcmd_2090.jpg,Normal,non-cancer,BC010567,test
kau-bcmd,Preprocessed_Dataset/kau-bcmd/kau-bcmd_2091.jpg,Normal,non-cancer,BC010567,test
kau-bcmd,Preprocessed_Dataset/kau-bcmd/kau-bcmd_2092.jpg,Normal,non-cancer,BC010567,test
kau-bcmd,Preprocessed_Dataset/kau-bcmd/kau-bcmd_2093.jpg,Normal,non-cancer,BC010567,test
kau-bcmd,Preprocessed_Dataset/kau-bcmd/kau-bcmd_2094.jpg,Normal,non-cancer,BC010841,val
kau-bcmd,Preprocessed_Dataset/kau-bcmd/kau-bcmd_2095.jpg,Normal,non-cancer,BC010841,val
kau-bcmd,Preprocessed_Dataset/kau-bcmd/kau-bcmd_2096.jpg,Normal,non-cancer,BC010841,val
kau-bcmd,Preprocessed_Dataset/kau-bcmd/kau-bcmd_2097.jpg,Normal,non-cancer,BC010841,val
kau-bcmd,Preprocessed_Dataset/kau-bcmd/kau-bcmd_2098.jpg,Normal,non-cancer,BC010921,train
kau-bcmd,Preprocessed_Dataset/kau-bcmd/kau-bcmd_2099.jpg,Normal,non-cancer,BC010921,train
kau-bcmd,Preprocessed_Dataset/kau-bcmd/kau-bcmd_2100.jpg,Normal,non-cancer,BC010921,train
kau-bcmd,Preprocessed_Dataset/kau-bcmd/kau-bcmd_2101.jpg,Normal,non-cancer,BC010921,train
kau-bcmd,Preprocessed_Dataset/kau-bcmd/kau-bcmd_2102.jpg,Normal,non-cancer,BC010941,test
kau-bcmd,Preprocessed_Dataset/kau-bcmd/kau-bcmd_2103.jpg,Normal,non-cancer,BC010941,test
kau-bcmd,Preprocessed_Dataset/kau-bcmd/kau-bcmd_2104.jpg,Normal,non-cancer,BC010941,test
kau-bcmd,Preprocessed_Dataset/kau-bcmd/kau-bcmd_2105.jpg,Normal,non-cancer,BC010941,test
kau-bcmd,Preprocessed_Dataset/kau-bcmd/kau-bcmd_2106.jpg,Normal,non-cancer,BC010661,val
kau-bcmd,Preprocessed_Dataset/kau-bcmd/kau-bcmd_2107.jpg,Normal,non-cancer,BC010661,val
kau-bcmd,Preprocessed_Dataset/kau-bcmd/kau-bcmd_2108.jpg,Normal,non-cancer,BC010661,val
kau-bcmd,Preprocessed_Dataset/kau-bcmd/kau-bcmd_2109.jpg,Normal,non-cancer,BC010661,val
kau-bcmd,Preprocessed_Dataset/kau-bcmd/kau-bcmd_2110.jpg,Normal,non-cancer,BC009061,train
kau-bcmd,Preprocessed_Dataset/kau-bcmd/kau-bcmd_2111.jpg,Normal,non-cancer,BC009061,train
kau-bcmd,Preprocessed_Dataset/kau-bcmd/kau-bcmd_2112.jpg,Normal,non-cancer,BC009061,train
kau-bcmd,Preprocessed_Dataset/kau-bcmd/kau-bcmd_2113.jpg,Normal,non-cancer,BC009061,train
kau-bcmd,Preprocessed_Dataset/kau-bcmd/kau-bcmd_2114.jpg,Normal,non-cancer,BC010961,test
kau-bcmd,Preprocessed_Dataset/kau-bcmd/kau-bcmd_2115.jpg,Normal,non-cancer,BC010961,test
kau-bcmd,Preprocessed_Dataset/kau-bcmd/kau-bcmd_2116.jpg,Normal,non-cancer,BC010961,test
kau-bcmd,Preprocessed_Dataset/kau-bcmd/kau-bcmd_2117.jpg,Normal,non-cancer,BC010961,test
kau-bcmd,Preprocessed_Dataset/kau-bcmd/kau-bcmd_2118.jpg,Normal,non-cancer,BC010563,train
kau-bcmd,Preprocessed_Dataset/kau-bcmd/kau-bcmd_2119.jpg,Normal,non-cancer,BC010563,train
kau-bcmd,Preprocessed_Dataset/kau-bcmd/kau-bcmd_2120.jpg,Normal,non-cancer,BC010563,train
kau-bcmd,Preprocessed_Dataset/kau-bcmd/kau-bcmd_2121.jpg,Normal,non-cancer,BC010563,train
kau-bcmd,Preprocessed_Dataset/kau-bcmd/kau-bcmd_2122.jpg,Normal,non-cancer,BC010522,test
kau-bcmd,Preprocessed_Dataset/kau-bcmd/kau-bcmd_2123.jpg,Normal,non-cancer,BC010522,test
kau-bcmd,Preprocessed_Dataset/kau-bcmd/kau-bcmd_2124.jpg,Normal,non-cancer,BC010522,test
kau-bcmd,Preprocessed_Dataset/kau-bcmd/kau-bcmd_2125.jpg,Normal,non-cancer,BC010522,test
kau-bcmd,Preprocessed_Dataset/kau-bcmd/kau-bcmd_2126.jpg,Normal,non-cancer,BC010521,train
kau-bcmd,Preprocessed_Dataset/kau-bcmd/kau-bcmd_2127.jpg,Normal,non-cancer,BC010521,train
kau-bcmd,Preprocessed_Dataset/kau-bcmd/kau-bcmd_2128.jpg,Normal,non-cancer,BC010521,train
kau-bcmd,Preprocessed_Dataset/kau-bcmd/kau-bcmd_2129.jpg,Normal,non-cancer,BC010521,train
kau-bcmd,Preprocessed_Dataset/kau-bcmd/kau-bcmd_2130.jpg,Normal,non-cancer,BC001782,val
kau-bcmd,Preprocessed_Dataset/kau-bcmd/kau-bcmd_2131.jpg,Normal,non-cancer,BC001782,val
kau-bcmd,Preprocessed_Dataset/kau-bcmd/kau-bcmd_2132.jpg,Normal,non-cancer,BC001782,val
kau-bcmd,Preprocessed_Dataset/kau-bcmd/kau-bcmd_2133.jpg,Normal,non-cancer,BC001782,val
kau-bcmd,Preprocessed_Dataset/kau-bcmd/kau-bcmd_2134.jpg,Normal,non-cancer,BC010561,val
kau-bcmd,Preprocessed_Dataset/kau-bcmd/kau-bcmd_2135.jpg,Normal,non-cancer,BC010561,val
kau-bcmd,Preprocessed_Dataset/kau-bcmd/kau-bcmd_2136.jpg,Normal,non-cancer,BC010561,val
kau-bcmd,Preprocessed_Dataset/kau-bcmd/kau-bcmd_2137.jpg,Normal,non-cancer,BC010561,val
kau-bcmd,Preprocessed_Dataset/kau-bcmd/kau-bcmd_2138.jpg,Normal,non-cancer,BC010801,train
kau-bcmd,Preprocessed_Dataset/kau-bcmd/kau-bcmd_2139.jpg,Normal,non-cancer,BC010801,train
kau-bcmd,Preprocessed_Dataset/kau-bcmd/kau-bcmd_2140.jpg,Normal,non-cancer,BC010801,train
kau-bcmd,Preprocessed_Dataset/kau-bcmd/kau-bcmd_2141.jpg,Normal,non-cancer,BC010801,train
kau-bcmd,Preprocessed_Dataset/kau-bcmd/kau-bcmd_2142.jpg,Normal,non-cancer,BC009904,train
kau-bcmd,Preprocessed_Dataset/kau-bcmd/kau-bcmd_2143.jpg,Normal,non-cancer,BC009904,train
kau-bcmd,Preprocessed_Dataset/kau-bcmd/kau-bcmd_2144.jpg,Normal,non-cancer,BC009904,train
kau-bcmd,Preprocessed_Dataset/kau-bcmd/kau-bcmd_2145.jpg,Normal,non-cancer,BC009904,train
kau-bcmd,Preprocessed_Dataset/kau-bcmd/kau-bcmd_2146.jpg,Normal,non-cancer,BC009903,val
kau-bcmd,Preprocessed_Dataset/kau-bcmd/kau-bcmd_2147.jpg,Normal,non-cancer,BC009903,val
kau-bcmd,Preprocessed_Dataset/kau-bcmd/kau-bcmd_2148.jpg,Normal,non-cancer,BC009903,val
kau-bcmd,Preprocessed_Dataset/kau-bcmd/kau-bcmd_2149.jpg,Normal,non-cancer,BC009903,val
kau-bcmd,Preprocessed_Dataset/kau-bcmd/kau-bcmd_2150.jpg,Normal,non-cancer,BC010781,train
kau-bcmd,Preprocessed_Dataset/kau-bcmd/kau-bcmd_2151.jpg,Normal,non-cancer,BC010781,train
kau-bcmd,Preprocessed_Dataset/kau-bcmd/kau-bcmd_2152.jpg,Normal,non-cancer,BC010781,train
kau-bcmd,Preprocessed_Dataset/kau-bcmd/kau-bcmd_2153.jpg,Normal,non-cancer,BC010781,train
kau-bcmd,Preprocessed_Dataset/kau-bcmd/kau-bcmd_2154.jpg,Normal,non-cancer,BC002061,train
kau-bcmd,Preprocessed_Dataset/kau-bcmd/kau-bcmd_2155.jpg,Normal,non-cancer,BC002061,train
kau-bcmd,Preprocessed_Dataset/kau-bcmd/kau-bcmd_2156.jpg,Normal,non-cancer,BC002061,train
kau-bcmd,Preprocessed_Dataset/kau-bcmd/kau-bcmd_2157.jpg,Normal,non-cancer,BC002061,train
kau-bcmd,Preprocessed_Dataset/kau-bcmd/kau-bcmd_2158.jpg,Normal,non-cancer,BC002262,train
kau-bcmd,Preprocessed_Dataset/kau-bcmd/kau-bcmd_2159.jpg,Normal,non-cancer,BC002262,train
kau-bcmd,Preprocessed_Dataset/kau-bcmd/kau-bcmd_2160.jpg,Normal,non-cancer,BC002262,train
kau-bcmd,Preprocessed_Dataset/kau-bcmd/kau-bcmd_2161.jpg,Normal,non-cancer,BC002262,train
kau-bcmd,Preprocessed_Dataset/kau-bcmd/kau-bcmd_2162.jpg,Normal,non-cancer,BC002182,train
kau-bcmd,Preprocessed_Dataset/kau-bcmd/kau-bcmd_2163.jpg,Normal,non-cancer,BC002182,train
kau-bcmd,Preprocessed_Dataset/kau-bcmd/kau-bcmd_2164.jpg,Normal,non-cancer,BC002182,train
kau-bcmd,Preprocessed_Dataset/kau-bcmd/kau-bcmd_2165.jpg,Normal,non-cancer,BC002182,train
kau-bcmd,Preprocessed_Dataset/kau-bcmd/kau-bcmd_2166.jpg,Normal,non-cancer,BC002202,train
kau-bcmd,Preprocessed_Dataset/kau-bcmd/kau-bcmd_2167.jpg,Normal,non-cancer,BC002202,train
kau-bcmd,Preprocessed_Dataset/kau-bcmd/kau-bcmd_2168.jpg,Normal,non-cancer,BC002202,train
kau-bcmd,Preprocessed_Dataset/kau-bcmd/kau-bcmd_2169.jpg,Normal,non-cancer,BC002202,train
kau-bcmd,Preprocessed_Dataset/kau-bcmd/kau-bcmd_2170.jpg,Normal,non-cancer,BC002183,val
kau-bcmd,Preprocessed_Dataset/kau-bcmd/kau-bcmd_2171.jpg,Normal,non-cancer,BC002183,val
kau-bcmd,Preprocessed_Dataset/kau-bcmd/kau-bcmd_2172.jpg,Normal,non-cancer,BC002183,val
kau-bcmd,Preprocessed_Dataset/kau-bcmd/kau-bcmd_2173.jpg,Normal,non-cancer,BC002183,val
kau-bcmd,Preprocessed_Dataset/kau-bcmd/kau-bcmd_2174.jpg,Normal,non-cancer,BC002021,train
kau-bcmd,Preprocessed_Dataset/kau-bcmd/kau-bcmd_2175.jpg,Normal,non-cancer,BC002021,train
kau-bcmd,Preprocessed_Dataset/kau-bcmd/kau-bcmd_2176.jpg,Normal,non-cancer,BC002021,train
kau-bcmd,Preprocessed_Dataset/kau-bcmd/kau-bcmd_2177.jpg,Normal,non-cancer,BC002021,train
kau-bcmd,Preprocessed_Dataset/kau-bcmd/kau-bcmd_2178.jpg,Normal,non-cancer,BC001983,test
kau-bcmd,Preprocessed_Dataset/kau-bcmd/kau-bcmd_2179.jpg,Normal,non-cancer,BC001983,test
kau-bcmd,Preprocessed_Dataset/kau-bcmd/kau-bcmd_2180.jpg,Normal,non-cancer,BC001983,test
kau-bcmd,Preprocessed_Dataset/kau-bcmd/kau-bcmd_2181.jpg,Normal,non-cancer,BC001983,test
kau-bcmd,Preprocessed_Dataset/kau-bcmd/kau-bcmd_2182.jpg,Normal,non-cancer,BC009321,train
kau-bcmd,Preprocessed_Dataset/kau-bcmd/kau-bcmd_2183.jpg,Normal,non-cancer,BC009321,train
kau-bcmd,Preprocessed_Dataset/kau-bcmd/kau-bcmd_2184.jpg,Normal,non-cancer,BC009321,train
kau-bcmd,Preprocessed_Dataset/kau-bcmd/kau-bcmd_2185.jpg,Normal,non-cancer,BC009321,train
kau-bcmd,Preprocessed_Dataset/kau-bcmd/kau-bcmd_2186.jpg,Normal,non-cancer,BC002045,train
kau-bcmd,Preprocessed_Dataset/kau-bcmd/kau-bcmd_2187.jpg,Normal,non-cancer,BC002045,train
kau-bcmd,Preprocessed_Dataset/kau-bcmd/kau-bcmd_2188.jpg,Normal,non-cancer,BC002045,train
kau-bcmd,Preprocessed_Dataset/kau-bcmd/kau-bcmd_2189.jpg,Normal,non-cancer,BC002045,train
kau-bcmd,Preprocessed_Dataset/kau-bcmd/kau-bcmd_2190.jpg,Normal,non-cancer,BC010421,test
kau-bcmd,Preprocessed_Dataset/kau-bcmd/kau-bcmd_2191.jpg,Normal,non-cancer,BC010421,test
kau-bcmd,Preprocessed_Dataset/kau-bcmd/kau-bcmd_2192.jpg,Normal,non-cancer,BC010421,test
kau-bcmd,Preprocessed_Dataset/kau-bcmd/kau-bcmd_2193.jpg,Normal,non-cancer,BC010421,test
kau-bcmd,Preprocessed_Dataset/kau-bcmd/kau-bcmd_2194.jpg,Normal,non-cancer,BC010501,train
kau-bcmd,Preprocessed_Dataset/kau-bcmd/kau-bcmd_2195.jpg,Normal,non-cancer,BC010501,train
kau-bcmd,Preprocessed_Dataset/kau-bcmd/kau-bcmd_2196.jpg,Normal,non-cancer,BC010501,train
kau-bcmd,Preprocessed_Dataset/kau-bcmd/kau-bcmd_2197.jpg,Normal,non-cancer,BC010501,train
kau-bcmd,Preprocessed_Dataset/kau-bcmd/kau-bcmd_2198.jpg,Normal,non-cancer,BC009942,val
kau-bcmd,Preprocessed_Dataset/kau-bcmd/kau-bcmd_2199.jpg,Normal,non-cancer,BC009942,val
kau-bcmd,Preprocessed_Dataset/kau-bcmd/kau-bcmd_2200.jpg,Normal,non-cancer,BC009942,val
kau-bcmd,Preprocessed_Dataset/kau-bcmd/kau-bcmd_2201.jpg,Normal,non-cancer,BC009942,val
kau-bcmd,Preprocessed_Dataset/kau-bcmd/kau-bcmd_2202.jpg,Normal,non-cancer,BC010241,train
kau-bcmd,Preprocessed_Dataset/kau-bcmd/kau-bcmd_2203.jpg,Normal,non-cancer,BC010241,train
kau-bcmd,Preprocessed_Dataset/kau-bcmd/kau-bcmd_2204.jpg,Normal,non-cancer,BC010241,train
kau-bcmd,Preprocessed_Dataset/kau-bcmd/kau-bcmd_2205.jpg,Normal,non-cancer,BC010241,train
inbreast,Preprocessed_Dataset/inbreast/inbreast_0.jpg,Normal,non-cancer,22678622,val
inbreast,Preprocessed_Dataset/inbreast/inbreast_1.jpg,Benign,non-cancer,22678646,train
inbreast,Preprocessed_Dataset/inbreast/inbreast_2.jpg,Normal,non-cancer,22678670,train
inbreast,Preprocessed_Dataset/inbreast/inbreast_3.jpg,Benign,non-cancer,22678694,test
inbreast,Preprocessed_Dataset/inbreast/inbreast_4.jpg,Malignant,cancer,22614074,train
inbreast,Preprocessed_Dataset/inbreast/inbreast_5.jpg,Benign,non-cancer,22614097,test
inbreast,Preprocessed_Dataset/inbreast/inbreast_6.jpg,Malignant,cancer,22614127,train
inbreast,Preprocessed_Dataset/inbreast/inbreast_7.jpg,Benign,non-cancer,22614150,train
inbreast,Preprocessed_Dataset/inbreast/inbreast_8.jpg,Benign,non-cancer,50997434,train
inbreast,Preprocessed_Dataset/inbreast/inbreast_9.jpg,Suspicious Malignant,cancer,50997461,test
inbreast,Preprocessed_Dataset/inbreast/inbreast_10.jpg,Benign,non-cancer,50997488,train
inbreast,Preprocessed_Dataset/inbreast/inbreast_11.jpg,Suspicious Malignant,cancer,50997515,val
inbreast,Preprocessed_Dataset/inbreast/inbreast_12.jpg,Suspicious Malignant,cancer,24055445,train
inbreast,Preprocessed_Dataset/inbreast/inbreast_13.jpg,Suspicious Malignant,cancer,24055464,train
inbreast,Preprocessed_Dataset/inbreast/inbreast_14.jpg,Suspicious Malignant,cancer,24055483,train
inbreast,Preprocessed_Dataset/inbreast/inbreast_15.jpg,Suspicious Malignant,cancer,24055502,test
inbreast,Preprocessed_Dataset/inbreast/inbreast_16.jpg,Benign,non-cancer,22580192,test
inbreast,Preprocessed_Dataset/inbreast/inbreast_17.jpg,Normal,non-cancer,22580218,val
inbreast,Preprocessed_Dataset/inbreast/inbreast_18.jpg,Benign,non-cancer,22580244,train
inbreast,Preprocessed_Dataset/inbreast/inbreast_19.jpg,Normal,non-cancer,22580270,test
inbreast,Preprocessed_Dataset/inbreast/inbreast_20.jpg,Benign,non-cancer,50998032,train
inbreast,Preprocessed_Dataset/inbreast/inbreast_21.jpg,Malignant,cancer,50998059,train
inbreast,Preprocessed_Dataset/inbreast/inbreast_22.jpg,Benign,non-cancer,50998086,val
inbreast,Preprocessed_Dataset/inbreast/inbreast_23.jpg,Malignant,cancer,50998113,train
inbreast,Preprocessed_Dataset/inbreast/inbreast_24.jpg,Benign,non-cancer,50997742,train
inbreast,Preprocessed_Dataset/inbreast/inbreast_25.jpg,Benign,non-cancer,50997769,train
inbreast,Preprocessed_Dataset/inbreast/inbreast_26.jpg,Benign,non-cancer,50997796,train
inbreast,Preprocessed_Dataset/inbreast/inbreast_27.jpg,Benign,non-cancer,50997823,val
inbreast,Preprocessed_Dataset/inbreast/inbreast_28.jpg,Benign,non-cancer,22670620,train
inbreast,Preprocessed_Dataset/inbreast/inbreast_29.jpg,Normal,non-cancer,22670643,train
inbreast,Preprocessed_Dataset/inbreast/inbreast_30.jpg,Benign,non-cancer,22670673,train
inbreast,Preprocessed_Dataset/inbreast/inbreast_31.jpg,Normal,non-cancer,22670703,train
inbreast,Preprocessed_Dataset/inbreast/inbreast_32.jpg,Normal,non-cancer,53581379,train
inbreast,Preprocessed_Dataset/inbreast/inbreast_33.jpg,Malignant,cancer,53581406,train
inbreast,Preprocessed_Dataset/inbreast/inbreast_34.jpg,Normal,non-cancer,53581433,train
inbreast,Preprocessed_Dataset/inbreast/inbreast_35.jpg,Malignant,cancer,53581460,train
inbreast,Preprocessed_Dataset/inbreast/inbreast_36.jpg,Benign,non-cancer,24065833,val
inbreast,Preprocessed_Dataset/inbreast/inbreast_37.jpg,Benign,non-cancer,24065860,train
inbreast,Preprocessed_Dataset/inbreast/inbreast_38.jpg,Benign,non-cancer,24065887,train
inbreast,Preprocessed_Dataset/inbreast/inbreast_39.jpg,Benign,non-cancer,24065914,val
inbreast,Preprocessed_Dataset/inbreast/inbreast_40.jpg,Benign,non-cancer,24055877,train
inbreast,Preprocessed_Dataset/inbreast/inbreast_41.jpg,Benign,non-cancer,24055904,train
inbreast,Preprocessed_Dataset/inbreast/inbreast_42.jpg,Benign,non-cancer,24055931,train
inbreast,Preprocessed_Dataset/inbreast/inbreast_43.jpg,Benign,non-cancer,24055958,train
inbreast,Preprocessed_Dataset/inbreast/inbreast_44.jpg,Benign,non-cancer,53587427,train
inbreast,Preprocessed_Dataset/inbreast/inbreast_45.jpg,Benign,non-cancer,53587454,train
inbreast,Preprocessed_Dataset/inbreast/inbreast_46.jpg,Benign,non-cancer,53587481,train
inbreast,Preprocessed_Dataset/inbreast/inbreast_47.jpg,Benign,non-cancer,53587508,val
inbreast,Preprocessed_Dataset/inbreast/inbreast_48.jpg,Benign,non-cancer,51049462,val
inbreast,Preprocessed_Dataset/inbreast/inbreast_49.jpg,Benign,non-cancer,51049489,test
inbreast,Preprocessed_Dataset/inbreast/inbreast_50.jpg,Benign,non-cancer,51049516,val
inbreast,Preprocessed_Dataset/inbreast/inbreast_51.jpg,Benign,non-cancer,51049543,val
inbreast,Preprocessed_Dataset/inbreast/inbreast_52.jpg,Benign,non-cancer,51049628,train
inbreast,Preprocessed_Dataset/inbreast/inbreast_53.jpg,Benign,non-cancer,51049655,val
inbreast,Preprocessed_Dataset/inbreast/inbreast_54.jpg,Benign,non-cancer,51049682,train
inbreast,Preprocessed_Dataset/inbreast/inbreast_55.jpg,Benign,non-cancer,51070197,train
inbreast,Preprocessed_Dataset/inbreast/inbreast_56.jpg,Benign,non-cancer,53580611,train
inbreast,Preprocessed_Dataset/inbreast/inbreast_57.jpg,Benign,non-cancer,53580638,train
inbreast,Preprocessed_Dataset/inbreast/inbreast_58.jpg,Benign,non-cancer,53580665,val
inbreast,Preprocessed_Dataset/inbreast/inbreast_59.jpg,Benign,non-cancer,53580692,train
inbreast,Preprocessed_Dataset/inbreast/inbreast_60.jpg,Benign,non-cancer,53586960,train
inbreast,Preprocessed_Dataset/inbreast/inbreast_61.jpg,Benign,non-cancer,53586987,train
inbreast,Preprocessed_Dataset/inbreast/inbreast_62.jpg,Benign,non-cancer,53587014,val
inbreast,Preprocessed_Dataset/inbreast/inbreast_63.jpg,Benign,non-cancer,53587041,test
inbreast,Preprocessed_Dataset/inbreast/inbreast_64.jpg,Benign,non-cancer,51048891,train
inbreast,Preprocessed_Dataset/inbreast/inbreast_65.jpg,Benign,non-cancer,51048918,val
inbreast,Preprocessed_Dataset/inbreast/inbreast_66.jpg,Benign,non-cancer,51048945,train
inbreast,Preprocessed_Dataset/inbreast/inbreast_67.jpg,Benign,non-cancer,51048972,train
inbreast,Preprocessed_Dataset/inbreast/inbreast_68.jpg,Benign,non-cancer,20588458,test
inbreast,Preprocessed_Dataset/inbreast/inbreast_69.jpg,Benign,non-cancer,20588510,test
inbreast,Preprocessed_Dataset/inbreast/inbreast_70.jpg,Malignant,cancer,20588536,train
inbreast,Preprocessed_Dataset/inbreast/inbreast_71.jpg,Malignant,cancer,20588562,train
inbreast,Preprocessed_Dataset/inbreast/inbreast_72.jpg,Suspicious Malignant,cancer,22670809,train
inbreast,Preprocessed_Dataset/inbreast/inbreast_73.jpg,Benign,non-cancer,22670832,test
inbreast,Preprocessed_Dataset/inbreast/inbreast_74.jpg,Malignant,cancer,22670855,train
inbreast,Preprocessed_Dataset/inbreast/inbreast_75.jpg,Benign,non-cancer,22670878,train
inbreast,Preprocessed_Dataset/inbreast/inbreast_76.jpg,Suspicious Malignant,cancer,22678953,test
inbreast,Preprocessed_Dataset/inbreast/inbreast_77.jpg,Benign,non-cancer,22678980,train
inbreast,Preprocessed_Dataset/inbreast/inbreast_78.jpg,Suspicious Malignant,cancer,22679008,train
inbreast,Preprocessed_Dataset/inbreast/inbreast_79.jpg,Benign,non-cancer,22679036,train
inbreast,Preprocessed_Dataset/inbreast/inbreast_80.jpg,Benign,non-cancer,50998413,val
inbreast,Preprocessed_Dataset/inbreast/inbreast_81.jpg,Benign,non-cancer,50998440,train
inbreast,Preprocessed_Dataset/inbreast/inbreast_82.jpg,Benign,non-cancer,50998467,test
inbreast,Preprocessed_Dataset/inbreast/inbreast_83.jpg,Benign,non-cancer,50998494,val
inbreast,Preprocessed_Dataset/inbreast/inbreast_84.jpg,Benign,non-cancer,20587294,train
inbreast,Preprocessed_Dataset/inbreast/inbreast_85.jpg,Benign,non-cancer,20587320,train
inbreast,Preprocessed_Dataset/inbreast/inbreast_86.jpg,Benign,non-cancer,20587346,train
inbreast,Preprocessed_Dataset/inbreast/inbreast_87.jpg,Benign,non-cancer,20587372,train
inbreast,Preprocessed_Dataset/inbreast/inbreast_88.jpg,Benign,non-cancer,20587466,train
inbreast,Preprocessed_Dataset/inbreast/inbreast_89.jpg,Benign,non-cancer,20587492,train
inbreast,Preprocessed_Dataset/inbreast/inbreast_90.jpg,Benign,non-cancer,20587518,val
inbreast,Preprocessed_Dataset/inbreast/inbreast_91.jpg,Benign,non-cancer,20587544,train
inbreast,Preprocessed_Dataset/inbreast/inbreast_92.jpg,Benign,non-cancer,50996201,train
inbreast,Preprocessed_Dataset/inbreast/inbreast_93.jpg,Benign,non-cancer,50996228,train
inbreast,Preprocessed_Dataset/inbreast/inbreast_94.jpg,Benign,non-cancer,50993787,train
inbreast,Preprocessed_Dataset/inbreast/inbreast_95.jpg,Benign,non-cancer,50993814,train
inbreast,Preprocessed_Dataset/inbreast/inbreast_96.jpg,Benign,non-cancer,50993841,train
inbreast,Preprocessed_Dataset/inbreast/inbreast_97.jpg,Benign,non-cancer,50993868,train
inbreast,Preprocessed_Dataset/inbreast/inbreast_98.jpg,Benign,non-cancer,50993895,train
inbreast,Preprocessed_Dataset/inbreast/inbreast_99.jpg,Benign,non-cancer,50993922,val
inbreast,Preprocessed_Dataset/inbreast/inbreast_100.jpg,Benign,non-cancer,50993949,train
inbreast,Preprocessed_Dataset/inbreast/inbreast_101.jpg,Benign,non-cancer,50993976,train
inbreast,Preprocessed_Dataset/inbreast/inbreast_102.jpg,Benign,non-cancer,22614353,train
inbreast,Preprocessed_Dataset/inbreast/inbreast_103.jpg,Malignant,cancer,22614379,train
inbreast,Preprocessed_Dataset/inbreast/inbreast_104.jpg,Benign,non-cancer,22614405,val
inbreast,Preprocessed_Dataset/inbreast/inbreast_105.jpg,Malignant,cancer,22614431,train
inbreast,Preprocessed_Dataset/inbreast/inbreast_106.jpg,Benign,non-cancer,53587572,train
inbreast,Preprocessed_Dataset/inbreast/inbreast_107.jpg,Benign,non-cancer,53587599,test
inbreast,Preprocessed_Dataset/inbreast/inbreast_108.jpg,Benign,non-cancer,50996800,train
inbreast,Preprocessed_Dataset/inbreast/inbreast_109.jpg,Benign,non-cancer,50996827,train
inbreast,Preprocessed_Dataset/inbreast/inbreast_110.jpg,Benign,non-cancer,50996854,train
inbreast,Preprocessed_Dataset/inbreast/inbreast_111.jpg,Benign,non-cancer,50996881,train
inbreast,Preprocessed_Dataset/inbreast/inbreast_112.jpg,Benign,non-cancer,50993399,train
inbreast,Preprocessed_Dataset/inbreast/inbreast_113.jpg,Benign,non-cancer,50993426,train
inbreast,Preprocessed_Dataset/inbreast/inbreast_114.jpg,Malignant,cancer,27829134,train
inbreast,Preprocessed_Dataset/inbreast/inbreast_115.jpg,Normal,non-cancer,27829161,train
inbreast,Preprocessed_Dataset/inbreast/inbreast_116.jpg,Malignant,cancer,27829188,train
inbreast,Preprocessed_Dataset/inbreast/inbreast_117.jpg,Normal,non-cancer,27829215,train
inbreast,Preprocessed_Dataset/inbreast/inbreast_118.jpg,Benign,non-cancer,50997223,train
inbreast,Preprocessed_Dataset/inbreast/inbreast_119.jpg,Benign,non-cancer,50997250,train
inbreast,Preprocessed_Dataset/inbreast/inbreast_120.jpg,Benign,non-cancer,50997277,train
inbreast,Preprocessed_Dataset/inbreast/inbreast_121.jpg,Benign,non-cancer,50997304,train
inbreast,Preprocessed_Dataset/inbreast/inbreast_122.jpg,Normal,non-cancer,22670442,train
inbreast,Preprocessed_Dataset/inbreast/inbreast_123.jpg,Malignant,cancer,22670465,train
inbreast,Preprocessed_Dataset/inbreast/inbreast_124.jpg,Normal,non-cancer,22670488,train
inbreast,Preprocessed_Dataset/inbreast/inbreast_125.jpg,Malignant,cancer,22670511,train
inbreast,Preprocessed_Dataset/inbreast/inbreast_126.jpg,Normal,non-cancer,53581769,val
inbreast,Preprocessed_Dataset/inbreast/inbreast_127.jpg,Normal,non-cancer,53581796,train
inbreast,Preprocessed_Dataset/inbreast/inbreast_128.jpg,Suspicious Malignant,cancer,24065530,train
inbreast,Preprocessed_Dataset/inbreast/inbreast_129.jpg,Benign,non-cancer,24065557,train
inbreast,Preprocessed_Dataset/inbreast/inbreast_130.jpg,Suspicious Malignant,cancer,24065584,train
inbreast,Preprocessed_Dataset/inbreast/inbreast_131.jpg,Benign,non-cancer,24065611,train
inbreast,Preprocessed_Dataset/inbreast/inbreast_132.jpg,Benign,non-cancer,53587104,train
inbreast,Preprocessed_Dataset/inbreast/inbreast_133.jpg,Benign,non-cancer,53587131,train
inbreast,Preprocessed_Dataset/inbreast/inbreast_134.jpg,Benign,non-cancer,30011484,train
inbreast,Preprocessed_Dataset/inbreast/inbreast_135.jpg,Suspicious Malignant,cancer,30011507,val
inbreast,Preprocessed_Dataset/inbreast/inbreast_136.jpg,Benign,non-cancer,30011530,train
inbreast,Preprocessed_Dataset/inbreast/inbreast_137.jpg,Suspicious Malignant,cancer,30011553,test
inbreast,Preprocessed_Dataset/inbreast/inbreast_138.jpg,Benign,non-cancer,24055573,train
inbreast,Preprocessed_Dataset/inbreast/inbreast_139.jpg,Suspicious Malignant,cancer,24055600,test
inbreast,Preprocessed_Dataset/inbreast/inbreast_140.jpg,Benign,non-cancer,24055627,test
inbreast,Preprocessed_Dataset/inbreast/inbreast_141.jpg,Suspicious Malignant,cancer,24055654,test
inbreast,Preprocessed_Dataset/inbreast/inbreast_142.jpg,Benign,non-cancer,24065680,test
inbreast,Preprocessed_Dataset/inbreast/inbreast_143.jpg,Malignant,cancer,24065707,train
inbreast,Preprocessed_Dataset/inbreast/inbreast_144.jpg,Benign,non-cancer,24065734,train
inbreast,Preprocessed_Dataset/inbreast/inbreast_145.jpg,Malignant,cancer,24065761,train
inbreast,Preprocessed_Dataset/inbreast/inbreast_146.jpg,Malignant,cancer,50999432,test
inbreast,Preprocessed_Dataset/inbreast/inbreast_147.jpg,Malignant,cancer,50999459,train
inbreast,Preprocessed_Dataset/inbreast/inbreast_148.jpg,Benign,non-cancer,51048738,train
inbreast,Preprocessed_Dataset/inbreast/inbreast_149.jpg,Benign,non-cancer,51048765,test
inbreast,Preprocessed_Dataset/inbreast/inbreast_150.jpg,Benign,non-cancer,50998177,train
inbreast,Preprocessed_Dataset/inbreast/inbreast_151.jpg,Benign,non-cancer,50998204,train
inbreast,Preprocessed_Dataset/inbreast/inbreast_152.jpg,Benign,non-cancer,50998231,train
inbreast,Preprocessed_Dataset/inbreast/inbreast_153.jpg,Benign,non-cancer,50998258,train
inbreast,Preprocessed_Dataset/inbreast/inbreast_154.jpg,Benign,non-cancer,20588308,val
inbreast,Preprocessed_Dataset/inbreast/inbreast_155.jpg,Benign,non-cancer,20588334,test
inbreast,Preprocessed_Dataset/inbreast/inbreast_156.jpg,Benign,non-cancer,22678787,train
inbreast,Preprocessed_Dataset/inbreast/inbreast_157.jpg,Benign,non-cancer,22678810,test
inbreast,Preprocessed_Dataset/inbreast/inbreast_158.jpg,Benign,non-cancer,22678833,train
inbreast,Preprocessed_Dataset/inbreast/inbreast_159.jpg,Benign,non-cancer,22678856,train
inbreast,Preprocessed_Dataset/inbreast/inbreast_160.jpg,Benign,non-cancer,22580341,test
inbreast,Preprocessed_Dataset/inbreast/inbreast_161.jpg,Benign,non-cancer,22580367,train
inbreast,Preprocessed_Dataset/inbreast/inbreast_162.jpg,Benign,non-cancer,22580393,train
inbreast,Preprocessed_Dataset/inbreast/inbreast_163.jpg,Benign,non-cancer,22580419,test
inbreast,Preprocessed_Dataset/inbreast/inbreast_164.jpg,Malignant,cancer,24055149,train
inbreast,Preprocessed_Dataset/inbreast/inbreast_165.jpg,Benign,non-cancer,24055176,train
inbreast,Preprocessed_Dataset/inbreast/inbreast_166.jpg,Malignant,cancer,24055203,test
inbreast,Preprocessed_Dataset/inbreast/inbreast_167.jpg,Malignant,cancer,20587994,train
inbreast,Preprocessed_Dataset/inbreast/inbreast_168.jpg,Benign,non-cancer,20588020,train
inbreast,Preprocessed_Dataset/inbreast/inbreast_169.jpg,Malignant,cancer,20588046,train
inbreast,Preprocessed_Dataset/inbreast/inbreast_170.jpg,Benign,non-cancer,20588072,train
inbreast,Preprocessed_Dataset/inbreast/inbreast_171.jpg,Benign,non-cancer,26933772,train
inbreast,Preprocessed_Dataset/inbreast/inbreast_172.jpg,Suspicious Malignant,cancer,26933801,train
inbreast,Preprocessed_Dataset/inbreast/inbreast_173.jpg,Benign,non-cancer,26933830,train
inbreast,Preprocessed_Dataset/inbreast/inbreast_174.jpg,Suspicious Malignant,cancer,26933859,val
inbreast,Preprocessed_Dataset/inbreast/inbreast_175.jpg,Benign,non-cancer,50995762,train
inbreast,Preprocessed_Dataset/inbreast/inbreast_176.jpg,Benign,non-cancer,50995789,test
inbreast,Preprocessed_Dataset/inbreast/inbreast_177.jpg,Suspicious Malignant,cancer,22670278,train
inbreast,Preprocessed_Dataset/inbreast/inbreast_178.jpg,Benign,non-cancer,22670301,train
inbreast,Preprocessed_Dataset/inbreast/inbreast_179.jpg,Suspicious Malignant,cancer,22670324,val
inbreast,Preprocessed_Dataset/inbreast/inbreast_180.jpg,Benign,non-cancer,22670347,train
inbreast,Preprocessed_Dataset/inbreast/inbreast_181.jpg,Normal,non-cancer,53582540,test
inbreast,Preprocessed_Dataset/inbreast/inbreast_182.jpg,Normal,non-cancer,53582567,train
inbreast,Preprocessed_Dataset/inbreast/inbreast_183.jpg,Benign,non-cancer,22427682,val
inbreast,Preprocessed_Dataset/inbreast/inbreast_184.jpg,Malignant,cancer,22427705,train
inbreast,Preprocessed_Dataset/inbreast/inbreast_185.jpg,Benign,non-cancer,22427728,train
inbreast,Preprocessed_Dataset/inbreast/inbreast_186.jpg,Malignant,cancer,22427751,train
inbreast,Preprocessed_Dataset/inbreast/inbreast_187.jpg,Benign,non-cancer,22613624,train
inbreast,Preprocessed_Dataset/inbreast/inbreast_188.jpg,Malignant,cancer,22613650,train
inbreast,Preprocessed_Dataset/inbreast/inbreast_189.jpg,Benign,non-cancer,22613676,train
inbreast,Preprocessed_Dataset/inbreast/inbreast_190.jpg,Malignant,cancer,22613702,train
inbreast,Preprocessed_Dataset/inbreast/inbreast_191.jpg,Malignant,cancer,24055274,test
inbreast,Preprocessed_Dataset/inbreast/inbreast_192.jpg,Benign,non-cancer,24055328,test
inbreast,Preprocessed_Dataset/inbreast/inbreast_193.jpg,Malignant,cancer,24055355,train
inbreast,Preprocessed_Dataset/inbreast/inbreast_194.jpg,Benign,non-cancer,24055382,train
inbreast,Preprocessed_Dataset/inbreast/inbreast_195.jpg,Normal,non-cancer,53586361,train
inbreast,Preprocessed_Dataset/inbreast/inbreast_196.jpg,Normal,non-cancer,53586388,train
inbreast,Preprocessed_Dataset/inbreast/inbreast_197.jpg,Normal,non-cancer,53586415,train
inbreast,Preprocessed_Dataset/inbreast/inbreast_198.jpg,Normal,non-cancer,53586442,train
inbreast,Preprocessed_Dataset/inbreast/inbreast_199.jpg,Benign,non-cancer,30011647,test
inbreast,Preprocessed_Dataset/inbreast/inbreast_200.jpg,Malignant,cancer,30011674,train
inbreast,Preprocessed_Dataset/inbreast/inbreast_201.jpg,Benign,non-cancer,30011700,val
inbreast,Preprocessed_Dataset/inbreast/inbreast_202.jpg,Malignant,cancer,30011727,train
inbreast,Preprocessed_Dataset/inbreast/inbreast_203.jpg,Normal,non-cancer,53581860,val
inbreast,Preprocessed_Dataset/inbreast/inbreast_204.jpg,Benign,non-cancer,53581887,train
inbreast,Preprocessed_Dataset/inbreast/inbreast_205.jpg,Normal,non-cancer,53581914,train
inbreast,Preprocessed_Dataset/inbreast/inbreast_206.jpg,Benign,non-cancer,53581941,train
inbreast,Preprocessed_Dataset/inbreast/inbreast_207.jpg,Normal,non-cancer,20588138,train
inbreast,Preprocessed_Dataset/inbreast/inbreast_208.jpg,Normal,non-cancer,20588164,train
inbreast,Preprocessed_Dataset/inbreast/inbreast_209.jpg,Suspicious Malignant,cancer,20588190,train
inbreast,Preprocessed_Dataset/inbreast/inbreast_210.jpg,Suspicious Malignant,cancer,20588216,train
inbreast,Preprocessed_Dataset/inbreast/inbreast_211.jpg,Benign,non-cancer,50996945,train
inbreast,Preprocessed_Dataset/inbreast/inbreast_212.jpg,Benign,non-cancer,50996972,train
inbreast,Preprocessed_Dataset/inbreast/inbreast_213.jpg,Benign,non-cancer,50996999,train
inbreast,Preprocessed_Dataset/inbreast/inbreast_214.jpg,Benign,non-cancer,50997026,test
inbreast,Preprocessed_Dataset/inbreast/inbreast_215.jpg,Normal,non-cancer,50997053,train
inbreast,Preprocessed_Dataset/inbreast/inbreast_216.jpg,Normal,non-cancer,50997080,train
inbreast,Preprocessed_Dataset/inbreast/inbreast_217.jpg,Benign,non-cancer,50997107,val
inbreast,Preprocessed_Dataset/inbreast/inbreast_218.jpg,Benign,non-cancer,50997134,train
inbreast,Preprocessed_Dataset/inbreast/inbreast_219.jpg,Benign,non-cancer,20587758,train
inbreast,Preprocessed_Dataset/inbreast/inbreast_220.jpg,Benign,non-cancer,20587784,train
inbreast,Preprocessed_Dataset/inbreast/inbreast_221.jpg,Benign,non-cancer,20587810,train
inbreast,Preprocessed_Dataset/inbreast/inbreast_222.jpg,Benign,non-cancer,20587836,train
inbreast,Preprocessed_Dataset/inbreast/inbreast_223.jpg,Benign,non-cancer,50996056,val
inbreast,Preprocessed_Dataset/inbreast/inbreast_224.jpg,Benign,non-cancer,50996083,val
inbreast,Preprocessed_Dataset/inbreast/inbreast_225.jpg,Benign,non-cancer,50996110,val
inbreast,Preprocessed_Dataset/inbreast/inbreast_226.jpg,Benign,non-cancer,50996137,train
inbreast,Preprocessed_Dataset/inbreast/inbreast_227.jpg,Normal,non-cancer,53582395,train
inbreast,Preprocessed_Dataset/inbreast/inbreast_228.jpg,Benign,non-cancer,53582422,val
inbreast,Preprocessed_Dataset/inbreast/inbreast_229.jpg,Normal,non-cancer,53582449,train
inbreast,Preprocessed_Dataset/inbreast/inbreast_230.jpg,Benign,non-cancer,53582476,train
inbreast,Preprocessed_Dataset/inbreast/inbreast_231.jpg,Benign,non-cancer,50999094,val
inbreast,Preprocessed_Dataset/inbreast/inbreast_232.jpg,Normal,non-cancer,50999121,train
inbreast,Preprocessed_Dataset/inbreast/inbreast_233.jpg,Benign,non-cancer,50999148,train
inbreast,Preprocessed_Dataset/inbreast/inbreast_234.jpg,Normal,non-cancer,50999175,test
inbreast,Preprocessed_Dataset/inbreast/inbreast_235.jpg,Benign,non-cancer,50999246,train
inbreast,Preprocessed_Dataset/inbreast/inbreast_236.jpg,Normal,non-cancer,50999273,val
inbreast,Preprocessed_Dataset/inbreast/inbreast_237.jpg,Benign,non-cancer,50999300,train
inbreast,Preprocessed_Dataset/inbreast/inbreast_238.jpg,Normal,non-cancer,50999327,train
inbreast,Preprocessed_Dataset/inbreast/inbreast_239.jpg,Benign,non-cancer,50994535,train
inbreast,Preprocessed_Dataset/inbreast/inbreast_240.jpg,Benign,non-cancer,50994562,test
inbreast,Preprocessed_Dataset/inbreast/inbreast_241.jpg,Benign,non-cancer,50994589,train
inbreast,Preprocessed_Dataset/inbreast/inbreast_242.jpg,Benign,non-cancer,50994616,train
inbreast,Preprocessed_Dataset/inbreast/inbreast_243.jpg,Malignant,cancer,22427840,test
inbreast,Preprocessed_Dataset/inbreast/inbreast_244.jpg,Benign,non-cancer,22427864,val
inbreast,Preprocessed_Dataset/inbreast/inbreast_245.jpg,Malignant,cancer,22579730,train
inbreast,Preprocessed_Dataset/inbreast/inbreast_246.jpg,Benign,non-cancer,22579754,test
inbreast,Preprocessed_Dataset/inbreast/inbreast_247.jpg,Benign,non-cancer,30011798,train
inbreast,Preprocessed_Dataset/inbreast/inbreast_248.jpg,Suspicious Malignant,cancer,30011824,train
inbreast,Preprocessed_Dataset/inbreast/inbreast_249.jpg,Benign,non-cancer,30011850,test
inbreast,Preprocessed_Dataset/inbreast/inbreast_250.jpg,Suspicious Malignant,cancer,30318067,test
inbreast,Preprocessed_Dataset/inbreast/inbreast_251.jpg,Benign,non-cancer,50996709,train
inbreast,Preprocessed_Dataset/inbreast/inbreast_252.jpg,Benign,non-cancer,50996736,val
inbreast,Preprocessed_Dataset/inbreast/inbreast_253.jpg,Benign,non-cancer,51049053,train
inbreast,Preprocessed_Dataset/inbreast/inbreast_254.jpg,Benign,non-cancer,51049080,val
inbreast,Preprocessed_Dataset/inbreast/inbreast_255.jpg,Benign,non-cancer,51049107,train
inbreast,Preprocessed_Dataset/inbreast/inbreast_256.jpg,Benign,non-cancer,51049134,train
inbreast,Preprocessed_Dataset/inbreast/inbreast_257.jpg,Malignant,cancer,22614236,val
inbreast,Preprocessed_Dataset/inbreast/inbreast_258.jpg,Malignant,cancer,22614266,train
inbreast,Preprocessed_Dataset/inbreast/inbreast_259.jpg,Normal,non-cancer,50994706,train
inbreast,Preprocessed_Dataset/inbreast/inbreast_260.jpg,Normal,non-cancer,50994733,train
inbreast,Preprocessed_Dataset/inbreast/inbreast_261.jpg,Normal,non-cancer,50994760,test
inbreast,Preprocessed_Dataset/inbreast/inbreast_262.jpg,Normal,non-cancer,50994787,train
inbreast,Preprocessed_Dataset/inbreast/inbreast_263.jpg,Normal,non-cancer,50994814,train
inbreast,Preprocessed_Dataset/inbreast/inbreast_264.jpg,Suspicious Malignant,cancer,50994841,val
inbreast,Preprocessed_Dataset/inbreast/inbreast_265.jpg,Normal,non-cancer,50994868,val
inbreast,Preprocessed_Dataset/inbreast/inbreast_266.jpg,Suspicious Malignant,cancer,50994895,train
inbreast,Preprocessed_Dataset/inbreast/inbreast_267.jpg,Benign,non-cancer,53586724,test
inbreast,Preprocessed_Dataset/inbreast/inbreast_268.jpg,Benign,non-cancer,53586751,train
inbreast,Preprocessed_Dataset/inbreast/inbreast_269.jpg,Benign,non-cancer,53586778,train
inbreast,Preprocessed_Dataset/inbreast/inbreast_270.jpg,Benign,non-cancer,53586805,train
inbreast,Preprocessed_Dataset/inbreast/inbreast_271.jpg,Benign,non-cancer,22614499,test
inbreast,Preprocessed_Dataset/inbreast/inbreast_272.jpg,Suspicious Malignant,cancer,22614522,train
inbreast,Preprocessed_Dataset/inbreast/inbreast_273.jpg,Benign,non-cancer,22614545,train
inbreast,Preprocessed_Dataset/inbreast/inbreast_274.jpg,Suspicious Malignant,cancer,22614568,val
inbreast,Preprocessed_Dataset/inbreast/inbreast_275.jpg,Benign,non-cancer,51049249,train
inbreast,Preprocessed_Dataset/inbreast/inbreast_276.jpg,Benign,non-cancer,51049276,val
inbreast,Preprocessed_Dataset/inbreast/inbreast_277.jpg,Benign,non-cancer,24058660,val
inbreast,Preprocessed_Dataset/inbreast/inbreast_278.jpg,Suspicious Malignant,cancer,24058686,val
inbreast,Preprocessed_Dataset/inbreast/inbreast_279.jpg,Benign,non-cancer,24058712,train
inbreast,Preprocessed_Dataset/inbreast/inbreast_280.jpg,Suspicious Malignant,cancer,24058738,train
inbreast,Preprocessed_Dataset/inbreast/inbreast_281.jpg,Suspicious Malignant,cancer,22613918,train
inbreast,Preprocessed_Dataset/inbreast/inbreast_282.jpg,Normal,non-cancer,22613944,train
inbreast,Preprocessed_Dataset/inbreast/inbreast_283.jpg,Suspicious Malignant,cancer,22613970,val
inbreast,Preprocessed_Dataset/inbreast/inbreast_284.jpg,Normal,non-cancer,22613996,train
inbreast,Preprocessed_Dataset/inbreast/inbreast_285.jpg,Malignant,cancer,53580804,test
inbreast,Preprocessed_Dataset/inbreast/inbreast_286.jpg,Benign,non-cancer,53580831,train
inbreast,Preprocessed_Dataset/inbreast/inbreast_287.jpg,Malignant,cancer,53580858,train
inbreast,Preprocessed_Dataset/inbreast/inbreast_288.jpg,Benign,non-cancer,53580885,val
inbreast,Preprocessed_Dataset/inbreast/inbreast_289.jpg,Malignant,cancer,20587612,train
inbreast,Preprocessed_Dataset/inbreast/inbreast_290.jpg,Benign,non-cancer,20587638,val
inbreast,Preprocessed_Dataset/inbreast/inbreast_291.jpg,Malignant,cancer,20587664,train
inbreast,Preprocessed_Dataset/inbreast/inbreast_292.jpg,Benign,non-cancer,20587690,train
inbreast,Preprocessed_Dataset/inbreast/inbreast_293.jpg,Benign,non-cancer,24065380,train
inbreast,Preprocessed_Dataset/inbreast/inbreast_294.jpg,Suspicious Malignant,cancer,24065407,train
inbreast,Preprocessed_Dataset/inbreast/inbreast_295.jpg,Benign,non-cancer,24065434,train
inbreast,Preprocessed_Dataset/inbreast/inbreast_296.jpg,Suspicious Malignant,cancer,24065461,train
inbreast,Preprocessed_Dataset/inbreast/inbreast_297.jpg,Normal,non-cancer,53581237,train
inbreast,Preprocessed_Dataset/inbreast/inbreast_298.jpg,Normal,non-cancer,53581264,train
inbreast,Preprocessed_Dataset/inbreast/inbreast_299.jpg,Malignant,cancer,22670094,train
inbreast,Preprocessed_Dataset/inbreast/inbreast_300.jpg,Benign,non-cancer,22670124,train
inbreast,Preprocessed_Dataset/inbreast/inbreast_301.jpg,Malignant,cancer,22670147,train
inbreast,Preprocessed_Dataset/inbreast/inbreast_302.jpg,Benign,non-cancer,22670177,test
inbreast,Preprocessed_Dataset/inbreast/inbreast_303.jpg,Benign,non-cancer,50993616,test
inbreast,Preprocessed_Dataset/inbreast/inbreast_304.jpg,Benign,non-cancer,50993643,val
inbreast,Preprocessed_Dataset/inbreast/inbreast_305.jpg,Benign,non-cancer,50993670,train
inbreast,Preprocessed_Dataset/inbreast/inbreast_306.jpg,Benign,non-cancer,50993697,test
inbreast,Preprocessed_Dataset/inbreast/inbreast_307.jpg,Benign,non-cancer,20587148,test
inbreast,Preprocessed_Dataset/inbreast/inbreast_308.jpg,Benign,non-cancer,20587174,train
inbreast,Preprocessed_Dataset/inbreast/inbreast_309.jpg,Benign,non-cancer,20587200,val
inbreast,Preprocessed_Dataset/inbreast/inbreast_310.jpg,Benign,non-cancer,20587226,train
inbreast,Preprocessed_Dataset/inbreast/inbreast_311.jpg,Benign,non-cancer,22580492,train
inbreast,Preprocessed_Dataset/inbreast/inbreast_312.jpg,Malignant,cancer,22580520,test
inbreast,Preprocessed_Dataset/inbreast/inbreast_313.jpg,Benign,non-cancer,22580548,train
inbreast,Preprocessed_Dataset/inbreast/inbreast_314.jpg,Malignant,cancer,22580576,test
inbreast,Preprocessed_Dataset/inbreast/inbreast_315.jpg,Benign,non-cancer,22579847,train
inbreast,Preprocessed_Dataset/inbreast/inbreast_316.jpg,Suspicious Malignant,cancer,22579870,train
inbreast,Preprocessed_Dataset/inbreast/inbreast_317.jpg,Benign,non-cancer,22579893,train
inbreast,Preprocessed_Dataset/inbreast/inbreast_318.jpg,Suspicious Malignant,cancer,22579916,train
inbreast,Preprocessed_Dataset/inbreast/inbreast_319.jpg,Malignant,cancer,53582656,val
inbreast,Preprocessed_Dataset/inbreast/inbreast_320.jpg,Malignant,cancer,53582683,train
inbreast,Preprocessed_Dataset/inbreast/inbreast_321.jpg,Benign,non-cancer,53582710,train
inbreast,Preprocessed_Dataset/inbreast/inbreast_322.jpg,Benign,non-cancer,53582737,train
inbreast,Preprocessed_Dataset/inbreast/inbreast_323.jpg,Benign,non-cancer,53582764,train
inbreast,Preprocessed_Dataset/inbreast/inbreast_324.jpg,Benign,non-cancer,53582791,test
inbreast,Preprocessed_Dataset/inbreast/inbreast_325.jpg,Benign,non-cancer,53582818,test
inbreast,Preprocessed_Dataset/inbreast/inbreast_326.jpg,Suspicious Malignant,cancer,22670978,train
inbreast,Preprocessed_Dataset/inbreast/inbreast_327.jpg,Suspicious Malignant,cancer,22671003,train
inbreast,Preprocessed_Dataset/inbreast/inbreast_328.jpg,Normal,non-cancer,53582304,train
inbreast,Preprocessed_Dataset/inbreast/inbreast_329.jpg,Normal,non-cancer,53582331,test
inbreast,Preprocessed_Dataset/inbreast/inbreast_330.jpg,Benign,non-cancer,20586908,train
inbreast,Preprocessed_Dataset/inbreast/inbreast_331.jpg,Malignant,cancer,20586934,train
inbreast,Preprocessed_Dataset/inbreast/inbreast_332.jpg,Malignant,cancer,20586986,test
inbreast,Preprocessed_Dataset/inbreast/inbreast_333.jpg,Benign,non-cancer,20586960,train
inbreast,Preprocessed_Dataset/inbreast/inbreast_334.jpg,Benign,non-cancer,53587663,train
inbreast,Preprocessed_Dataset/inbreast/inbreast_335.jpg,Normal,non-cancer,53587690,train
inbreast,Preprocessed_Dataset/inbreast/inbreast_336.jpg,Benign,non-cancer,53587717,train
inbreast,Preprocessed_Dataset/inbreast/inbreast_337.jpg,Normal,non-cancer,53587744,train
inbreast,Preprocessed_Dataset/inbreast/inbreast_338.jpg,Malignant,cancer,50998981,train
inbreast,Preprocessed_Dataset/inbreast/inbreast_339.jpg,Malignant,cancer,50999008,val
inbreast,Preprocessed_Dataset/inbreast/inbreast_340.jpg,Benign,non-cancer,53586869,test
inbreast,Preprocessed_Dataset/inbreast/inbreast_341.jpg,Benign,non-cancer,53586896,val
inbreast,Preprocessed_Dataset/inbreast/inbreast_342.jpg,Normal,non-cancer,24054997,train
inbreast,Preprocessed_Dataset/inbreast/inbreast_343.jpg,Benign,non-cancer,24055024,val
inbreast,Preprocessed_Dataset/inbreast/inbreast_344.jpg,Normal,non-cancer,24055051,train
inbreast,Preprocessed_Dataset/inbreast/inbreast_345.jpg,Benign,non-cancer,24055078,train
inbreast,Preprocessed_Dataset/inbreast/inbreast_346.jpg,Suspicious Malignant,cancer,20587054,test
inbreast,Preprocessed_Dataset/inbreast/inbreast_347.jpg,Suspicious Malignant,cancer,20587080,train
inbreast,Preprocessed_Dataset/inbreast/inbreast_348.jpg,Malignant,cancer,24065251,train
inbreast,Preprocessed_Dataset/inbreast/inbreast_349.jpg,Normal,non-cancer,24065270,train
inbreast,Preprocessed_Dataset/inbreast/inbreast_350.jpg,Malignant,cancer,24065289,test
inbreast,Preprocessed_Dataset/inbreast/inbreast_351.jpg,Normal,non-cancer,24065308,train
inbreast,Preprocessed_Dataset/inbreast/inbreast_352.jpg,Normal,non-cancer,50998322,train
inbreast,Preprocessed_Dataset/inbreast/inbreast_353.jpg,Normal,non-cancer,50998349,train
inbreast,Preprocessed_Dataset/inbreast/inbreast_354.jpg,Normal,non-cancer,50996325,train
inbreast,Preprocessed_Dataset/inbreast/inbreast_355.jpg,Suspicious Malignant,cancer,50996352,test
inbreast,Preprocessed_Dataset/inbreast/inbreast_356.jpg,Normal,non-cancer,50996379,train
inbreast,Preprocessed_Dataset/inbreast/inbreast_357.jpg,Suspicious Malignant,cancer,50996406,train
inbreast,Preprocessed_Dataset/inbreast/inbreast_358.jpg,Benign,non-cancer,50997597,val
inbreast,Preprocessed_Dataset/inbreast/inbreast_359.jpg,Benign,non-cancer,50997624,train
inbreast,Preprocessed_Dataset/inbreast/inbreast_360.jpg,Benign,non-cancer,50997651,val
inbreast,Preprocessed_Dataset/inbreast/inbreast_361.jpg,Benign,non-cancer,50997678,test
inbreast,Preprocessed_Dataset/inbreast/inbreast_362.jpg,Normal,non-cancer,50995872,train
inbreast,Preprocessed_Dataset/inbreast/inbreast_363.jpg,Normal,non-cancer,50995899,train
inbreast,Preprocessed_Dataset/inbreast/inbreast_364.jpg,Malignant,cancer,22580654,train
inbreast,Preprocessed_Dataset/inbreast/inbreast_365.jpg,Benign,non-cancer,22580680,test
inbreast,Preprocessed_Dataset/inbreast/inbreast_366.jpg,Malignant,cancer,22580706,val
inbreast,Preprocessed_Dataset/inbreast/inbreast_367.jpg,Benign,non-cancer,22580732,test
inbreast,Preprocessed_Dataset/inbreast/inbreast_368.jpg,Benign,non-cancer,50995963,train
inbreast,Preprocessed_Dataset/inbreast/inbreast_369.jpg,Benign,non-cancer,50995990,train
inbreast,Preprocessed_Dataset/inbreast/inbreast_370.jpg,Benign,non-cancer,20588654,train
inbreast,Preprocessed_Dataset/inbreast/inbreast_371.jpg,Benign,non-cancer,20588680,train
inbreast,Preprocessed_Dataset/inbreast/inbreast_372.jpg,Benign,non-cancer,50994110,train
inbreast,Preprocessed_Dataset/inbreast/inbreast_373.jpg,Normal,non-cancer,50994137,train
inbreast,Preprocessed_Dataset/inbreast/inbreast_374.jpg,Benign,non-cancer,50994164,train
inbreast,Preprocessed_Dataset/inbreast/inbreast_375.jpg,Normal,non-cancer,50994191,train
inbreast,Preprocessed_Dataset/inbreast/inbreast_376.jpg,Suspicious Malignant,cancer,50994273,train
inbreast,Preprocessed_Dataset/inbreast/inbreast_377.jpg,Benign,non-cancer,50994300,train
inbreast,Preprocessed_Dataset/inbreast/inbreast_378.jpg,Benign,non-cancer,50994327,train
inbreast,Preprocessed_Dataset/inbreast/inbreast_379.jpg,Suspicious Malignant,cancer,50994354,train
inbreast,Preprocessed_Dataset/inbreast/inbreast_380.jpg,Benign,non-cancer,50994381,test
inbreast,Preprocessed_Dataset/inbreast/inbreast_381.jpg,Benign,non-cancer,50994408,train
inbreast,Preprocessed_Dataset/inbreast/inbreast_382.jpg,Normal,non-cancer,53581124,train
inbreast,Preprocessed_Dataset/inbreast/inbreast_383.jpg,Normal,non-cancer,53581151,val
inbreast,Preprocessed_Dataset/inbreast/inbreast_384.jpg,Benign,non-cancer,20587902,train
inbreast,Preprocessed_Dataset/inbreast/inbreast_385.jpg,Benign,non-cancer,20587928,train
inbreast,Preprocessed_Dataset/inbreast/inbreast_386.jpg,Normal,non-cancer,53580979,train
inbreast,Preprocessed_Dataset/inbreast/inbreast_387.jpg,Normal,non-cancer,53581006,test
inbreast,Preprocessed_Dataset/inbreast/inbreast_388.jpg,Normal,non-cancer,53581033,train
inbreast,Preprocessed_Dataset/inbreast/inbreast_389.jpg,Normal,non-cancer,53581060,test
inbreast,Preprocessed_Dataset/inbreast/inbreast_390.jpg,Benign,non-cancer,50998580,val
inbreast,Preprocessed_Dataset/inbreast/inbreast_391.jpg,Normal,non-cancer,50998607,train
inbreast,Preprocessed_Dataset/inbreast/inbreast_392.jpg,Benign,non-cancer,50998634,train
inbreast,Preprocessed_Dataset/inbreast/inbreast_393.jpg,Normal,non-cancer,50998661,train
inbreast,Preprocessed_Dataset/inbreast/inbreast_394.jpg,Benign,non-cancer,22678449,train
inbreast,Preprocessed_Dataset/inbreast/inbreast_395.jpg,Benign,non-cancer,22678472,train
inbreast,Preprocessed_Dataset/inbreast/inbreast_396.jpg,Benign,non-cancer,22678495,train
inbreast,Preprocessed_Dataset/inbreast/inbreast_397.jpg,Benign,non-cancer,22678518,train
inbreast,Preprocessed_Dataset/inbreast/inbreast_398.jpg,Benign,non-cancer,22580015,train
inbreast,Preprocessed_Dataset/inbreast/inbreast_399.jpg,Malignant,cancer,22580038,train
inbreast,Preprocessed_Dataset/inbreast/inbreast_400.jpg,Benign,non-cancer,22580068,train
inbreast,Preprocessed_Dataset/inbreast/inbreast_401.jpg,Malignant,cancer,22580098,train
inbreast,Preprocessed_Dataset/inbreast/inbreast_402.jpg,Malignant,cancer,22613770,train
inbreast,Preprocessed_Dataset/inbreast/inbreast_403.jpg,Benign,non-cancer,22613796,train
inbreast,Preprocessed_Dataset/inbreast/inbreast_404.jpg,Malignant,cancer,22613822,train
inbreast,Preprocessed_Dataset/inbreast/inbreast_405.jpg,Normal,non-cancer,22613848,train
inbreast,Preprocessed_Dataset/inbreast/inbreast_406.jpg,Benign,non-cancer,24055725,train
inbreast,Preprocessed_Dataset/inbreast/inbreast_407.jpg,Benign,non-cancer,24055752,val
inbreast,Preprocessed_Dataset/inbreast/inbreast_408.jpg,Benign,non-cancer,24055779,train
inbreast,Preprocessed_Dataset/inbreast/inbreast_409.jpg,Benign,non-cancer,24055806,val
dmid,Preprocessed_Dataset/dmid/dmid_0.jpg,Malignant,cancer,IMG001,train
dmid,Preprocessed_Dataset/dmid/dmid_1.jpg,Normal,non-cancer,IMG002,train
dmid,Preprocessed_Dataset/dmid/dmid_2.jpg,Normal,non-cancer,IMG003,val
dmid,Preprocessed_Dataset/dmid/dmid_3.jpg,Normal,non-cancer,IMG004,train
dmid,Preprocessed_Dataset/dmid/dmid_4.jpg,Normal,non-cancer,IMG005,train
dmid,Preprocessed_Dataset/dmid/dmid_5.jpg,Normal,non-cancer,IMG006,train
dmid,Preprocessed_Dataset/dmid/dmid_6.jpg,Normal,non-cancer,IMG007,train
dmid,Preprocessed_Dataset/dmid/dmid_7.jpg,Benign,non-cancer,IMG008,train
dmid,Preprocessed_Dataset/dmid/dmid_8.jpg,Normal,non-cancer,IMG009,train
dmid,Preprocessed_Dataset/dmid/dmid_9.jpg,Benign,non-cancer,IMG010,train
dmid,Preprocessed_Dataset/dmid/dmid_10.jpg,Benign,non-cancer,IMG011,train
dmid,Preprocessed_Dataset/dmid/dmid_11.jpg,Benign,non-cancer,IMG012,train
dmid,Preprocessed_Dataset/dmid/dmid_12.jpg,Normal,non-cancer,IMG013,train
dmid,Preprocessed_Dataset/dmid/dmid_13.jpg,Suspicious Malignant,cancer,IMG014,val
dmid,Preprocessed_Dataset/dmid/dmid_14.jpg,Suspicious Malignant,cancer,IMG015,train
dmid,Preprocessed_Dataset/dmid/dmid_15.jpg,Normal,non-cancer,IMG016,test
dmid,Preprocessed_Dataset/dmid/dmid_16.jpg,Normal,non-cancer,IMG017,train
dmid,Preprocessed_Dataset/dmid/dmid_17.jpg,Suspicious Malignant,cancer,IMG018,train
dmid,Preprocessed_Dataset/dmid/dmid_18.jpg,Suspicious Malignant,cancer,IMG019,train
dmid,Preprocessed_Dataset/dmid/dmid_19.jpg,Suspicious Malignant,cancer,IMG020,train
dmid,Preprocessed_Dataset/dmid/dmid_20.jpg,Benign,non-cancer,IMG021,val
dmid,Preprocessed_Dataset/dmid/dmid_21.jpg,Suspicious Malignant,cancer,IMG022,train
dmid,Preprocessed_Dataset/dmid/dmid_22.jpg,Suspicious Malignant,cancer,IMG023,train
dmid,Preprocessed_Dataset/dmid/dmid_23.jpg,Suspicious Malignant,cancer,IMG024,train
dmid,Preprocessed_Dataset/dmid/dmid_24.jpg,Suspicious Malignant,cancer,IMG025,train
dmid,Preprocessed_Dataset/dmid/dmid_25.jpg,Benign,non-cancer,IMG026,train
dmid,Preprocessed_Dataset/dmid/dmid_26.jpg,Benign,non-cancer,IMG027,train
dmid,Preprocessed_Dataset/dmid/dmid_27.jpg,Benign,non-cancer,IMG028,train
dmid,Preprocessed_Dataset/dmid/dmid_28.jpg,Benign,non-cancer,IMG029,train
dmid,Preprocessed_Dataset/dmid/dmid_29.jpg,Suspicious Malignant,cancer,IMG030,train
dmid,Preprocessed_Dataset/dmid/dmid_30.jpg,Benign,non-cancer,IMG031,train
dmid,Preprocessed_Dataset/dmid/dmid_31.jpg,Benign,non-cancer,IMG032,train
dmid,Preprocessed_Dataset/dmid/dmid_32.jpg,Suspicious Malignant,cancer,IMG033,train
dmid,Preprocessed_Dataset/dmid/dmid_33.jpg,Suspicious Malignant,cancer,IMG034,train
dmid,Preprocessed_Dataset/dmid/dmid_34.jpg,Normal,non-cancer,IMG035,train
dmid,Preprocessed_Dataset/dmid/dmid_35.jpg,Normal,non-cancer,IMG036,train
dmid,Preprocessed_Dataset/dmid/dmid_36.jpg,Normal,non-cancer,IMG037,train
dmid,Preprocessed_Dataset/dmid/dmid_37.jpg,Normal,non-cancer,IMG038,train
dmid,Preprocessed_Dataset/dmid/dmid_38.jpg,Benign,non-cancer,IMG039,train
dmid,Preprocessed_Dataset/dmid/dmid_39.jpg,Suspicious Malignant,cancer,IMG040,train
dmid,Preprocessed_Dataset/dmid/dmid_40.jpg,Benign,non-cancer,IMG041,train
dmid,Preprocessed_Dataset/dmid/dmid_41.jpg,Normal,non-cancer,IMG042,val
dmid,Preprocessed_Dataset/dmid/dmid_42.jpg,Suspicious Malignant,cancer,IMG043,val
dmid,Preprocessed_Dataset/dmid/dmid_43.jpg,Suspicious Malignant,cancer,IMG044,train
dmid,Preprocessed_Dataset/dmid/dmid_44.jpg,Benign,non-cancer,IMG045,val
dmid,Preprocessed_Dataset/dmid/dmid_45.jpg,Benign,non-cancer,IMG046,train
dmid,Preprocessed_Dataset/dmid/dmid_46.jpg,Normal,non-cancer,IMG047,train
dmid,Preprocessed_Dataset/dmid/dmid_47.jpg,Benign,non-cancer,IMG048,train
dmid,Preprocessed_Dataset/dmid/dmid_48.jpg,Normal,non-cancer,IMG049,train
dmid,Preprocessed_Dataset/dmid/dmid_49.jpg,Normal,non-cancer,IMG050,train
dmid,Preprocessed_Dataset/dmid/dmid_50.jpg,Normal,non-cancer,IMG051,train
dmid,Preprocessed_Dataset/dmid/dmid_51.jpg,Normal,non-cancer,IMG052,test
dmid,Preprocessed_Dataset/dmid/dmid_52.jpg,Suspicious Malignant,cancer,IMG053,train
dmid,Preprocessed_Dataset/dmid/dmid_53.jpg,Suspicious Malignant,cancer,IMG054,train
dmid,Preprocessed_Dataset/dmid/dmid_54.jpg,Suspicious Malignant,cancer,IMG055,train
dmid,Preprocessed_Dataset/dmid/dmid_55.jpg,Suspicious Malignant,cancer,IMG056,train
dmid,Preprocessed_Dataset/dmid/dmid_56.jpg,Suspicious Malignant,cancer,IMG057,test
dmid,Preprocessed_Dataset/dmid/dmid_57.jpg,Suspicious Malignant,cancer,IMG058,test
dmid,Preprocessed_Dataset/dmid/dmid_58.jpg,Normal,non-cancer,IMG059,train
dmid,Preprocessed_Dataset/dmid/dmid_59.jpg,Normal,non-cancer,IMG060,train
dmid,Preprocessed_Dataset/dmid/dmid_60.jpg,Malignant,cancer,IMG061,train
dmid,Preprocessed_Dataset/dmid/dmid_61.jpg,Normal,non-cancer,IMG062,test
dmid,Preprocessed_Dataset/dmid/dmid_62.jpg,Suspicious Malignant,cancer,IMG063,train
dmid,Preprocessed_Dataset/dmid/dmid_63.jpg,Suspicious Malignant,cancer,IMG064,train
dmid,Preprocessed_Dataset/dmid/dmid_64.jpg,Suspicious Malignant,cancer,IMG065,train
dmid,Preprocessed_Dataset/dmid/dmid_65.jpg,Suspicious Malignant,cancer,IMG066,train
dmid,Preprocessed_Dataset/dmid/dmid_66.jpg,Benign,non-cancer,IMG067,train
dmid,Preprocessed_Dataset/dmid/dmid_67.jpg,Benign,non-cancer,IMG068,train
dmid,Preprocessed_Dataset/dmid/dmid_68.jpg,Benign,non-cancer,IMG069,val
dmid,Preprocessed_Dataset/dmid/dmid_69.jpg,Suspicious Malignant,cancer,IMG070,train
dmid,Preprocessed_Dataset/dmid/dmid_70.jpg,Benign,non-cancer,IMG071,train
dmid,Preprocessed_Dataset/dmid/dmid_71.jpg,Suspicious Malignant,cancer,IMG072,train
dmid,Preprocessed_Dataset/dmid/dmid_72.jpg,Suspicious Malignant,cancer,IMG073,test
dmid,Preprocessed_Dataset/dmid/dmid_73.jpg,Suspicious Malignant,cancer,IMG074,train
dmid,Preprocessed_Dataset/dmid/dmid_74.jpg,Normal,non-cancer,IMG075,test
dmid,Preprocessed_Dataset/dmid/dmid_75.jpg,Benign,non-cancer,IMG076,test
dmid,Preprocessed_Dataset/dmid/dmid_76.jpg,Normal,non-cancer,IMG077,train
dmid,Preprocessed_Dataset/dmid/dmid_77.jpg,Benign,non-cancer,IMG078,train
dmid,Preprocessed_Dataset/dmid/dmid_78.jpg,Normal,non-cancer,IMG079,train
dmid,Preprocessed_Dataset/dmid/dmid_79.jpg,Suspicious Malignant,cancer,IMG080,train
dmid,Preprocessed_Dataset/dmid/dmid_80.jpg,Normal,non-cancer,IMG081,train
dmid,Preprocessed_Dataset/dmid/dmid_81.jpg,Suspicious Malignant,cancer,IMG082,val
dmid,Preprocessed_Dataset/dmid/dmid_82.jpg,Suspicious Malignant,cancer,IMG083,train
dmid,Preprocessed_Dataset/dmid/dmid_83.jpg,Suspicious Malignant,cancer,IMG084,train
dmid,Preprocessed_Dataset/dmid/dmid_84.jpg,Suspicious Malignant,cancer,IMG085,train
dmid,Preprocessed_Dataset/dmid/dmid_85.jpg,Benign,non-cancer,IMG086,train
dmid,Preprocessed_Dataset/dmid/dmid_86.jpg,Suspicious Malignant,cancer,IMG087,train
dmid,Preprocessed_Dataset/dmid/dmid_87.jpg,Suspicious Malignant,cancer,IMG088,test
dmid,Preprocessed_Dataset/dmid/dmid_88.jpg,Benign,non-cancer,IMG089,train
dmid,Preprocessed_Dataset/dmid/dmid_89.jpg,Benign,non-cancer,IMG090,val
dmid,Preprocessed_Dataset/dmid/dmid_90.jpg,Normal,non-cancer,IMG091,test
dmid,Preprocessed_Dataset/dmid/dmid_91.jpg,Normal,non-cancer,IMG092,val
dmid,Preprocessed_Dataset/dmid/dmid_92.jpg,Normal,non-cancer,IMG093,train
dmid,Preprocessed_Dataset/dmid/dmid_93.jpg,Normal,non-cancer,IMG094,train
dmid,Preprocessed_Dataset/dmid/dmid_94.jpg,Normal,non-cancer,IMG095,train
dmid,Preprocessed_Dataset/dmid/dmid_95.jpg,Normal,non-cancer,IMG096,train
dmid,Preprocessed_Dataset/dmid/dmid_96.jpg,Benign,non-cancer,IMG097,train
dmid,Preprocessed_Dataset/dmid/dmid_97.jpg,Normal,non-cancer,IMG098,val
dmid,Preprocessed_Dataset/dmid/dmid_98.jpg,Benign,non-cancer,IMG099,train
dmid,Preprocessed_Dataset/dmid/dmid_99.jpg,Normal,non-cancer,IMG100,test
dmid,Preprocessed_Dataset/dmid/dmid_100.jpg,Suspicious Malignant,cancer,IMG101,train
dmid,Preprocessed_Dataset/dmid/dmid_101.jpg,Suspicious Malignant,cancer,IMG102,train
dmid,Preprocessed_Dataset/dmid/dmid_102.jpg,Benign,non-cancer,IMG103,val
dmid,Preprocessed_Dataset/dmid/dmid_103.jpg,Benign,non-cancer,IMG104,train
dmid,Preprocessed_Dataset/dmid/dmid_104.jpg,Suspicious Malignant,cancer,IMG105,train
dmid,Preprocessed_Dataset/dmid/dmid_105.jpg,Normal,non-cancer,IMG106,train
dmid,Preprocessed_Dataset/dmid/dmid_106.jpg,Normal,non-cancer,IMG107,test
dmid,Preprocessed_Dataset/dmid/dmid_107.jpg,Benign,non-cancer,IMG108,train
dmid,Preprocessed_Dataset/dmid/dmid_108.jpg,Normal,non-cancer,IMG109,train
dmid,Preprocessed_Dataset/dmid/dmid_109.jpg,Benign,non-cancer,IMG110,train
dmid,Preprocessed_Dataset/dmid/dmid_110.jpg,Malignant,cancer,IMG111,val
dmid,Preprocessed_Dataset/dmid/dmid_111.jpg,Malignant,cancer,IMG112,train
dmid,Preprocessed_Dataset/dmid/dmid_112.jpg,Normal,non-cancer,IMG113,train
dmid,Preprocessed_Dataset/dmid/dmid_113.jpg,Suspicious Malignant,cancer,IMG114,train
dmid,Preprocessed_Dataset/dmid/dmid_114.jpg,Normal,non-cancer,IMG115,train
dmid,Preprocessed_Dataset/dmid/dmid_115.jpg,Suspicious Malignant,cancer,IMG116,train
dmid,Preprocessed_Dataset/dmid/dmid_116.jpg,Suspicious Malignant,cancer,IMG117,train
dmid,Preprocessed_Dataset/dmid/dmid_117.jpg,Suspicious Malignant,cancer,IMG118,test
dmid,Preprocessed_Dataset/dmid/dmid_118.jpg,Normal,non-cancer,IMG119,train
dmid,Preprocessed_Dataset/dmid/dmid_119.jpg,Normal,non-cancer,IMG120,train
dmid,Preprocessed_Dataset/dmid/dmid_120.jpg,Normal,non-cancer,IMG121,train
dmid,Preprocessed_Dataset/dmid/dmid_121.jpg,Normal,non-cancer,IMG122,train
dmid,Preprocessed_Dataset/dmid/dmid_122.jpg,Normal,non-cancer,IMG123,train
dmid,Preprocessed_Dataset/dmid/dmid_123.jpg,Normal,non-cancer,IMG124,train
dmid,Preprocessed_Dataset/dmid/dmid_124.jpg,Benign,non-cancer,IMG125,train
dmid,Preprocessed_Dataset/dmid/dmid_125.jpg,Benign,non-cancer,IMG126,train
dmid,Preprocessed_Dataset/dmid/dmid_126.jpg,Suspicious Malignant,cancer,IMG127,train
dmid,Preprocessed_Dataset/dmid/dmid_127.jpg,Normal,non-cancer,IMG128,train
dmid,Preprocessed_Dataset/dmid/dmid_128.jpg,Suspicious Malignant,cancer,IMG129,val
dmid,Preprocessed_Dataset/dmid/dmid_129.jpg,Normal,non-cancer,IMG130,val
dmid,Preprocessed_Dataset/dmid/dmid_130.jpg,Benign,non-cancer,IMG131,train
dmid,Preprocessed_Dataset/dmid/dmid_131.jpg,Benign,non-cancer,IMG132,train
dmid,Preprocessed_Dataset/dmid/dmid_132.jpg,Normal,non-cancer,IMG133,train
dmid,Preprocessed_Dataset/dmid/dmid_133.jpg,Benign,non-cancer,IMG134,train
dmid,Preprocessed_Dataset/dmid/dmid_134.jpg,Normal,non-cancer,IMG135,test
dmid,Preprocessed_Dataset/dmid/dmid_135.jpg,Benign,non-cancer,IMG136,train
dmid,Preprocessed_Dataset/dmid/dmid_136.jpg,Normal,non-cancer,IMG137,train
dmid,Preprocessed_Dataset/dmid/dmid_137.jpg,Benign,non-cancer,IMG138,train
dmid,Preprocessed_Dataset/dmid/dmid_138.jpg,Benign,non-cancer,IMG139,train
dmid,Preprocessed_Dataset/dmid/dmid_139.jpg,Benign,non-cancer,IMG140,train
dmid,Preprocessed_Dataset/dmid/dmid_140.jpg,Benign,non-cancer,IMG141,train
dmid,Preprocessed_Dataset/dmid/dmid_141.jpg,Benign,non-cancer,IMG142,train
dmid,Preprocessed_Dataset/dmid/dmid_142.jpg,Benign,non-cancer,IMG143,train
dmid,Preprocessed_Dataset/dmid/dmid_143.jpg,Benign,non-cancer,IMG144,train
dmid,Preprocessed_Dataset/dmid/dmid_144.jpg,Benign,non-cancer,IMG145,val
dmid,Preprocessed_Dataset/dmid/dmid_145.jpg,Benign,non-cancer,IMG146,test
dmid,Preprocessed_Dataset/dmid/dmid_146.jpg,Benign,non-cancer,IMG147,val
dmid,Preprocessed_Dataset/dmid/dmid_147.jpg,Benign,non-cancer,IMG148,val
dmid,Preprocessed_Dataset/dmid/dmid_148.jpg,Benign,non-cancer,IMG149,train
dmid,Preprocessed_Dataset/dmid/dmid_149.jpg,Benign,non-cancer,IMG150,val
dmid,Preprocessed_Dataset/dmid/dmid_150.jpg,Normal,non-cancer,IMG151,train
dmid,Preprocessed_Dataset/dmid/dmid_151.jpg,Normal,non-cancer,IMG152,train
dmid,Preprocessed_Dataset/dmid/dmid_152.jpg,Normal,non-cancer,IMG153,train
dmid,Preprocessed_Dataset/dmid/dmid_153.jpg,Normal,non-cancer,IMG154,train
dmid,Preprocessed_Dataset/dmid/dmid_154.jpg,Normal,non-cancer,IMG155,train
dmid,Preprocessed_Dataset/dmid/dmid_155.jpg,Benign,non-cancer,IMG156,train
dmid,Preprocessed_Dataset/dmid/dmid_156.jpg,Normal,non-cancer,IMG157,val
dmid,Preprocessed_Dataset/dmid/dmid_157.jpg,Benign,non-cancer,IMG158,train
dmid,Preprocessed_Dataset/dmid/dmid_158.jpg,Suspicious Malignant,cancer,IMG159,train
dmid,Preprocessed_Dataset/dmid/dmid_159.jpg,Normal,non-cancer,IMG160,train
dmid,Preprocessed_Dataset/dmid/dmid_160.jpg,Suspicious Malignant,cancer,IMG161,test
dmid,Preprocessed_Dataset/dmid/dmid_161.jpg,Normal,non-cancer,IMG162,train
dmid,Preprocessed_Dataset/dmid/dmid_162.jpg,Normal,non-cancer,IMG163,val
dmid,Preprocessed_Dataset/dmid/dmid_163.jpg,Benign,non-cancer,IMG164,test
dmid,Preprocessed_Dataset/dmid/dmid_164.jpg,Normal,non-cancer,IMG165,train
dmid,Preprocessed_Dataset/dmid/dmid_165.jpg,Benign,non-cancer,IMG166,train
dmid,Preprocessed_Dataset/dmid/dmid_166.jpg,Normal,non-cancer,IMG167,val
dmid,Preprocessed_Dataset/dmid/dmid_167.jpg,Normal,non-cancer,IMG168,train
dmid,Preprocessed_Dataset/dmid/dmid_168.jpg,Normal,non-cancer,IMG169,train
dmid,Preprocessed_Dataset/dmid/dmid_169.jpg,Normal,non-cancer,IMG170,train
dmid,Preprocessed_Dataset/dmid/dmid_170.jpg,Normal,non-cancer,IMG171,train
dmid,Preprocessed_Dataset/dmid/dmid_171.jpg,Suspicious Malignant,cancer,IMG172,train
dmid,Preprocessed_Dataset/dmid/dmid_172.jpg,Normal,non-cancer,IMG173,test
dmid,Preprocessed_Dataset/dmid/dmid_173.jpg,Normal,non-cancer,IMG174,train
dmid,Preprocessed_Dataset/dmid/dmid_174.jpg,Normal,non-cancer,IMG175,test
dmid,Preprocessed_Dataset/dmid/dmid_175.jpg,Normal,non-cancer,IMG176,test
dmid,Preprocessed_Dataset/dmid/dmid_176.jpg,Normal,non-cancer,IMG177,train
dmid,Preprocessed_Dataset/dmid/dmid_177.jpg,Normal,non-cancer,IMG178,val
dmid,Preprocessed_Dataset/dmid/dmid_178.jpg,Normal,non-cancer,IMG179,train
dmid,Preprocessed_Dataset/dmid/dmid_179.jpg,Normal,non-cancer,IMG180,test
dmid,Preprocessed_Dataset/dmid/dmid_180.jpg,Normal,non-cancer,IMG181,val
dmid,Preprocessed_Dataset/dmid/dmid_181.jpg,Normal,non-cancer,IMG182,val
dmid,Preprocessed_Dataset/dmid/dmid_182.jpg,Normal,non-cancer,IMG183,train
dmid,Preprocessed_Dataset/dmid/dmid_183.jpg,Benign,non-cancer,IMG184,train
dmid,Preprocessed_Dataset/dmid/dmid_184.jpg,Normal,non-cancer,IMG185,train
dmid,Preprocessed_Dataset/dmid/dmid_185.jpg,Benign,non-cancer,IMG186,val
dmid,Preprocessed_Dataset/dmid/dmid_186.jpg,Normal,non-cancer,IMG187,train
dmid,Preprocessed_Dataset/dmid/dmid_187.jpg,Normal,non-cancer,IMG188,train
dmid,Preprocessed_Dataset/dmid/dmid_188.jpg,Normal,non-cancer,IMG189,test
dmid,Preprocessed_Dataset/dmid/dmid_189.jpg,Normal,non-cancer,IMG190,train
dmid,Preprocessed_Dataset/dmid/dmid_190.jpg,Benign,non-cancer,IMG191,train
dmid,Preprocessed_Dataset/dmid/dmid_191.jpg,Normal,non-cancer,IMG192,train
dmid,Preprocessed_Dataset/dmid/dmid_192.jpg,Normal,non-cancer,IMG193,train
dmid,Preprocessed_Dataset/dmid/dmid_193.jpg,Normal,non-cancer,IMG194,train
dmid,Preprocessed_Dataset/dmid/dmid_194.jpg,Suspicious Malignant,cancer,IMG195,val
dmid,Preprocessed_Dataset/dmid/dmid_195.jpg,Normal,non-cancer,IMG196,test
dmid,Preprocessed_Dataset/dmid/dmid_196.jpg,Normal,non-cancer,IMG197,test
dmid,Preprocessed_Dataset/dmid/dmid_197.jpg,Normal,non-cancer,IMG198,train
dmid,Preprocessed_Dataset/dmid/dmid_198.jpg,Benign,non-cancer,IMG199,train
dmid,Preprocessed_Dataset/dmid/dmid_199.jpg,Benign,non-cancer,IMG200,test
dmid,Preprocessed_Dataset/dmid/dmid_200.jpg,Malignant,cancer,IMG201,train
dmid,Preprocessed_Dataset/dmid/dmid_201.jpg,Benign,non-cancer,IMG202,val
dmid,Preprocessed_Dataset/dmid/dmid_202.jpg,Normal,non-cancer,IMG203,train
dmid,Preprocessed_Dataset/dmid/dmid_203.jpg,Suspicious Malignant,cancer,IMG204,train
dmid,Preprocessed_Dataset/dmid/dmid_204.jpg,Normal,non-cancer,IMG205,train
dmid,Preprocessed_Dataset/dmid/dmid_205.jpg,Suspicious Malignant,cancer,IMG206,train
dmid,Preprocessed_Dataset/dmid/dmid_206.jpg,Normal,non-cancer,IMG207,test
dmid,Preprocessed_Dataset/dmid/dmid_207.jpg,Normal,non-cancer,IMG208,test
dmid,Preprocessed_Dataset/dmid/dmid_208.jpg,Normal,non-cancer,IMG209,train
dmid,Preprocessed_Dataset/dmid/dmid_209.jpg,Normal,non-cancer,IMG210,train
dmid,Preprocessed_Dataset/dmid/dmid_210.jpg,Normal,non-cancer,IMG211,train
dmid,Preprocessed_Dataset/dmid/dmid_211.jpg,Normal,non-cancer,IMG212,train
dmid,Preprocessed_Dataset/dmid/dmid_212.jpg,Normal,non-cancer,IMG213,train
dmid,Preprocessed_Dataset/dmid/dmid_213.jpg,Normal,non-cancer,IMG214,train
dmid,Preprocessed_Dataset/dmid/dmid_214.jpg,Normal,non-cancer,IMG215,train
dmid,Preprocessed_Dataset/dmid/dmid_215.jpg,Normal,non-cancer,IMG216,val
dmid,Preprocessed_Dataset/dmid/dmid_216.jpg,Normal,non-cancer,IMG217,train
dmid,Preprocessed_Dataset/dmid/dmid_217.jpg,Normal,non-cancer,IMG218,train
dmid,Preprocessed_Dataset/dmid/dmid_218.jpg,Benign,non-cancer,IMG219,train
dmid,Preprocessed_Dataset/dmid/dmid_219.jpg,Suspicious Malignant,cancer,IMG220,train
dmid,Preprocessed_Dataset/dmid/dmid_220.jpg,Normal,non-cancer,IMG221,train
dmid,Preprocessed_Dataset/dmid/dmid_221.jpg,Suspicious Malignant,cancer,IMG222,val
dmid,Preprocessed_Dataset/dmid/dmid_222.jpg,Normal,non-cancer,IMG223,test
dmid,Preprocessed_Dataset/dmid/dmid_223.jpg,Normal,non-cancer,IMG224,train
dmid,Preprocessed_Dataset/dmid/dmid_224.jpg,Normal,non-cancer,IMG225,train
dmid,Preprocessed_Dataset/dmid/dmid_225.jpg,Normal,non-cancer,IMG226,train
dmid,Preprocessed_Dataset/dmid/dmid_226.jpg,Normal,non-cancer,IMG227,train
dmid,Preprocessed_Dataset/dmid/dmid_227.jpg,Normal,non-cancer,IMG228,test
dmid,Preprocessed_Dataset/dmid/dmid_228.jpg,Normal,non-cancer,IMG229,test
dmid,Preprocessed_Dataset/dmid/dmid_229.jpg,Normal,non-cancer,IMG230,val
dmid,Preprocessed_Dataset/dmid/dmid_230.jpg,Normal,non-cancer,IMG231,train
dmid,Preprocessed_Dataset/dmid/dmid_231.jpg,Suspicious Malignant,cancer,IMG232,test
dmid,Preprocessed_Dataset/dmid/dmid_232.jpg,Benign,non-cancer,IMG233,train
dmid,Preprocessed_Dataset/dmid/dmid_233.jpg,Suspicious Malignant,cancer,IMG234,test
dmid,Preprocessed_Dataset/dmid/dmid_234.jpg,Normal,non-cancer,IMG235,train
dmid,Preprocessed_Dataset/dmid/dmid_235.jpg,Normal,non-cancer,IMG236,train
dmid,Preprocessed_Dataset/dmid/dmid_236.jpg,Benign,non-cancer,IMG237,train
dmid,Preprocessed_Dataset/dmid/dmid_237.jpg,Normal,non-cancer,IMG238,train
dmid,Preprocessed_Dataset/dmid/dmid_238.jpg,Normal,non-cancer,IMG239,test
dmid,Preprocessed_Dataset/dmid/dmid_239.jpg,Normal,non-cancer,IMG240,val
dmid,Preprocessed_Dataset/dmid/dmid_240.jpg,Normal,non-cancer,IMG241,train
dmid,Preprocessed_Dataset/dmid/dmid_241.jpg,Normal,non-cancer,IMG242,train
dmid,Preprocessed_Dataset/dmid/dmid_242.jpg,Normal,non-cancer,IMG243,train
dmid,Preprocessed_Dataset/dmid/dmid_243.jpg,Normal,non-cancer,IMG244,val
dmid,Preprocessed_Dataset/dmid/dmid_244.jpg,Normal,non-cancer,IMG245,train
dmid,Preprocessed_Dataset/dmid/dmid_245.jpg,Normal,non-cancer,IMG246,train
dmid,Preprocessed_Dataset/dmid/dmid_246.jpg,Normal,non-cancer,IMG247,val
dmid,Preprocessed_Dataset/dmid/dmid_247.jpg,Normal,non-cancer,IMG248,train
dmid,Preprocessed_Dataset/dmid/dmid_248.jpg,Normal,non-cancer,IMG249,train
dmid,Preprocessed_Dataset/dmid/dmid_249.jpg,Normal,non-cancer,IMG250,test
dmid,Preprocessed_Dataset/dmid/dmid_250.jpg,Benign,non-cancer,IMG251,train
dmid,Preprocessed_Dataset/dmid/dmid_251.jpg,Benign,non-cancer,IMG252,train
dmid,Preprocessed_Dataset/dmid/dmid_252.jpg,Benign,non-cancer,IMG253,train
dmid,Preprocessed_Dataset/dmid/dmid_253.jpg,Benign,non-cancer,IMG254,train
dmid,Preprocessed_Dataset/dmid/dmid_254.jpg,Suspicious Malignant,cancer,IMG255,train
dmid,Preprocessed_Dataset/dmid/dmid_255.jpg,Normal,non-cancer,IMG256,train
dmid,Preprocessed_Dataset/dmid/dmid_256.jpg,Suspicious Malignant,cancer,IMG257,val
dmid,Preprocessed_Dataset/dmid/dmid_257.jpg,Normal,non-cancer,IMG258,train
dmid,Preprocessed_Dataset/dmid/dmid_258.jpg,Normal,non-cancer,IMG259,train
dmid,Preprocessed_Dataset/dmid/dmid_259.jpg,Normal,non-cancer,IMG260,val
dmid,Preprocessed_Dataset/dmid/dmid_260.jpg,Normal,non-cancer,IMG261,val
dmid,Preprocessed_Dataset/dmid/dmid_261.jpg,Benign,non-cancer,IMG262,train
dmid,Preprocessed_Dataset/dmid/dmid_262.jpg,Normal,non-cancer,IMG263,test
dmid,Preprocessed_Dataset/dmid/dmid_263.jpg,Normal,non-cancer,IMG264,train
dmid,Preprocessed_Dataset/dmid/dmid_264.jpg,Normal,non-cancer,IMG265,val
dmid,Preprocessed_Dataset/dmid/dmid_265.jpg,Normal,non-cancer,IMG266,train
dmid,Preprocessed_Dataset/dmid/dmid_266.jpg,Normal,non-cancer,IMG267,train
dmid,Preprocessed_Dataset/dmid/dmid_267.jpg,Normal,non-cancer,IMG268,train
dmid,Preprocessed_Dataset/dmid/dmid_268.jpg,Normal,non-cancer,IMG269,val
dmid,Preprocessed_Dataset/dmid/dmid_269.jpg,Normal,non-cancer,IMG270,train
dmid,Preprocessed_Dataset/dmid/dmid_270.jpg,Normal,non-cancer,IMG271,train
dmid,Preprocessed_Dataset/dmid/dmid_271.jpg,Benign,non-cancer,IMG272,train
dmid,Preprocessed_Dataset/dmid/dmid_272.jpg,Benign,non-cancer,IMG273,train
dmid,Preprocessed_Dataset/dmid/dmid_273.jpg,Malignant,cancer,IMG274,train
dmid,Preprocessed_Dataset/dmid/dmid_274.jpg,Suspicious Malignant,cancer,IMG275,test
dmid,Preprocessed_Dataset/dmid/dmid_275.jpg,Suspicious Malignant,cancer,IMG276,train
dmid,Preprocessed_Dataset/dmid/dmid_276.jpg,Suspicious Malignant,cancer,IMG277,train
dmid,Preprocessed_Dataset/dmid/dmid_277.jpg,Suspicious Malignant,cancer,IMG278,train
dmid,Preprocessed_Dataset/dmid/dmid_278.jpg,Suspicious Malignant,cancer,IMG279,train
dmid,Preprocessed_Dataset/dmid/dmid_279.jpg,Suspicious Malignant,cancer,IMG280,train
dmid,Preprocessed_Dataset/dmid/dmid_280.jpg,Suspicious Malignant,cancer,IMG281,train
dmid,Preprocessed_Dataset/dmid/dmid_281.jpg,Suspicious Malignant,cancer,IMG282,train
dmid,Preprocessed_Dataset/dmid/dmid_282.jpg,Suspicious Malignant,cancer,IMG283,test
dmid,Preprocessed_Dataset/dmid/dmid_283.jpg,Suspicious Malignant,cancer,IMG284,train
dmid,Preprocessed_Dataset/dmid/dmid_284.jpg,Suspicious Malignant,cancer,IMG285,train
dmid,Preprocessed_Dataset/dmid/dmid_285.jpg,Benign,non-cancer,IMG286,train
dmid,Preprocessed_Dataset/dmid/dmid_286.jpg,Suspicious Malignant,cancer,IMG287,val
dmid,Preprocessed_Dataset/dmid/dmid_287.jpg,Benign,non-cancer,IMG288,train
dmid,Preprocessed_Dataset/dmid/dmid_288.jpg,Normal,non-cancer,IMG289,train
dmid,Preprocessed_Dataset/dmid/dmid_289.jpg,Benign,non-cancer,IMG290,train
dmid,Preprocessed_Dataset/dmid/dmid_290.jpg,Benign,non-cancer,IMG291,train
dmid,Preprocessed_Dataset/dmid/dmid_291.jpg,Benign,non-cancer,IMG292,train
dmid,Preprocessed_Dataset/dmid/dmid_292.jpg,Normal,non-cancer,IMG293,test
dmid,Preprocessed_Dataset/dmid/dmid_293.jpg,Suspicious Malignant,cancer,IMG294,test
dmid,Preprocessed_Dataset/dmid/dmid_294.jpg,Suspicious Malignant,cancer,IMG295,train
dmid,Preprocessed_Dataset/dmid/dmid_295.jpg,Suspicious Malignant,cancer,IMG296,train
dmid,Preprocessed_Dataset/dmid/dmid_296.jpg,Suspicious Malignant,cancer,IMG297,train
dmid,Preprocessed_Dataset/dmid/dmid_297.jpg,Benign,non-cancer,IMG298,train
dmid,Preprocessed_Dataset/dmid/dmid_298.jpg,Benign,non-cancer,IMG299,test
dmid,Preprocessed_Dataset/dmid/dmid_299.jpg,Suspicious Malignant,cancer,IMG300,test
dmid,Preprocessed_Dataset/dmid/dmid_300.jpg,Suspicious Malignant,cancer,IMG301,train
dmid,Preprocessed_Dataset/dmid/dmid_301.jpg,Benign,non-cancer,IMG302,train
dmid,Preprocessed_Dataset/dmid/dmid_302.jpg,Suspicious Malignant,cancer,IMG303,train
dmid,Preprocessed_Dataset/dmid/dmid_303.jpg,Suspicious Malignant,cancer,IMG304,train
dmid,Preprocessed_Dataset/dmid/dmid_304.jpg,Suspicious Malignant,cancer,IMG305,train
dmid,Preprocessed_Dataset/dmid/dmid_305.jpg,Benign,non-cancer,IMG306,val
dmid,Preprocessed_Dataset/dmid/dmid_306.jpg,Benign,non-cancer,IMG307,train
dmid,Preprocessed_Dataset/dmid/dmid_307.jpg,Benign,non-cancer,IMG308,test
dmid,Preprocessed_Dataset/dmid/dmid_308.jpg,Benign,non-cancer,IMG309,test
dmid,Preprocessed_Dataset/dmid/dmid_309.jpg,Benign,non-cancer,IMG310,train
dmid,Preprocessed_Dataset/dmid/dmid_310.jpg,Benign,non-cancer,IMG311,train
dmid,Preprocessed_Dataset/dmid/dmid_311.jpg,Benign,non-cancer,IMG312,train
dmid,Preprocessed_Dataset/dmid/dmid_312.jpg,Normal,non-cancer,IMG313,train
dmid,Preprocessed_Dataset/dmid/dmid_313.jpg,Normal,non-cancer,IMG314,train
dmid,Preprocessed_Dataset/dmid/dmid_314.jpg,Suspicious Malignant,cancer,IMG315,train
dmid,Preprocessed_Dataset/dmid/dmid_315.jpg,Suspicious Malignant,cancer,IMG316,train
dmid,Preprocessed_Dataset/dmid/dmid_316.jpg,Suspicious Malignant,cancer,IMG317,train
dmid,Preprocessed_Dataset/dmid/dmid_317.jpg,Benign,non-cancer,IMG318,val
dmid,Preprocessed_Dataset/dmid/dmid_318.jpg,Benign,non-cancer,IMG319,train
dmid,Preprocessed_Dataset/dmid/dmid_319.jpg,Benign,non-cancer,IMG320,test
dmid,Preprocessed_Dataset/dmid/dmid_320.jpg,Normal,non-cancer,IMG321,val
dmid,Preprocessed_Dataset/dmid/dmid_321.jpg,Benign,non-cancer,IMG322,train
dmid,Preprocessed_Dataset/dmid/dmid_322.jpg,Benign,non-cancer,IMG323,train
dmid,Preprocessed_Dataset/dmid/dmid_323.jpg,Benign,non-cancer,IMG324,test
dmid,Preprocessed_Dataset/dmid/dmid_324.jpg,Benign,non-cancer,IMG325,train
dmid,Preprocessed_Dataset/dmid/dmid_325.jpg,Benign,non-cancer,IMG326,train
dmid,Preprocessed_Dataset/dmid/dmid_326.jpg,Benign,non-cancer,IMG327,val
dmid,Preprocessed_Dataset/dmid/dmid_327.jpg,Malignant,cancer,IMG328,val
dmid,Preprocessed_Dataset/dmid/dmid_328.jpg,Malignant,cancer,IMG329,test
dmid,Preprocessed_Dataset/dmid/dmid_329.jpg,Normal,non-cancer,IMG330,test
dmid,Preprocessed_Dataset/dmid/dmid_330.jpg,Malignant,cancer,IMG331,train
dmid,Preprocessed_Dataset/dmid/dmid_331.jpg,Normal,non-cancer,IMG332,train
dmid,Preprocessed_Dataset/dmid/dmid_332.jpg,Suspicious Malignant,cancer,IMG333,test
dmid,Preprocessed_Dataset/dmid/dmid_333.jpg,Normal,non-cancer,IMG334,val
dmid,Preprocessed_Dataset/dmid/dmid_334.jpg,Normal,non-cancer,IMG335,train
dmid,Preprocessed_Dataset/dmid/dmid_335.jpg,Normal,non-cancer,IMG336,train
dmid,Preprocessed_Dataset/dmid/dmid_336.jpg,Normal,non-cancer,IMG337,train
dmid,Preprocessed_Dataset/dmid/dmid_337.jpg,Normal,non-cancer,IMG338,test
dmid,Preprocessed_Dataset/dmid/dmid_338.jpg,Benign,non-cancer,IMG339,train
dmid,Preprocessed_Dataset/dmid/dmid_339.jpg,Normal,non-cancer,IMG340,train
dmid,Preprocessed_Dataset/dmid/dmid_340.jpg,Normal,non-cancer,IMG341,train
dmid,Preprocessed_Dataset/dmid/dmid_341.jpg,Benign,non-cancer,IMG342,train
dmid,Preprocessed_Dataset/dmid/dmid_342.jpg,Normal,non-cancer,IMG343,val
dmid,Preprocessed_Dataset/dmid/dmid_343.jpg,Normal,non-cancer,IMG344,train
dmid,Preprocessed_Dataset/dmid/dmid_344.jpg,Normal,non-cancer,IMG345,train
dmid,Preprocessed_Dataset/dmid/dmid_345.jpg,Normal,non-cancer,IMG346,test
dmid,Preprocessed_Dataset/dmid/dmid_346.jpg,Normal,non-cancer,IMG347,train
dmid,Preprocessed_Dataset/dmid/dmid_347.jpg,Normal,non-cancer,IMG348,train
dmid,Preprocessed_Dataset/dmid/dmid_348.jpg,Normal,non-cancer,IMG349,train
dmid,Preprocessed_Dataset/dmid/dmid_349.jpg,Normal,non-cancer,IMG350,test
dmid,Preprocessed_Dataset/dmid/dmid_350.jpg,Normal,non-cancer,IMG351,train
dmid,Preprocessed_Dataset/dmid/dmid_351.jpg,Normal,non-cancer,IMG352,train
dmid,Preprocessed_Dataset/dmid/dmid_352.jpg,Normal,non-cancer,IMG353,train
dmid,Preprocessed_Dataset/dmid/dmid_353.jpg,Normal,non-cancer,IMG354,train
dmid,Preprocessed_Dataset/dmid/dmid_354.jpg,Benign,non-cancer,IMG355,train
dmid,Preprocessed_Dataset/dmid/dmid_355.jpg,Benign,non-cancer,IMG356,train
dmid,Preprocessed_Dataset/dmid/dmid_356.jpg,Benign,non-cancer,IMG357,train
dmid,Preprocessed_Dataset/dmid/dmid_357.jpg,Benign,non-cancer,IMG358,train
dmid,Preprocessed_Dataset/dmid/dmid_358.jpg,Normal,non-cancer,IMG359,test
dmid,Preprocessed_Dataset/dmid/dmid_359.jpg,Benign,non-cancer,IMG360,val
dmid,Preprocessed_Dataset/dmid/dmid_360.jpg,Normal,non-cancer,IMG361,val
dmid,Preprocessed_Dataset/dmid/dmid_361.jpg,Benign,non-cancer,IMG362,train
dmid,Preprocessed_Dataset/dmid/dmid_362.jpg,Normal,non-cancer,IMG363,train
dmid,Preprocessed_Dataset/dmid/dmid_363.jpg,Normal,non-cancer,IMG364,train
dmid,Preprocessed_Dataset/dmid/dmid_364.jpg,Normal,non-cancer,IMG365,train
dmid,Preprocessed_Dataset/dmid/dmid_365.jpg,Normal,non-cancer,IMG366,train
dmid,Preprocessed_Dataset/dmid/dmid_366.jpg,Benign,non-cancer,IMG367,val
dmid,Preprocessed_Dataset/dmid/dmid_367.jpg,Normal,non-cancer,IMG368,train
dmid,Preprocessed_Dataset/dmid/dmid_368.jpg,Benign,non-cancer,IMG369,train
dmid,Preprocessed_Dataset/dmid/dmid_369.jpg,Suspicious Malignant,cancer,IMG370,val
dmid,Preprocessed_Dataset/dmid/dmid_370.jpg,Normal,non-cancer,IMG371,train
dmid,Preprocessed_Dataset/dmid/dmid_371.jpg,Normal,non-cancer,IMG372,train
dmid,Preprocessed_Dataset/dmid/dmid_372.jpg,Normal,non-cancer,IMG373,train
dmid,Preprocessed_Dataset/dmid/dmid_373.jpg,Normal,non-cancer,IMG374,train
dmid,Preprocessed_Dataset/dmid/dmid_374.jpg,Normal,non-cancer,IMG375,test
dmid,Preprocessed_Dataset/dmid/dmid_375.jpg,Normal,non-cancer,IMG376,test
dmid,Preprocessed_Dataset/dmid/dmid_376.jpg,Normal,non-cancer,IMG377,val
dmid,Preprocessed_Dataset/dmid/dmid_377.jpg,Normal,non-cancer,IMG378,val
dmid,Preprocessed_Dataset/dmid/dmid_378.jpg,Normal,non-cancer,IMG379,train
dmid,Preprocessed_Dataset/dmid/dmid_379.jpg,Normal,non-cancer,IMG380,train
dmid,Preprocessed_Dataset/dmid/dmid_380.jpg,Normal,non-cancer,IMG381,train
dmid,Preprocessed_Dataset/dmid/dmid_381.jpg,Normal,non-cancer,IMG382,train
dmid,Preprocessed_Dataset/dmid/dmid_382.jpg,Benign,non-cancer,IMG383,train
dmid,Preprocessed_Dataset/dmid/dmid_383.jpg,Normal,non-cancer,IMG384,train
dmid,Preprocessed_Dataset/dmid/dmid_384.jpg,Benign,non-cancer,IMG385,train
dmid,Preprocessed_Dataset/dmid/dmid_385.jpg,Normal,non-cancer,IMG386,train
dmid,Preprocessed_Dataset/dmid/dmid_386.jpg,Normal,non-cancer,IMG387,val
dmid,Preprocessed_Dataset/dmid/dmid_387.jpg,Normal,non-cancer,IMG388,val
dmid,Preprocessed_Dataset/dmid/dmid_388.jpg,Normal,non-cancer,IMG389,train
dmid,Preprocessed_Dataset/dmid/dmid_389.jpg,Normal,non-cancer,IMG390,train
dmid,Preprocessed_Dataset/dmid/dmid_390.jpg,Normal,non-cancer,IMG391,test
dmid,Preprocessed_Dataset/dmid/dmid_391.jpg,Normal,non-cancer,IMG392,train
dmid,Preprocessed_Dataset/dmid/dmid_392.jpg,Normal,non-cancer,IMG393,test
dmid,Preprocessed_Dataset/dmid/dmid_393.jpg,Benign,non-cancer,IMG394,train
dmid,Preprocessed_Dataset/dmid/dmid_394.jpg,Normal,non-cancer,IMG395,val
dmid,Preprocessed_Dataset/dmid/dmid_395.jpg,Normal,non-cancer,IMG396,train
dmid,Preprocessed_Dataset/dmid/dmid_396.jpg,Normal,non-cancer,IMG397,train
dmid,Preprocessed_Dataset/dmid/dmid_397.jpg,Normal,non-cancer,IMG398,train
dmid,Preprocessed_Dataset/dmid/dmid_398.jpg,Normal,non-cancer,IMG399,test
dmid,Preprocessed_Dataset/dmid/dmid_399.jpg,Normal,non-cancer,IMG400,train
dmid,Preprocessed_Dataset/dmid/dmid_400.jpg,Suspicious Malignant,cancer,IMG401,val
dmid,Preprocessed_Dataset/dmid/dmid_401.jpg,Suspicious Malignant,cancer,IMG402,train
dmid,Preprocessed_Dataset/dmid/dmid_402.jpg,Benign,non-cancer,IMG403,train
dmid,Preprocessed_Dataset/dmid/dmid_403.jpg,Suspicious Malignant,cancer,IMG404,train
dmid,Preprocessed_Dataset/dmid/dmid_404.jpg,Benign,non-cancer,IMG405,train
dmid,Preprocessed_Dataset/dmid/dmid_405.jpg,Benign,non-cancer,IMG406,val
dmid,Preprocessed_Dataset/dmid/dmid_406.jpg,Benign,non-cancer,IMG407,train
dmid,Preprocessed_Dataset/dmid/dmid_407.jpg,Benign,non-cancer,IMG408,val
dmid,Preprocessed_Dataset/dmid/dmid_408.jpg,Benign,non-cancer,IMG409,train
dmid,Preprocessed_Dataset/dmid/dmid_409.jpg,Benign,non-cancer,IMG410,val
dmid,Preprocessed_Dataset/dmid/dmid_410.jpg,Suspicious Malignant,cancer,IMG411,train
dmid,Preprocessed_Dataset/dmid/dmid_411.jpg,Suspicious Malignant,cancer,IMG412,train
dmid,Preprocessed_Dataset/dmid/dmid_412.jpg,Malignant,cancer,IMG413,train
dmid,Preprocessed_Dataset/dmid/dmid_413.jpg,Malignant,cancer,IMG414,train
dmid,Preprocessed_Dataset/dmid/dmid_414.jpg,Benign,non-cancer,IMG415,test
dmid,Preprocessed_Dataset/dmid/dmid_415.jpg,Benign,non-cancer,IMG416,train
dmid,Preprocessed_Dataset/dmid/dmid_416.jpg,Suspicious Malignant,cancer,IMG417,val
dmid,Preprocessed_Dataset/dmid/dmid_417.jpg,Suspicious Malignant,cancer,IMG418,train
dmid,Preprocessed_Dataset/dmid/dmid_418.jpg,Benign,non-cancer,IMG419,train
dmid,Preprocessed_Dataset/dmid/dmid_419.jpg,Benign,non-cancer,IMG420,test
dmid,Preprocessed_Dataset/dmid/dmid_420.jpg,Benign,non-cancer,IMG421,test
dmid,Preprocessed_Dataset/dmid/dmid_421.jpg,Benign,non-cancer,IMG422,val
dmid,Preprocessed_Dataset/dmid/dmid_422.jpg,Benign,non-cancer,IMG423,train
dmid,Preprocessed_Dataset/dmid/dmid_423.jpg,Benign,non-cancer,IMG424,train
dmid,Preprocessed_Dataset/dmid/dmid_424.jpg,Benign,non-cancer,IMG425,train
dmid,Preprocessed_Dataset/dmid/dmid_425.jpg,Benign,non-cancer,IMG426,test
dmid,Preprocessed_Dataset/dmid/dmid_426.jpg,Suspicious Malignant,cancer,IMG427,train
dmid,Preprocessed_Dataset/dmid/dmid_427.jpg,Suspicious Malignant,cancer,IMG428,val
dmid,Preprocessed_Dataset/dmid/dmid_428.jpg,Suspicious Malignant,cancer,IMG429,test
dmid,Preprocessed_Dataset/dmid/dmid_429.jpg,Suspicious Malignant,cancer,IMG430,test
dmid,Preprocessed_Dataset/dmid/dmid_430.jpg,Benign,non-cancer,IMG431,train
dmid,Preprocessed_Dataset/dmid/dmid_431.jpg,Benign,non-cancer,IMG432,test
dmid,Preprocessed_Dataset/dmid/dmid_432.jpg,Benign,non-cancer,IMG433,test
dmid,Preprocessed_Dataset/dmid/dmid_433.jpg,Benign,non-cancer,IMG434,train
dmid,Preprocessed_Dataset/dmid/dmid_434.jpg,Suspicious Malignant,cancer,IMG435,val
dmid,Preprocessed_Dataset/dmid/dmid_435.jpg,Suspicious Malignant,cancer,IMG436,test
dmid,Preprocessed_Dataset/dmid/dmid_436.jpg,Benign,non-cancer,IMG437,train
dmid,Preprocessed_Dataset/dmid/dmid_437.jpg,Benign,non-cancer,IMG438,train
dmid,Preprocessed_Dataset/dmid/dmid_438.jpg,Benign,non-cancer,IMG439,train
dmid,Preprocessed_Dataset/dmid/dmid_439.jpg,Benign,non-cancer,IMG440,train
dmid,Preprocessed_Dataset/dmid/dmid_440.jpg,Benign,non-cancer,IMG441,train
dmid,Preprocessed_Dataset/dmid/dmid_441.jpg,Benign,non-cancer,IMG442,train
dmid,Preprocessed_Dataset/dmid/dmid_442.jpg,Suspicious Malignant,cancer,IMG443,test
dmid,Preprocessed_Dataset/dmid/dmid_443.jpg,Suspicious Malignant,cancer,IMG444,train
dmid,Preprocessed_Dataset/dmid/dmid_444.jpg,Malignant,cancer,IMG445,train
dmid,Preprocessed_Dataset/dmid/dmid_445.jpg,Malignant,cancer,IMG446,train
dmid,Preprocessed_Dataset/dmid/dmid_446.jpg,Suspicious Malignant,cancer,IMG447,train
dmid,Preprocessed_Dataset/dmid/dmid_447.jpg,Malignant,cancer,IMG448,train
dmid,Preprocessed_Dataset/dmid/dmid_448.jpg,Malignant,cancer,IMG449,train
dmid,Preprocessed_Dataset/dmid/dmid_449.jpg,Suspicious Malignant,cancer,IMG450,train
dmid,Preprocessed_Dataset/dmid/dmid_450.jpg,Suspicious Malignant,cancer,IMG451,train
dmid,Preprocessed_Dataset/dmid/dmid_451.jpg,Suspicious Malignant,cancer,IMG452,test
dmid,Preprocessed_Dataset/dmid/dmid_452.jpg,Suspicious Malignant,cancer,IMG453,train
dmid,Preprocessed_Dataset/dmid/dmid_453.jpg,Malignant,cancer,IMG454,train
dmid,Preprocessed_Dataset/dmid/dmid_454.jpg,Malignant,cancer,IMG455,train
dmid,Preprocessed_Dataset/dmid/dmid_455.jpg,Benign,non-cancer,IMG456,train
dmid,Preprocessed_Dataset/dmid/dmid_456.jpg,Suspicious Malignant,cancer,IMG457,train
dmid,Preprocessed_Dataset/dmid/dmid_457.jpg,Suspicious Malignant,cancer,IMG458,test
dmid,Preprocessed_Dataset/dmid/dmid_458.jpg,Benign,non-cancer,IMG459,train
dmid,Preprocessed_Dataset/dmid/dmid_459.jpg,Benign,non-cancer,IMG460,train
dmid,Preprocessed_Dataset/dmid/dmid_460.jpg,Normal,non-cancer,IMG461,val
dmid,Preprocessed_Dataset/dmid/dmid_461.jpg,Normal,non-cancer,IMG462,train
dmid,Preprocessed_Dataset/dmid/dmid_462.jpg,Normal,non-cancer,IMG463,train
dmid,Preprocessed_Dataset/dmid/dmid_463.jpg,Normal,non-cancer,IMG464,test
dmid,Preprocessed_Dataset/dmid/dmid_464.jpg,Benign,non-cancer,IMG465,train
dmid,Preprocessed_Dataset/dmid/dmid_465.jpg,Benign,non-cancer,IMG466,test
dmid,Preprocessed_Dataset/dmid/dmid_466.jpg,Benign,non-cancer,IMG467,train
dmid,Preprocessed_Dataset/dmid/dmid_467.jpg,Benign,non-cancer,IMG468,test
dmid,Preprocessed_Dataset/dmid/dmid_468.jpg,Benign,non-cancer,IMG469,train
dmid,Preprocessed_Dataset/dmid/dmid_469.jpg,Benign,non-cancer,IMG470,train
dmid,Preprocessed_Dataset/dmid/dmid_470.jpg,Suspicious Malignant,cancer,IMG471,train
dmid,Preprocessed_Dataset/dmid/dmid_471.jpg,Suspicious Malignant,cancer,IMG472,train
dmid,Preprocessed_Dataset/dmid/dmid_472.jpg,Suspicious Malignant,cancer,IMG473,train
dmid,Preprocessed_Dataset/dmid/dmid_473.jpg,Suspicious Malignant,cancer,IMG474,train
dmid,Preprocessed_Dataset/dmid/dmid_474.jpg,Suspicious Malignant,cancer,IMG475,test
dmid,Preprocessed_Dataset/dmid/dmid_475.jpg,Suspicious Malignant,cancer,IMG476,train
dmid,Preprocessed_Dataset/dmid/dmid_476.jpg,Benign,non-cancer,IMG477,train
dmid,Preprocessed_Dataset/dmid/dmid_477.jpg,Benign,non-cancer,IMG478,train
dmid,Preprocessed_Dataset/dmid/dmid_478.jpg,Suspicious Malignant,cancer,IMG479,val
dmid,Preprocessed_Dataset/dmid/dmid_479.jpg,Suspicious Malignant,cancer,IMG480,train
dmid,Preprocessed_Dataset/dmid/dmid_480.jpg,Benign,non-cancer,IMG481,val
dmid,Preprocessed_Dataset/dmid/dmid_481.jpg,Benign,non-cancer,IMG482,test
dmid,Preprocessed_Dataset/dmid/dmid_482.jpg,Suspicious Malignant,cancer,IMG483,val
dmid,Preprocessed_Dataset/dmid/dmid_483.jpg,Suspicious Malignant,cancer,IMG484,train
dmid,Preprocessed_Dataset/dmid/dmid_484.jpg,Malignant,cancer,IMG485,train
dmid,Preprocessed_Dataset/dmid/dmid_485.jpg,Suspicious Malignant,cancer,IMG486,train
dmid,Preprocessed_Dataset/dmid/dmid_486.jpg,Suspicious Malignant,cancer,IMG487,val
dmid,Preprocessed_Dataset/dmid/dmid_487.jpg,Malignant,cancer,IMG488,train
dmid,Preprocessed_Dataset/dmid/dmid_488.jpg,Malignant,cancer,IMG489,test
dmid,Preprocessed_Dataset/dmid/dmid_489.jpg,Malignant,cancer,IMG490,train
dmid,Preprocessed_Dataset/dmid/dmid_490.jpg,Malignant,cancer,IMG491,val
dmid,Preprocessed_Dataset/dmid/dmid_491.jpg,Suspicious Malignant,cancer,IMG492,train
dmid,Preprocessed_Dataset/dmid/dmid_492.jpg,Suspicious Malignant,cancer,IMG493,train
dmid,Preprocessed_Dataset/dmid/dmid_493.jpg,Benign,non-cancer,IMG494,val
dmid,Preprocessed_Dataset/dmid/dmid_494.jpg,Benign,non-cancer,IMG495,val
dmid,Preprocessed_Dataset/dmid/dmid_495.jpg,Suspicious Malignant,cancer,IMG496,val
dmid,Preprocessed_Dataset/dmid/dmid_496.jpg,Benign,non-cancer,IMG497,train
dmid,Preprocessed_Dataset/dmid/dmid_497.jpg,Benign,non-cancer,IMG498,val
dmid,Preprocessed_Dataset/dmid/dmid_498.jpg,Benign,non-cancer,IMG499,train
dmid,Preprocessed_Dataset/dmid/dmid_499.jpg,Benign,non-cancer,IMG500,train
dmid,Preprocessed_Dataset/dmid/dmid_500.jpg,Malignant,cancer,IMG501,train
dmid,Preprocessed_Dataset/dmid/dmid_501.jpg,Malignant,cancer,IMG502,val
dmid,Preprocessed_Dataset/dmid/dmid_502.jpg,Normal,non-cancer,IMG503,test
dmid,Preprocessed_Dataset/dmid/dmid_503.jpg,Normal,non-cancer,IMG504,train
dmid,Preprocessed_Dataset/dmid/dmid_504.jpg,Normal,non-cancer,IMG505,train
dmid,Preprocessed_Dataset/dmid/dmid_505.jpg,Normal,non-cancer,IMG506,train
dmid,Preprocessed_Dataset/dmid/dmid_506.jpg,Normal,non-cancer,IMG507,train
dmid,Preprocessed_Dataset/dmid/dmid_507.jpg,Benign,non-cancer,IMG508,val
dmid,Preprocessed_Dataset/dmid/dmid_508.jpg,Normal,non-cancer,IMG509,train
dmid,Preprocessed_Dataset/dmid/dmid_509.jpg,Normal,non-cancer,IMG510,test
